key	en	zh-CN	zh-TW	de	fr	ko	ja	es	pt-BR	ru	tr
Select game objects in the world	Select game objects in the world	在世界中选择游戏物品	在世界中選擇遊戲物件	Spielobjekte in der Welt auswählen	Sélectionner les objets du jeu dans le monde	월드에서 게임 오브젝트 선택	ワールド内のゲームオブジェクトを選択	Seleccionar objetos del juego en el mundo	Selecionar objetos do jogo no mundo	Выбирать игровые объекты в мире	Dünyadaki oyun nesnelerini seç
Off by default. Click a game object to edit it; changes are saved in World overrides.	Off by default. Click a game object to edit it; changes are saved in World overrides.	默认关闭。点击游戏物品即可编辑；修改会保存到世界覆盖记录。	預設關閉。點擊遊戲物件即可編輯；修改會儲存到世界覆蓋記錄。	Standardmäßig aus. Klicke auf ein Spielobjekt, um es zu bearbeiten; Änderungen werden als Welt-Overrides gespeichert.	Désactivé par défaut. Cliquez sur un objet du jeu pour le modifier ; les changements sont enregistrés dans les remplacements du monde.	기본적으로 꺼져 있습니다. 게임 오브젝트를 클릭해 편집하면 변경 사항이 월드 오버라이드에 저장됩니다.	初期状態ではオフです。ゲームオブジェクトをクリックして編集すると、変更はワールド上書きに保存されます。	Desactivado por defecto. Haz clic en un objeto para editarlo; los cambios se guardan en las modificaciones del mundo.	Desativado por padrão. Clique em um objeto para editá-lo; as mudanças são salvas nas substituições do mundo.	По умолчанию выключено. Нажмите на игровой объект для изменения; правки сохраняются в переопределениях мира.	Varsayılan olarak kapalıdır. Düzenlemek için bir oyun nesnesine tıklayın; değişiklikler dünya geçersiz kılmalarına kaydedilir.
%d game objects captured, %d nearby	%d game objects captured, %d nearby	已捕获 %d 个游戏物品，附近 %d 个	已擷取 %d 個遊戲物件，附近 %d 個	%d Spielobjekte erfasst, %d in der Nähe	%d objets du jeu détectés, %d à proximité	게임 오브젝트 %d개 포착, 근처 %d개	ゲームオブジェクトを%d個検出、近くに%d個	%d objetos del juego detectados, %d cercanos	%d objetos do jogo capturados, %d próximos	Обнаружено игровых объектов: %d, рядом: %d	%d oyun nesnesi yakalandı, yakında %d
Original game object	Original game object	游戏原生物品	遊戲原生物件	Originales Spielobjekt	Objet du jeu d'origine	원본 게임 오브젝트	元のゲームオブジェクト	Objeto original del juego	Objeto original do jogo	Исходный игровой объект	Orijinal oyun nesnesi
World override (saved)	World override (saved)	世界覆盖记录（已保存）	世界覆蓋記錄（已儲存）	Welt-Override (gespeichert)	Remplacement du monde (enregistré)	월드 오버라이드 (저장됨)	ワールド上書き（保存済み）	Modificación del mundo (guardada)	Substituição do mundo (salva)	Переопределение мира (сохранено)	Dünya geçersiz kılması (kaydedildi)
yaw / pitch / roll	yaw / pitch / roll	偏航 / 俯仰 / 翻滚	偏航 / 俯仰 / 翻滾	Gieren / Nicken / Rollen	Lacet / tangage / roulis	요 / 피치 / 롤	ヨー / ピッチ / ロール	Guiñada / cabeceo / alabeo	Guinada / arfagem / rolagem	Рыскание / тангаж / крен	Sapma / yunuslama / yalpa
Apply world edit	Apply world edit	应用世界编辑	套用世界編輯	Weltbearbeitung anwenden	Appliquer la modification du monde	월드 편집 적용	ワールド編集を適用	Aplicar edición del mundo	Aplicar edição do mundo	Применить изменение мира	Dünya düzenlemesini uygula
Restore original	Restore original	恢复原样	恢復原樣	Original wiederherstellen	Rétablir l'original	원본 복원	元に戻す	Restaurar original	Restaurar original	Восстановить оригинал	Orijinali geri yükle
Saved edits to game objects; matched by prefab and original position when the world loads.	Saved edits to game objects; matched by prefab and original position when the world loads.	游戏物品的已保存修改；世界加载时按预制体和原始位置匹配。	遊戲物件的已儲存修改；世界載入時依預製件和原始位置比對。	Gespeicherte Änderungen an Spielobjekten; beim Laden nach Prefab und ursprünglicher Position zugeordnet.	Modifications enregistrées des objets du jeu ; associées par préfabriqué et position d'origine au chargement.	게임 오브젝트에 저장된 편집이며 월드 로드 시 프리팹과 원래 위치로 일치 여부를 확인합니다.	ゲームオブジェクトの保存済み編集です。読み込み時にプレハブと元の位置で照合します。	Cambios guardados de objetos del juego; se identifican por prefab y posición original al cargar el mundo.	Alterações salvas dos objetos do jogo; correspondência por prefab e posição original ao carregar o mundo.	Сохранённые изменения игровых объектов; при загрузке сопоставляются по префабу и исходной позиции.	Oyun nesnelerinin kayıtlı düzenlemeleri; dünya yüklenirken prefab ve özgün konumla eşleştirilir.
Language	Language	语言	語言	Sprache	Langue	언어	言語	Idioma	Idioma	Язык	Dil
World Builder [%s]	World Builder [%s]	世界编辑器 [%s]	世界編輯器 [%s]	World Builder [%s]	World Builder [%s]	월드 빌더 [%s]	ワールドビルダー [%s]	World Builder [%s]	World Builder [%s]	World Builder [%s]	World Builder [%s]
World Builder v%s [%s] %s = %s, %s = hide	World Builder v%s [%s] %s = %s, %s = hide	世界编辑器 v%s [%s] %s = %s，%s = 隐藏	世界編輯器 v%s [%s] %s = %s，%s = 隱藏	World Builder v%s [%s] %s = %s, %s = ausblenden	World Builder v%s [%s] %s = %s, %s = masquer	World Builder v%s [%s] %s = %s, %s = 숨기기	World Builder v%s [%s] %s = %s、%s = 非表示	World Builder v%s [%s] %s = %s, %s = ocultar	World Builder v%s [%s] %s = %s, %s = ocultar	World Builder v%s [%s] %s = %s, %s = скрыть	World Builder v%s [%s] %s = %s, %s = gizle
Browser	Browser	浏览	瀏覽	Browser	Navigateur	브라우저	ブラウザー	Navegador	Navegador	Каталог	Tarayıcı
Scene	Scene	场景	場景	Szene	Scène	장면	シーン	Escena	Cena	Сцена	Sahne
Project	Project	项目	專案	Projekt	Projet	프로젝트	プロジェクト	Proyecto	Projeto	Проект	Proje
Settings	Settings	设置	設定	Einstellungen	Paramètres	설정	設定	Ajustes	Configurações	Настройки	Ayarlar
Log	Log	日志	記錄	Protokoll	Journal	로그	ログ	Registro	Registro	Журнал	Kayıt
Travel	Travel	传送	傳送	Reisen	Déplacement	이동	移動	Viaje	Viagem	Перемещение	Seyahat
Travel here	Travel here	传送到这里	傳送到這裡	Hierher reisen	Voyager ici	여기로 이동	ここへ移動	Viajar aquí	Viajar até aqui	Переместиться сюда	Buraya seyahat et
PLAY	PLAY	游玩	遊玩	SPIELEN	JOUER	플레이	プレイ	JUGAR	JOGAR	ИГРА	OYNA
EDIT	EDIT	编辑	編輯	BEARBEITEN	ÉDITER	편집	編集	EDITAR	EDITAR	РЕДАКТИРОВАТЬ	DÜZENLE
PLAY MODE	PLAY MODE	游玩模式	遊玩模式	SPIELMODUS	MODE JEU	플레이 모드	プレイモード	MODO JUEGO	MODO JOGO	РЕЖИМ ИГРЫ	OYUN MODU
EDIT MODE	EDIT MODE	编辑模式	編輯模式	BEARBEITUNGSMODUS	MODE ÉDITION	편집 모드	編集モード	MODO EDICIÓN	MODO EDIÇÃO	РЕЖИМ РЕДАКТИРОВАНИЯ	DÜZENLEME MODU
edit	edit	编辑	編輯	Bearbeiten	éditer	편집	編集	editar	editar	редактирование	düzenle
play	play	游玩	遊玩	Spielen	jouer	플레이	プレイ	jugar	jogar	играть	oyna
back to editing	back to editing	返回编辑	返回編輯	zurück zum Bearbeiten	reprendre l’édition	편집으로 돌아가기	編集に戻る	volver a editar	voltar à edição	вернуться к редактированию	düzenlemeye dön
play mode	play mode	游玩模式	遊玩模式	Spielmodus	mode jeu	플레이 모드	プレイモード	modo juego	modo de jogo	режим игры	oyun modu
CATEGORIES	CATEGORIES	分类	分類	KATEGORIEN	CATÉGORIES	카테고리	カテゴリー	CATEGORÍAS	CATEGORIAS	КАТЕГОРИИ	KATEGORİLER
COLLECTIONS	COLLECTIONS	收藏集	收藏集	SAMMLUNGEN	COLLECTIONS	컬렉션	コレクション	COLECCIONES	COLEÇÕES	КОЛЛЕКЦИИ	KOLEKSİYONLAR
your own named prefab lists; add the selected prefab from the details panel	your own named prefab lists; add the selected prefab from the details panel	自定义命名的预制件列表；可从详情面板添加所选预制件	自訂命名的預製件清單；可從詳細資訊面板加入所選預製件	Eigene benannte Prefab-Listen; füge das ausgewählte Prefab im Detailbereich hinzu	Vos listes de prefabs ; ajoutez le prefab sélectionné depuis le panneau de détails	이름을 지정한 프리팹 목록입니다. 세부 정보 패널에서 선택한 프리팹을 추가하세요	名前を付けたPrefabリストです。詳細パネルから選択中のPrefabを追加できます	Listas propias de prefabs; añade el seleccionado desde el panel de detalles	Listas próprias de prefabs; adicione o selecionado pelo painel de detalhes	Именованные списки префабов; добавляйте выбранный префаб на панели сведений	Adlandırılmış prefab listeleriniz; seçili prefabı ayrıntılar panelinden ekleyin
drag the right edge of this pane to resize it	drag the right edge of this pane to resize it	拖动此面板右边缘可调整大小	拖曳此面板右側邊緣可調整大小	Ziehe den rechten Rand dieses Bereichs, um die Größe zu ändern	Faites glisser le bord droit de ce panneau pour le redimensionner	패널 오른쪽 가장자리를 끌어 크기를 조정하세요	このペインの右端をドラッグしてサイズを変更します	Arrastra el borde derecho de este panel para cambiar su tamaño	Arraste a borda direita deste painel para redimensioná-lo	Перетащите правый край панели, чтобы изменить её размер	Boyutunu değiştirmek için bu panelin sağ kenarını sürükleyin
delete collection	delete collection	删除收藏集	刪除收藏集	Sammlung löschen	Supprimer la collection	컬렉션 삭제	コレクションを削除	Eliminar colección	Excluir coleção	Удалить коллекцию	Koleksiyonu sil
new collection	new collection	新建收藏集	新增收藏集	Neue Sammlung	Nouvelle collection	새 컬렉션	新しいコレクション	Nueva colección	Nova coleção	Новая коллекция	Yeni koleksiyon
add	add	添加	新增	Hinzufügen	Ajouter	추가	追加	Añadir	Adicionar	Добавить	Ekle
clear	clear	清除	清除	Leeren	Effacer	지우기	クリア	Limpiar	Limpar	Очистить	Temizle
list	list	列表	清單	Liste	Liste	목록	リスト	Lista	Lista	Список	Liste
cards	cards	卡片	卡片	Karten	Cartes	카드	カード	Tarjetas	Cartões	Карточки	Kartlar
favorites	favorites	收藏	我的最愛	Favoriten	Favoris	즐겨찾기	お気に入り	Favoritos	Favoritos	Избранное	Favoriler
favorites only	favorites only	仅显示收藏	僅顯示我的最愛	Nur Favoriten	Favoris uniquement	즐겨찾기만 표시	お気に入りのみ	Solo favoritos	Somente favoritos	Только избранное	Yalnızca favoriler
meshes	meshes	网格	網格	Meshes	Maillages	메시	メッシュ	Mallas	Malhas	Меши	Meshler
meshes only	meshes only	仅显示网格	僅顯示網格	Nur Meshes	Maillages uniquement	메시만 표시	メッシュのみ	Solo mallas	Somente malhas	Только меши	Yalnızca meshler
search  (words in any order, e.g. lamp torch)	search  (words in any order, e.g. lamp torch)	搜索（词语顺序不限，例如 lamp torch）	搜尋（詞語順序不限，例如 lamp torch）	Suche (Wörter in beliebiger Reihenfolge, z. B. lamp torch)	Rechercher (mots dans n’importe quel ordre, p. ex. lamp torch)	검색(단어 순서는 상관없음, 예: lamp torch)	検索（語順不問、例：lamp torch）	Buscar (palabras en cualquier orden, p. ej., lamp torch)	Buscar (palavras em qualquer ordem, ex.: lamp torch)	Поиск (слова в любом порядке, например lamp torch)	Ara (kelimeler herhangi bir sırada, ör. lamp torch)
search  (words in any order)	search  (words in any order)	搜索（词语顺序不限）	搜尋（詞語順序不限）	Suche (Wörter in beliebiger Reihenfolge)	Rechercher (mots dans n’importe quel ordre)	검색(단어 순서는 상관없음)	検索（語順不問）	Buscar (palabras en cualquier orden)	Buscar (palavras em qualquer ordem)	Поиск (слова в любом порядке)	Ara (kelimeler herhangi bir sırada)
name	name	名称	名稱	Name	Nom	이름	名前	Nombre	Nome	Имя	Ad
folder	folder	文件夹	資料夾	Ordner	Dossier	폴더	フォルダー	Carpeta	Pasta	Папка	Klasör
tags	tags	标签	標籤	Tags	Tags	태그	タグ	Etiquetas	Tags	Теги	Etiketler
nothing matches: fewer words, another category, or turn off 'favorites' / 'meshes only' / the tag filters ('clear' resets all).	nothing matches: fewer words, another category, or turn off 'favorites' / 'meshes only' / the tag filters ('clear' resets all).	没有匹配项：试试减少搜索词、更换分类，或关闭“收藏”“仅网格”和标签筛选（“清除”会重置所有筛选）。	找不到相符項目：試著減少搜尋詞、更換分類，或關閉「我的最愛」、「僅網格」與標籤篩選（「清除」會重設所有篩選）。	Keine Treffer: weniger Suchbegriffe, andere Kategorie oder Favoriten-, Mesh- und Tagfilter ausschalten („Leeren“ setzt alles zurück).	Aucun résultat : réduisez les mots, changez de catégorie ou désactivez les favoris, les maillages ou les filtres de tags (« Effacer » réinitialise tout).	일치 항목이 없습니다. 검색어를 줄이거나 다른 카테고리를 선택하고 즐겨찾기/메시/태그 필터를 끄세요(지우기로 모두 초기화).	一致する項目がありません。検索語を減らすかカテゴリを変え、お気に入り／メッシュ／タグのフィルターを解除してください（クリアでリセット）。	Sin coincidencias: usa menos palabras, cambia de categoría o desactiva favoritos, mallas o filtros de etiquetas (limpiar restablece todo).	Nada corresponde: use menos palavras, outra categoria ou filtros de favoritos, malhas ou tags (limpar redefine tudo).	Совпадений нет: сократите запрос, выберите другую категорию или отключите фильтры избранного, мешей и тегов («Очистить» сбрасывает всё).	Eşleşme yok: daha az kelime kullanın, başka kategori seçin veya favori, mesh ve etiket filtrelerini kapatın (Temizle tümünü sıfırlar).
%d results	%d results	%d 个结果	%d 個結果	%d Ergebnisse	%d résultats	결과 %d개	%d 件の結果	%d resultados	%d resultados	Результатов: %d	%d sonuç
%d cards per row	%d cards per row	每行 %d 张卡片	每列 %d 張卡片	%d Karten pro Zeile	%d cartes par ligne	한 줄에 카드 %d개	1行に%d枚	%d tarjetas por fila	%d cartões por linha	Карточек в строке: %d	Satır başına %d kart
remove from	remove from	从此收藏集移除：	從此收藏集移除：	Aus dieser Sammlung entfernen:	Retirer de cette collection :	이 컬렉션에서 제거:	このコレクションから削除：	Quitar de esta colección:	Remover desta coleção:	Удалить из этой коллекции:	Bu koleksiyondan kaldır:
add to	add to	添加到收藏集：	加入收藏集：	Zu Sammlung hinzufügen:	Ajouter à la collection :	컬렉션에 추가:	コレクションに追加：	Añadir a colección:	Adicionar à coleção:	Добавить в коллекцию:	Koleksiyona ekle:
add favorite	add favorite	添加收藏	加入我的最愛	Zu Favoriten hinzufügen	Ajouter aux favoris	즐겨찾기에 추가	お気に入りに追加	Añadir a favoritos	Adicionar aos favoritos	Добавить в избранное	Favorilere ekle
remove favorite	remove favorite	取消收藏	移除我的最愛	Aus Favoriten entfernen	Retirer des favoris	즐겨찾기에서 제거	お気に入りから削除	Quitar de favoritos	Remover dos favoritos	Убрать из избранного	Favorilerden kaldır
render preview again	render preview again	重新渲染预览图	重新算繪預覽圖	Vorschaubild neu rendern	Regénérer l’aperçu	미리보기 다시 렌더링	プレビューを再レンダリング	Volver a generar la vista previa	Gerar a pré-visualização novamente	Перерисовать превью	Önizlemeyi yeniden oluştur
prefab	prefab	预制体	預製物件	Prefab	Prefab	프리팹	プレハブ	Prefab	Prefab	Префаб	Prefab
   updating %d / %d	   updating %d / %d	   更新中 %d / %d	   更新中 %d / %d	   Aktualisierung %d / %d	   mise à jour %d / %d	   갱신 %d / %d	   更新中 %d / %d	   actualizando %d / %d	   atualizando %d / %d	   обновление %d / %d	   güncelleniyor %d / %d
Updating existing previews with the improved renderer: %d of %d. Tiles on screen are updated first.	Updating existing previews with the improved renderer: %d of %d. Tiles on screen are updated first.	正在用改进的渲染器更新现有预览：共 %d 个，已更新 %d 个。屏幕上的卡片优先更新。	正在以改良的算繪器更新現有預覽：共 %d 個，已更新 %d 個。螢幕上的卡片優先更新。	Vorhandene Vorschauen werden mit dem verbesserten Renderer aktualisiert: %d von %d. Sichtbare Kacheln werden zuerst aktualisiert.	Mise à jour des aperçus existants avec le moteur amélioré : %d sur %d. Les vignettes visibles sont mises à jour en premier.	개선된 렌더러로 기존 미리보기를 갱신하는 중: 전체 %d개 중 %d개. 화면의 타일이 먼저 갱신됩니다.	改良したレンダラーで既存のプレビューを更新中：全%d個中%d個。画面上のタイルが先に更新されます。	Actualizando vistas previas existentes con el renderizador mejorado: %d de %d. Las tarjetas visibles se actualizan primero.	Atualizando prévias existentes com o renderizador melhorado: %d de %d. Os cartões visíveis são atualizados primeiro.	Обновление существующего предпросмотра улучшенным рендерером: %d из %d. Видимые плитки обновляются первыми.	Mevcut önizlemeler geliştirilmiş işleyiciyle güncelleniyor: toplam %d öğeden %d. Önce ekrandaki kartlar güncellenir.
preview quality	preview quality	预览质量	預覽品質	Vorschau-Qualität	Qualité des aperçus	미리보기 품질	プレビュー品質	Calidad de vista previa	Qualidade da pré-visualização	Качество превью	Önizleme kalitesi
base colour (fastest)	base colour (fastest)	基础颜色（最快）	基礎顏色（最快）	Grundfarbe (am schnellsten)	Couleur de base (le plus rapide)	기본 색상 (가장 빠름)	基本色（最速）	Color base (lo más rápido)	Cor base (mais rápido)	Базовый цвет (быстрее всего)	Temel renk (en hızlı)
+ dye colours	+ dye colours	+ 染色	+ 染色	+ Färbung	+ teintures	+ 염색	+ 染色	+ tintes	+ tingimentos	+ окраска	+ boya renkleri
+ normal maps	+ normal maps	+ 法线贴图	+ 法線貼圖	+ Normal-Maps	+ normal maps	+ 노멀 맵	+ ノーマルマップ	+ mapas normales	+ normal maps	+ карты нормалей	+ normal haritaları
+ specular and glow (best)	+ specular and glow (best)	+ 高光与发光（最佳）	+ 高光與發光（最佳）	+ Glanz und Leuchten (am besten)	+ reflets et lueur (le meilleur)	+ 반사광과 발광 (최고)	+ 光沢と発光（最高）	+ brillo y resplandor (lo mejor)	+ brilho e emissão (melhor)	+ блики и свечение (лучшее)	+ parlaklık ve ışıma (en iyi)
previews on screen are always rendered first; a lower level only makes the background pass faster. Applies to new previews, right-click a tile to render it again	previews on screen are always rendered first; a lower level only makes the background pass faster. Applies to new previews, right-click a tile to render it again	屏幕上的预览总是优先渲染；较低的级别只会加快后台渲染。仅对新预览生效，右键单击卡片可重新渲染	螢幕上的預覽一律優先算繪；較低的等級只會加快背景算繪。僅對新預覽生效，在卡片上按右鍵可重新算繪	Sichtbare Vorschauen werden immer zuerst gerendert; eine niedrigere Stufe beschleunigt nur den Hintergrund-Durchlauf. Gilt für neue Vorschauen, Rechtsklick auf eine Kachel rendert sie neu	Les aperçus à l'écran sont toujours rendus en premier ; un niveau plus bas accélère seulement le rendu en arrière-plan. S'applique aux nouveaux aperçus, clic droit sur une vignette pour la régénérer	화면의 미리보기는 항상 먼저 렌더링됩니다. 낮은 단계는 백그라운드 렌더링만 빠르게 합니다. 새 미리보기에 적용되며, 타일을 우클릭하면 다시 렌더링합니다	画面上のプレビューは常に優先して描画されます。低いレベルはバックグラウンド処理を速くするだけです。新しいプレビューに適用され、タイルを右クリックすると再描画します	Las vistas previas en pantalla siempre se generan primero; un nivel más bajo solo acelera el proceso en segundo plano. Se aplica a vistas nuevas; clic derecho en una tarjeta para regenerarla	As pré-visualizações na tela são sempre geradas primeiro; um nível mais baixo só acelera o processo em segundo plano. Vale para novas pré-visualizações; clique com o botão direito num cartão para gerá-lo de novo	Превью на экране всегда рисуются первыми; более низкий уровень лишь ускоряет фоновую обработку. Применяется к новым превью, щелчок правой кнопкой по карточке перерисует её	Ekrandaki önizlemeler her zaman önce oluşturulur; daha düşük seviye yalnızca arka plan işlemini hızlandırır. Yeni önizlemelere uygulanır, yeniden oluşturmak için karta sağ tıklayın
list view: name, folder, tags	list view: name, folder, tags	列表视图：名称、文件夹、标签	清單檢視：名稱、資料夾、標籤	Listenansicht: Name, Ordner, Tags	Vue en liste : nom, dossier, tags	목록 보기: 이름, 폴더, 태그	リスト表示：名前、フォルダー、タグ	Vista de lista: nombre, carpeta y etiquetas	Visualização em lista: nome, pasta e tags	Вид списка: имя, папка, теги	Liste görünümü: ad, klasör, etiketler
tile view with the preview images (same search and filters)	tile view with the preview images (same search and filters)	带预览图的卡片视图（使用相同的搜索和筛选条件）	含預覽圖片的卡片檢視（使用相同的搜尋與篩選條件）	Kachelansicht mit Vorschaubildern (gleiche Suche und Filter)	Vue en vignettes avec aperçus (même recherche et filtres)	미리보기 이미지가 있는 카드 보기(같은 검색 및 필터)	プレビュー画像付きタイル表示（検索・フィルターは共通）	Vista de tarjetas con imágenes (misma búsqueda y filtros)	Visualização em cartões com prévias (mesma busca e filtros)	Карточки с изображениями (те же поиск и фильтры)	Önizleme görselli kart görünümü (aynı arama ve filtreler)
tile size	tile size	卡片大小	卡片大小	Kachelgröße	Taille des vignettes	타일 크기	タイルサイズ	Tamaño de tarjeta	Tamanho do cartão	Размер карточки	Kart boyutu
rendering...	rendering...	正在渲染...	正在算繪...	Wird gerendert...	Rendu en cours...	렌더링 중...	レンダリング中...	Renderizando...	Renderizando...	Рендеринг...	İşleniyor...
no preview	no preview	无预览图	無預覽圖	Keine Vorschau	Aucun aperçu	미리보기 없음	プレビューなし	Sin vista previa	Sem prévia	Нет предпросмотра	Önizleme yok
queued	queued	排队中	排隊中	In Warteschlange	En attente	대기 중	待機中	En cola	Na fila	В очереди	Sırada
preview generator is starting...	preview generator is starting...	预览生成器正在启动...	預覽產生器正在啟動...	Vorschaugenerator wird gestartet...	Le générateur d’aperçus démarre...	미리보기 생성기를 시작하는 중...	プレビュー生成を開始しています...	Iniciando el generador de vistas previas...	Iniciando o gerador de prévias...	Запуск генератора предпросмотра...	Önizleme oluşturucu başlatılıyor...
%d prefabs with %s	%d prefabs with %s	%d 个预制件，标签：%s	%d 個預製件，標籤：%s	%d Prefabs mit %s	%d prefabs avec %s	프리팹 %d개, 태그: %s	%d個のPrefab、タグ: %s	%d prefabs con %s	%d prefabs com %s	%d префабов, тег: %s	%d prefab, etiket: %s
PLACE	PLACE	放置	放置	PLATZIEREN	PLACER	배치	配置	COLOCAR	COLOCAR	РАЗМЕСТИТЬ	YERLEŞTİR
Place	Place	放置	放置	Platzieren	Placer	배치	配置	Colocar	Colocar	Разместить	Yerleştir
Grab	Grab	抓取	抓取	Greifen	Saisir	잡기	掴む	Agarrar	Pegar	Взять	Tut
spawn only	spawn only	直接生成	直接生成	Nur erzeugen	Apparition seule	바로 생성	そのまま生成	Solo generar	Apenas gerar	Только создать	Yalnızca oluştur
Spawn options: offset, yaw, scale, direction	Spawn options: offset, yaw, scale, direction	生成选项：偏移、偏航角、比例、方向	生成選項：偏移、偏航角、比例、方向	Spawn-Optionen: Versatz, Gierwinkel, Größe, Richtung	Options d’apparition : décalage, lacet, échelle, direction	생성 옵션: 오프셋, 요, 크기, 방향	生成オプション：オフセット、ヨー、スケール、向き	Opciones de generación: desplazamiento, giro, escala y dirección	Opções de geração: deslocamento, rotação, escala e direção	Параметры создания: смещение, угол, масштаб, направление	Oluşturma seçenekleri: ofset, yaw, ölçek, yön
offset fwd/up/side	offset fwd/up/side	偏移 前/上/侧	偏移 前/上/側	Versatz vor/hoch/seitlich	Décalage avant/haut/côté	오프셋 전방/위/측면	オフセット 前/上/横	Desplazamiento delante/arriba/lateral	Deslocamento frente/cima/lado	Смещение вперёд/вверх/вбок	Ofset ileri/yukarı/yan
yaw	yaw	偏航角	偏航角	Gierwinkel	Lacet	요	ヨー	Giro	Rotação	Рыскание	Yaw
scale	scale	比例	比例	Skalierung	Échelle	크기	スケール	Escala	Escala	Масштаб	Ölçek
off	off	关	關	Aus	Désactivé	끔	オフ	Desactivado	Desativado	Выкл.	Kapalı
on	on	开	開	Ein	Activé	켬	オン	Activado	Ativado	Вкл.	Açık
cancel	cancel	取消	取消	Abbrechen	Annuler	취소	キャンセル	cancelar	cancelar	отмена	iptal
put back	put back	放回原位	放回原位	Zurücklegen	Remettre	되돌리기	元に戻す	devolver	devolver	вернуть обратно	geri koy
cancels	cancels	取消	取消	bricht ab	annule	취소	キャンセル	cancela	cancela	отменяет	iptal eder
puts back	puts back	放回	放回	legt zurück	remet en place	되돌려 놓음	元に戻す	devuelve	devolve	возвращает	geri koyar
the game (camera)	the game (camera)	游戏（摄像机）	遊戲（攝影機）	das Spiel (Kamera)	le jeu (caméra)	게임(카메라)	ゲーム（カメラ）	el juego (cámara)	o jogo (câmera)	игра (камера)	oyun (kamera)
World Builder (gizmo)	World Builder (gizmo)	World Builder（操纵器）	World Builder（操縱器）	World Builder (Gizmo)	World Builder (gizmo)	World Builder(기즈모)	World Builder（ギズモ）	World Builder (manipulador)	World Builder (gizmo)	World Builder (гизма)	World Builder (gizmo)
Line	Line	直线	直線	Linie	Ligne	직선	直線	Línea	Linha	Линия	Çizgi
Circle	Circle	圆形	圓形	Kreis	Cercle	원형	円形	Círculo	Círculo	Круг	Daire
Matrix	Matrix	矩阵	矩陣	Matrix	Matrice	행렬	マトリクス	Matriz	Matriz	Матрица	Matris
formation	formation	阵型	陣型	Formation	Formation	대형	陣形	Formación	Formação	Построение	Dizilim
count	count	数量	數量	Anzahl	Quantité	개수	個数	Cantidad	Quantidade	Количество	Adet
spacing	spacing	间距	間距	Abstand	Espacement	간격	間隔	Espaciado	Espaçamento	Интервал	Aralık
radius	radius	半径	半徑	Radius	Rayon	반지름	半径	Radio	Raio	Радиус	Yarıçap
yaw as set	yaw as set	保持当前偏航角	保持目前偏航角	Gierwinkel beibehalten	Conserver le lacet	현재 요 유지	現在のヨーを維持	Mantener giro	Manter rotação	Сохранить угол	Yaw'ı koru
along the line	along the line	沿直线方向	沿直線方向	Entlang der Linie	Le long de la ligne	선을 따라	線に沿う	A lo largo de la línea	Ao longo da linha	Вдоль линии	Çizgi boyunca
across the line	across the line	垂直于直线	垂直於直線	Quer zur Linie	En travers de la ligne	선에 가로질러	線に対して横向き	A través de la línea	Atravessado à linha	Поперёк линии	Çizgiye çapraz
X to center	X to center	X轴朝向中心	X 軸朝向中心	X zur Mitte	X vers le centre	X축이 중심을 향함	X軸を中心へ	X hacia el centro	X voltado para o centro	Ось X к центру	X merkeze dönük
X outward	X outward	X轴朝外	X 軸朝外	X nach außen	X vers l’extérieur	X축이 바깥을 향함	X軸を外側へ	X hacia fuera	X voltado para fora	Ось X наружу	X dışa dönük
line	line	直线	直線	Linie	Ligne	직선	直線	línea	linha	линия	çizgi
circle	circle	圆形	圓形	Kreis	cercle	원형	円形	círculo	círculo	круг	daire
position	position	位置	位置	Position	Position	위치	位置	Posición	Posição	Позиция	Konum
tilt X (pitch)	tilt X (pitch)	X轴倾斜（俯仰）	X 軸傾斜（俯仰）	Neigung X (Nick)	Inclinaison X (tangage)	X 기울기(피치)	X傾斜（ピッチ）	Inclinación X (cabeceo)	Inclinação X (arfagem)	Наклон X (тангаж)	X eğimi (pitch)
tilt Z (roll)	tilt Z (roll)	Z轴倾斜（横滚）	Z 軸傾斜（橫滾）	Neigung Z (Rollen)	Inclinaison Z (roulis)	Z 기울기(롤)	Z傾斜（ロール）	Inclinación Z (alabeo)	Inclinação Z (rolagem)	Наклон Z (крен)	Z eğimi (roll)
level	level	水平对齐	水平對齊	Ausrichten	Mettre à niveau	수평 맞춤	水平にする	Nivelar	Nivelar	Выровнять	Düzle
To ground	To ground	贴合地面	貼合地面	Auf den Boden	Plaquer au sol	지면에 맞춤	地面に合わせる	Ajustar al suelo	Ajustar ao chão	На землю	Zemine hizala
Duplicate	Duplicate	复制	複製	Duplizieren	Dupliquer	복제	複製	Duplicar	Duplicar	Дублировать	Çoğalt
Group	Group	编组	群組	Gruppieren	Grouper	그룹	グループ化	Agrupar	Agrupar	Сгруппировать	Grupla
Ungroup	Ungroup	取消编组	取消群組	Gruppierung aufheben	Dissocier	그룹 해제	グループ解除	Desagrupar	Desagrupar	Разгруппировать	Grubu çöz
Delete	Delete	删除	刪除	Löschen	Supprimer	삭제	削除	Eliminar	Excluir	Удалить	Sil
Confirm deletion	Confirm deletion	确认删除	確認刪除	Löschung bestätigen	Confirmer la suppression	삭제 확인	削除を確認	Confirmar eliminación	Confirmar exclusão	Подтвердить удаление	Silmeyi onayla
Delete this file permanently?	Delete this file permanently?	永久删除此文件？	永久刪除此檔案？	Diese Datei endgültig löschen?	Supprimer définitivement ce fichier ?	이 파일을 영구 삭제할까요?	このファイルを完全に削除しますか？	¿Eliminar este archivo permanentemente?	Excluir este arquivo permanentemente?	Удалить этот файл навсегда?	Bu dosya kalıcı olarak silinsin mi?
Forget	Forget	从列表移除	從清單移除	Aus Liste entfernen	Retirer de la liste	목록에서 제거	リストから除外	Quitar de la lista	Remover da lista	Убрать из списка	Listeden kaldır
Remove duplicates	Remove duplicates	删除重复物体	移除重複物件	Duplikate entfernen	Supprimer les doublons	중복 제거	重複を削除	Eliminar duplicados	Remover duplicatas	Удалить дубликаты	Yinelenenleri kaldır
Cancel	Cancel	取消	取消	Abbrechen	Annuler	취소	キャンセル	Cancelar	Cancelar	Отмена	İptal
Apply	Apply	应用	套用	Anwenden	Appliquer	적용	適用	Aplicar	Aplicar	Применить	Uygula
Undo	Undo	撤销	復原	Rückgängig	Annuler	실행 취소	元に戻す	Deshacer	Desfazer	Отменить	Geri al
Redo	Redo	重做	重做	Wiederholen	Rétablir	다시 실행	やり直し	Rehacer	Refazer	Повторить	Yinele
snap to ground: not ready yet (walk a step first)	snap to ground: not ready yet (walk a step first)	地面吸附尚未就绪（先走一步）	地面吸附尚未就緒（先走一步）	Bodenausrichtung noch nicht bereit (gehe zuerst einen Schritt)	Alignement au sol indisponible (faites d’abord un pas)	지면 맞춤이 아직 준비되지 않았습니다(먼저 한 걸음 걸으세요)	地面スナップの準備ができていません（先に一歩歩いてください）	Ajuste al suelo aún no disponible (camina un paso primero)	Alinhamento ao chão ainda não está pronto (ande um passo antes)	Привязка к земле не готова (сначала пройдите шаг)	Zemine hizalama henüz hazır değil (önce bir adım yürüyün)
snap to ground: no surface found below	snap to ground: no surface found below	地面吸附失败：下方没有找到表面	地面吸附失敗：下方找不到表面	Kein Boden unter dem Objekt gefunden	Aucune surface détectée en dessous	아래에서 표면을 찾지 못했습니다	下に地面が見つかりません	No se encontró superficie debajo	Nenhuma superfície encontrada abaixo	Поверхность внизу не найдена	Altında yüzey bulunamadı
placement cancelled	placement cancelled	已取消放置	已取消放置	Platzierung abgebrochen	Placement annulé	배치 취소됨	配置をキャンセルしました	Colocación cancelada	Posicionamento cancelado	Размещение отменено	Yerleştirme iptal edildi
placed %s	placed %s	已放置 %s	已放置 %s	%s platziert	%s placé	%s 배치함	%sを配置	%s colocado	%s colocado	Размещено: %s	%s yerleştirildi
dropped %s	dropped %s	已放下 %s	已放下 %s	%s abgelegt	%s déposé	%s 놓음	%sを置いた	%s soltado	%s solto	Опущено: %s	%s bırakıldı
placing	placing	正在放置	正在放置	Wird platziert	Placement en cours	배치 중	配置中	Colocando	Colocando	Размещение	Yerleştiriliyor
grabbed	grabbed	已抓取	已抓取	Aufgenommen	Saisi	잡음	掴んだ	Agarrado	Pegado	Взято	Tutuldu
grouped	grouped	已编组	已群組	Gruppiert	Groupé	그룹화함	グループ化しました	Agrupado	Agrupado	Сгруппировано	Gruplandı
ungrouped	ungrouped	已取消编组	已取消群組	Gruppierung aufgehoben	Dissocié	그룹 해제함	グループ解除しました	Desagrupado	Desagrupado	Разгруппировано	Grup çözüldü
%d objects	%d objects	%d 个物体	%d 個物件	%d Objekte	%d objets	오브젝트 %d개	オブジェクト%d個	%d objetos	%d objetos	Объектов: %d	%d nesne
deleted %d objects	deleted %d objects	已删除 %d 个物体	已刪除 %d 個物件	%d Objekte gelöscht	%d objets supprimés	오브젝트 %d개 삭제됨	オブジェクト%d個を削除	%d objetos eliminados	%d objetos excluídos	Удалено объектов: %d	%d nesne silindi
copied %d objects	copied %d objects	已复制 %d 个物体	已複製 %d 個物件	%d Objekte kopiert	%d objets copiés	오브젝트 %d개 복사됨	オブジェクト%d個をコピー	%d objetos copiados	%d objetos copiados	Скопировано объектов: %d	%d nesne kopyalandı
snapping %d objects to the ground	snapping %d objects to the ground	正在将 %d 个物体吸附到地面	正在將 %d 個物件吸附至地面	Richte %d Objekte am Boden aus	Alignement de %d objets au sol	오브젝트 %d개를 지면에 맞추는 중	オブジェクト%d個を地面にスナップ中	Ajustando %d objetos al suelo	Alinhando %d objetos ao chão	Привязка объектов к земле: %d	%d nesne zemine hizalanıyor
New	New	新建	新增	Neu	Nouveau	새로 만들기	新規作成	Nuevo	Novo	Создать	Yeni
Save	Save	保存	儲存	Speichern	Enregistrer	저장	保存	Guardar	Salvar	Сохранить	Kaydet
Save back	Save back	保存回项目	儲存回專案	Zurückspeichern	Enregistrer dans le projet	프로젝트에 저장	プロジェクトに保存	Guardar en el proyecto	Salvar no projeto	Сохранить в проект	Projeye kaydet
Overwrite	Overwrite	覆盖	覆寫	Überschreiben	Écraser	덮어쓰기	上書き	Sobrescribir	Sobrescrever	Перезаписать	Üzerine yaz
Save the changes	Save the changes	保存更改	儲存變更	Änderungen speichern	Enregistrer les modifications	변경 사항 저장	変更を保存	Guardar cambios	Salvar alterações	Сохранить изменения	Değişiklikleri kaydet
Overwrite this project	Overwrite this project	覆盖此项目	覆寫此專案	Dieses Projekt überschreiben	Écraser ce projet	이 프로젝트 덮어쓰기	このプロジェクトを上書き	Sobrescribir este proyecto	Sobrescrever este projeto	Перезаписать проект	Bu projenin üzerine yaz
Load	Load	加载	載入	Laden	Charger	불러오기	読み込む	Cargar	Carregar	Загрузить	Yükle
Replace all	Replace all	全部替换	全部取代	Alles ersetzen	Tout remplacer	모두 교체	すべて置換	Reemplazar todo	Substituir tudo	Заменить всё	Tümünü değiştir
Select all of them	Select all of them	全选这些物体	全選這些物件	Alle auswählen	Tout sélectionner	모두 선택	すべて選択	Seleccionarlos todos	Selecionar todos	Выбрать все	Tümünü seç
autoload	autoload	自动加载	自動載入	Automatisch laden	Chargement auto	자동 불러오기	自動読み込み	Carga automática	Carregamento automático	Автозагрузка	Otomatik yükleme
(none yet)	(none yet)	（暂无）	（尚無）	(noch keine)	(aucun pour l’instant)	(아직 없음)	（まだありません）	(ninguno aún)	(nenhum ainda)	(пока нет)	(henüz yok)
objects in scene: %d   spawns pending: %d	objects in scene: %d   spawns pending: %d	场景物体：%d   待生成：%d	場景物件：%d   待生成：%d	Objekte in Szene: %d   ausstehende Spawns: %d	Objets dans la scène : %d   apparitions en attente : %d	장면 오브젝트: %d   생성 대기: %d	シーン内オブジェクト: %d   生成待ち: %d	Objetos en escena: %d   pendientes de generar: %d	Objetos na cena: %d   gerações pendentes: %d	Объектов на сцене: %d   ожидают создания: %d	Sahnedeki nesneler: %d   oluşturma bekliyor: %d
Delete all objects	Delete all objects	删除全部物体	刪除所有物件	Alle Objekte löschen	Supprimer tous les objets	모든 오브젝트 삭제	すべてのオブジェクトを削除	Eliminar todos los objetos	Excluir todos os objetos	Удалить все объекты	Tüm nesneleri sil
objects %d  |  %s	objects %d  |  %s	场景物体 %d  |  %s	場景物件 %d  |  %s	Objekte %d  |  %s	Objets %d  |  %s	장면 오브젝트 %d  |  %s	シーン内オブジェクト %d  |  %s	Objetos en escena %d  |  %s	Objetos na cena %d  |  %s	Объектов на сцене: %d  |  %s	Sahnedeki nesne %d  |  %s
HTTP API for programs on this PC	HTTP API for programs on this PC	供此电脑上的程序使用的 HTTP API	供此電腦上的程式使用的 HTTP API	HTTP-API für Programme auf diesem PC	API HTTP pour les programmes de ce PC	이 PC의 프로그램용 HTTP API	このPC上のプログラム向けHTTP API	API HTTP para programas de este PC	API HTTP para programas neste PC	HTTP API для программ на этом ПК	Bu bilgisayardaki programlar için HTTP API
port	port	端口	連接埠	Port	Port	포트	ポート	Puerto	Porta	Порт	Bağlantı noktası
running: %s	running: %s	运行中：%s	執行中：%s	Läuft: %s	En cours : %s	실행 중: %s	実行中: %s	En ejecución: %s	Em execução: %s	Работает: %s	Çalışıyor: %s
copy URL	copy URL	复制 URL	複製 URL	URL kopieren	Copier l’URL	URL 복사	URLをコピー	Copiar URL	Copiar URL	Копировать URL	URL'yi kopyala
not running: %s	not running: %s	未运行：%s	未執行：%s	Läuft nicht: %s	Arrêté : %s	실행되지 않음: %s	未実行: %s	No está en ejecución: %s	Não está em execução: %s	Не запущено: %s	Çalışmıyor: %s
starting	starting	正在启动	正在啟動	Wird gestartet	Démarrage	시작 중	起動中	Iniciando	Iniciando	Запускается	Başlatılıyor
retry	retry	重试	重試	Erneut versuchen	Réessayer	다시 시도	再試行	Reintentar	Tentar novamente	Повторить	Yeniden dene
settings	settings	设置	設定	Einstellungen	Paramètres	설정	設定	Ajustes	Configurações	Настройки	Ayarlar
Hotkeys (saved to settings.txt in the cdmodkit folder, active immediately)	Hotkeys (saved to settings.txt in the cdmodkit folder, active immediately)	快捷键（保存在 cdmodkit 文件夹中的 settings.txt，立即生效）	快速鍵（儲存在 cdmodkit 資料夾的 settings.txt，立即生效）	Tastenkürzel (in settings.txt im cdmodkit-Ordner gespeichert, sofort aktiv)	Raccourcis clavier (enregistrés dans settings.txt du dossier cdmodkit, actifs immédiatement)	단축키(cdmodkit 폴더의 settings.txt에 저장되며 즉시 적용)	ホットキー（cdmodkitフォルダーのsettings.txtに保存、すぐに反映）	Atajos (se guardan en settings.txt dentro de cdmodkit y se aplican al instante)	Atalhos (salvos em settings.txt na pasta cdmodkit, aplicados imediatamente)	Горячие клавиши (сохраняются в settings.txt в папке cdmodkit и действуют сразу)	Kısayollar (cdmodkit klasöründeki settings.txt dosyasına kaydedilir, hemen uygulanır)
show / hide the editor	show / hide the editor	显示/隐藏编辑器	顯示／隱藏編輯器	Editor ein-/ausblenden	Afficher / masquer l’éditeur	편집기 표시/숨기기	エディターの表示／非表示	Mostrar / ocultar el editor	Mostrar / ocultar o editor	Показать / скрыть редактор	Düzenleyiciyi göster / gizle
edit mode / play mode	edit mode / play mode	编辑模式/游玩模式	編輯模式／遊玩模式	Bearbeiten / Spielen	Mode édition / jeu	편집 모드 / 플레이 모드	編集モード／プレイモード	Modo edición / juego	Modo edição / jogo	Режим редактирования / игры	Düzenleme modu / oyun modu
show calibration marker	show calibration marker	显示校准标记	顯示校準標記	Kalibrierungsmarkierung anzeigen	Afficher le repère de calibrage	보정 마커 표시	キャリブレーションマーカーを表示	Mostrar marcador de calibración	Mostrar marcador de calibração	Показать маркер калибровки	Kalibrasyon işaretini göster
axis gizmo while placing	axis gizmo while placing	放置时显示坐标轴操纵器	放置時顯示座標軸操縱器	Achsen-Gizmo beim Platzieren	Gizmo des axes pendant le placement	배치 중 축 기즈모 표시	配置中に軸ギズモを表示	Mostrar ejes al colocar	Mostrar eixos ao posicionar	Показывать оси при размещении	Yerleştirirken eksen gizmosunu göster
read the field of view from the game	read the field of view from the game	从游戏读取视野角	從遊戲讀取視野角	Sichtfeld aus dem Spiel lesen	Lire le champ de vision du jeu	게임에서 시야각 읽기	ゲームから視野角を取得	Leer el campo de visión del juego	Ler o campo de visão do jogo	Считывать поле зрения из игры	Görüş açısını oyundan oku
manual field of view	manual field of view	手动视野角	手動視野角	Sichtfeld manuell	Champ de vision manuel	수동 시야각	手動視野角	Campo de visión manual	Campo de visão manual	Поле зрения вручную	Elle görüş açısı
mirror horizontally	mirror horizontally	水平镜像	水平鏡像	Horizontal spiegeln	Miroir horizontal	가로로 뒤집기	水平反転	Reflejar horizontalmente	Espelhar horizontalmente	Отразить по горизонтали	Yatay aynala
console window (log output; applies on the next start)	console window (log output; applies on the next start)	控制台窗口（日志输出；下次启动时生效）	主控台視窗（記錄輸出；下次啟動時生效）	Konsolenfenster (Protokollausgabe; gilt ab dem nächsten Start)	Fenêtre de console (journal ; appliqué au prochain démarrage)	콘솔 창(로그 출력, 다음 실행부터 적용)	コンソールウィンドウ（ログ出力、次回起動時に適用）	Ventana de consola (registro; se aplica al próximo inicio)	Janela do console (saída de log; aplicado na próxima inicialização)	Окно консоли (вывод журнала; применится при следующем запуске)	Konsol penceresi (kayıt çıktısı; sonraki açılışta uygulanır)
%d objects selected	%d objects selected	已选择 %d 个物体	已選取 %d 個物件	%d Objekte ausgewählt	%d objets sélectionnés	오브젝트 %d개 선택됨	オブジェクト%d個を選択	%d objetos seleccionados	%d objetos selecionados	Выбрано объектов: %d	%d nesne seçildi
%d objects snapped to the ground	%d objects snapped to the ground	已将 %d 个物体吸附到地面	已將 %d 個物件吸附至地面	%d Objekte am Boden eingerastet	%d objets alignés au sol	오브젝트 %d개를 지면에 맞춤	オブジェクト%d個を地面にスナップ	%d objetos ajustados al suelo	%d objetos alinhados ao chão	Объектов на земле: %d	%d nesne zemine hizalandı
Previews are still being rendered: %d of %d done (%d without visible geometry). Empty tiles fill in as they finish, the visible ones are rendered first.	Previews are still being rendered: %d of %d done (%d without visible geometry). Empty tiles fill in as they finish, the visible ones are rendered first.	预览仍在生成：共 %d 个，已完成 %d 个（%d 个没有可见几何体）。完成后空白卡片会逐步填充，优先生成当前可见的卡片。	預覽仍在產生：共 %d 個，已完成 %d 個（%d 個沒有可見幾何）。完成後空白卡片會逐步填入，並優先產生目前可見的卡片。	Vorschauen werden noch gerendert: %d von %d fertig (%d ohne sichtbare Geometrie). Leere Kacheln füllen sich nach und nach; sichtbare werden zuerst gerendert.	Les aperçus sont encore rendus : %d sur %d terminés (%d sans géométrie visible). Les vignettes vides se remplissent au fur et à mesure, celles visibles sont prioritaires.	미리보기를 생성 중입니다: 전체 %d개 중 %d개 완료(%d개는 보이는 지오메트리 없음). 빈 카드는 완료되는 대로 채우며 현재 보이는 항목을 우선 처리합니다.	プレビューを生成中：全%d個中%d個完了（%d個は表示ジオメトリなし）。空のタイルは順次埋まり、表示中のものを優先します。	Las vistas previas siguen renderizándose: %d de %d terminadas (%d sin geometría visible). Las tarjetas vacías se rellenan al terminar, priorizando las visibles.	As prévias ainda estão sendo renderizadas: %d de %d concluídas (%d sem geometria visível). Os cartões vazios são preenchidos conforme terminam, priorizando os visíveis.	Предпросмотр ещё создаётся: готово %d из %d (%d без видимой геометрии). Пустые плитки заполняются по мере готовности, видимые обрабатываются первыми.	Önizlemeler oluşturuluyor: toplam %d öğeden %d tamamlandı (%d görünür geometri içermiyor). Boş kartlar sırayla doldurulur, görünür olanlara öncelik verilir.
Previews are off: %s	Previews are off: %s	预览已关闭：%s	預覽已關閉：%s	Vorschauen sind deaktiviert: %s	Aperçus désactivés : %s	미리보기가 꺼져 있습니다: %s	プレビューは無効です：%s	Vistas previas desactivadas: %s	Prévias desativadas: %s	Предпросмотр отключён: %s	Önizlemeler kapalı: %s
no collections yet (left pane)	no collections yet (left pane)	还没有收藏集（左侧面板）	還沒有收藏集（左側面板）	Noch keine Sammlungen (linker Bereich)	Aucune collection (panneau de gauche)	아직 컬렉션이 없습니다(왼쪽 패널)	コレクションはまだありません（左ペイン）	Aún no hay colecciones (panel izquierdo)	Ainda não há coleções (painel esquerdo)	Коллекций пока нет (левая панель)	Henüz koleksiyon yok (sol panel)
create a collection in the left pane first	create a collection in the left pane first	请先在左侧面板创建收藏集	請先在左側面板建立收藏集	Erstelle zuerst links eine Sammlung	Créez d’abord une collection dans le panneau de gauche	먼저 왼쪽 패널에서 컬렉션을 만드세요	先に左ペインでコレクションを作成してください	Primero crea una colección en el panel izquierdo	Crie uma coleção primeiro no painel esquerdo	Сначала создайте коллекцию в левой панели	Önce sol panelde bir koleksiyon oluşturun
double-click places	double-click places	双击即可放置	雙擊即可放置	Doppelklick platziert	Double-cliquez pour placer	더블 클릭하면 배치	ダブルクリックで配置	Doble clic para colocar	Clique duas vezes para posicionar	Двойной щелчок размещает	Çift tıklama yerleştirir
select a prefab, then PLACE. Double-click on a row or card places it right away.	select a prefab, then PLACE. Double-click on a row or card places it right away.	选择预制件后点击“放置”。双击列表行或卡片可立即放置。	選取預製件後按「放置」。雙擊清單列或卡片即可立即放置。	Wähle ein Prefab und klicke auf „Platzieren“. Doppelklick auf Zeile oder Kachel platziert sofort.	Sélectionnez un prefab puis cliquez sur « PLACER ». Double-cliquez sur une ligne ou vignette pour le placer immédiatement.	프리팹을 선택한 뒤 배치를 누르세요. 행이나 카드를 두 번 클릭하면 바로 배치됩니다.	Prefabを選んで「配置」を押します。行またはカードをダブルクリックするとすぐ配置します。	Selecciona un prefab y pulsa COLOCAR. Haz doble clic en una fila o tarjeta para colocarlo al instante.	Selecione um prefab e clique em COLOCAR. Dê dois cliques em uma linha ou cartão para posicioná-lo imediatamente.	Выберите префаб и нажмите «Разместить». Двойной щелчок по строке или карточке размещает его сразу.	Prefabı seçip YERLEŞTİR'e basın. Satıra veya karta çift tıklamak hemen yerleştirir.
drops the object in front of you without the placement mode (offset, yaw and scale from the spawn options)	drops the object in front of you without the placement mode (offset, yaw and scale from the spawn options)	不进入放置模式，直接将物体放到你面前（使用生成选项中的偏移、偏航角和比例）	不進入放置模式，直接將物件放到你面前（使用生成選項中的偏移、偏航角與比例）	Legt das Objekt ohne Platzierungsmodus vor dir ab (Versatz, Gierwinkel und Größe aus den Spawn-Optionen).	Dépose l’objet devant vous sans mode placement (décalage, lacet et échelle des options).	배치 모드 없이 오브젝트를 앞에 생성합니다(생성 옵션의 오프셋, 요, 크기 사용).	配置モードに入らず目の前に配置します（生成オプションのオフセット、ヨー、スケールを使用）。	Suelta el objeto delante sin activar el modo de colocación (usa desplazamiento, giro y escala de las opciones).	Solta o objeto à sua frente sem entrar no modo de posicionamento (usa deslocamento, rotação e escala das opções).	Размещает объект перед вами без режима размещения (параметры смещения, угла и масштаба).	Yerleştirme moduna girmeden nesneyi önünüze bırakır (oluşturma seçeneklerindeki ofset, yaw ve ölçek kullanılır).
select a prefab, then PLACE	select a prefab, then PLACE	选择预制件，然后点击“放置”	選取預製件，再按「放置」	Prefab wählen und „Platzieren“ drücken	Sélectionnez un prefab puis cliquez sur « PLACER »	프리팹을 선택한 뒤 배치를 누르세요	Prefabを選択して「配置」を押してください	Selecciona un prefab y pulsa COLOCAR	Selecione um prefab e clique em COLOCAR	Выберите префаб и нажмите «Разместить»	Prefabı seçin ve YERLEŞTİR'e basın
drops the selected objects onto the surface below them (a sphere cast of the game's physics)	drops the selected objects onto the surface below them (a sphere cast of the game's physics)	将所选物体放到下方表面（使用游戏物理进行球体投射）	將所選物件放到下方表面（使用遊戲物理進行球體投射）	Legt ausgewählte Objekte auf der Fläche darunter ab (Kugelabfrage der Spielphysik).	Dépose les objets sélectionnés sur la surface en dessous (requête sphérique de la physique du jeu).	선택한 오브젝트를 아래 표면에 내려놓습니다(게임 물리의 구형 캐스트 사용).	選択したオブジェクトを下の面に配置します（ゲーム物理の球体キャストを使用）。	Coloca los objetos seleccionados sobre la superficie inferior (consulta esférica de la física del juego).	Posiciona os objetos selecionados na superfície abaixo (consulta esférica da física do jogo).	Размещает выбранные объекты на поверхности ниже (сферический запрос физики игры).	Seçili nesneleri altlarındaki yüzeye bırakır (oyunun fizik sisteminde küre taraması).
select an object to edit it (Ctrl+click adds, Shift+click selects a range)	select an object to edit it (Ctrl+click adds, Shift+click selects a range)	选择物体以编辑（Ctrl+点击可添加，Shift+点击可选择范围）	選取物件以編輯（Ctrl+點擊可加入，Shift+點擊可選取範圍）	Wähle ein Objekt zum Bearbeiten (Strg-Klick fügt hinzu, Umschalt-Klick wählt einen Bereich).	Sélectionnez un objet à modifier (Ctrl-clic ajoute, Maj-clic sélectionne une plage).	편집할 오브젝트를 선택하세요(Ctrl+클릭으로 추가, Shift+클릭으로 범위 선택).	編集するオブジェクトを選択（Ctrl+クリックで追加、Shift+クリックで範囲選択）。	Selecciona un objeto (Ctrl+clic añade; Mayús+clic selecciona un rango).	Selecione um objeto para editar (Ctrl+clique adiciona; Shift+clique seleciona um intervalo).	Выберите объект (Ctrl+щелчок добавляет, Shift+щелчок выбирает диапазон).	Düzenlemek için nesne seçin (Ctrl+tıklama ekler, Shift+tıklama aralık seçer).
%s (deleted)	%s (deleted)	%s（已删除）	%s（已刪除）	%s (gelöscht)	%s (supprimé)	%s(삭제됨)	%s（削除済み）	%s (eliminado)	%s (excluído)	%s (удалён)	%s (silindi)
off: a click on a member selects only that member (Ctrl+click always toggles single members); the group row selects all	off: a click on a member selects only that member (Ctrl+click always toggles single members); the group row selects all	关闭时：点击组内物体只选中该物体（Ctrl+点击仍会切换单个物体）；点击组行可全选	關閉時：點擊群組內物件只會選取該物件（Ctrl+點擊仍會切換單一物件）；點擊群組列可全選	Aus: Klick wählt nur dieses Objekt (Strg-Klick schaltet einzelne Objekte um); die Gruppenzeile wählt alle.	Désactivé : un clic sélectionne uniquement cet objet (Ctrl-clic bascule les objets individuellement) ; la ligne du groupe sélectionne tout.	끔: 구성원을 클릭하면 해당 오브젝트만 선택합니다(Ctrl+클릭은 개별 선택 전환). 그룹 행은 모두 선택합니다.	オフ：クリックするとそのオブジェクトだけを選択（Ctrl+クリックは個別選択を切替）。グループ行はすべて選択します。	Desactivado: el clic selecciona solo ese objeto (Ctrl+clic alterna objetos individuales); la fila del grupo selecciona todos.	Desativado: o clique seleciona apenas esse objeto (Ctrl+clique alterna objetos individuais); a linha do grupo seleciona todos.	Выкл.: щелчок выбирает только этот объект (Ctrl+щелчок переключает отдельные объекты); строка группы выбирает все.	Kapalı: tıklama yalnızca o üyeyi seçer (Ctrl+tıklama tek nesneleri değiştirir); grup satırı tümünü seçer.
click selects group	click selects group	点击选择整个组	點擊選取整個群組	Klick wählt die Gruppe	Un clic sélectionne le groupe	클릭하면 그룹 선택	クリックでグループを選択	Clic para seleccionar el grupo	Clique para selecionar o grupo	Щелчок выбирает группу	Tıklama grubu seçer
Ctrl+Z/Y undo/redo   Ctrl+C/V copy/paste   Ctrl+G group   Ctrl+A all   Del delete   Ctrl/Shift+click multi-select	Ctrl+Z/Y undo/redo   Ctrl+C/V copy/paste   Ctrl+G group   Ctrl+A all   Del delete   Ctrl/Shift+click multi-select	Ctrl+Z/Y 撤销/重做   Ctrl+C/V 复制/粘贴   Ctrl+G 编组   Ctrl+A 全选   Del 删除   Ctrl/Shift+点击多选	Ctrl+Z/Y 復原/重做   Ctrl+C/V 複製/貼上   Ctrl+G 群組   Ctrl+A 全選   Del 刪除   Ctrl/Shift+點擊多選	Strg+Z/Y Rückgängig/Wiederholen   Strg+C/V Kopieren/Einfügen   Strg+G Gruppieren   Strg+A Alles   Entf Löschen   Strg/Umschalt-Klick Mehrfachauswahl	Ctrl+Z/Y annuler/rétablir   Ctrl+C/V copier/coller   Ctrl+G grouper   Ctrl+A tout   Suppr supprimer   Ctrl/Maj-clic sélection multiple	Ctrl+Z/Y 실행 취소/다시 실행   Ctrl+C/V 복사/붙여넣기   Ctrl+G 그룹   Ctrl+A 전체 선택   Del 삭제   Ctrl/Shift+클릭 다중 선택	Ctrl+Z/Y 元に戻す／やり直し   Ctrl+C/V コピー／貼り付け   Ctrl+G グループ化   Ctrl+A 全選択   Del 削除   Ctrl/Shift+クリックで複数選択	Ctrl+Z/Y deshacer/rehacer   Ctrl+C/V copiar/pegar   Ctrl+G agrupar   Ctrl+A todo   Supr eliminar   Ctrl/Mayús+clic selección múltiple	Ctrl+Z/Y desfazer/refazer   Ctrl+C/V copiar/colar   Ctrl+G agrupar   Ctrl+A tudo   Del excluir   Ctrl/Shift+clique seleção múltipla	Ctrl+Z/Y отменить/повторить   Ctrl+C/V копировать/вставить   Ctrl+G группа   Ctrl+A всё   Del удалить   Ctrl/Shift+щелчок множественный выбор	Ctrl+Z/Y geri al/yinele   Ctrl+C/V kopyala/yapıştır   Ctrl+G grupla   Ctrl+A tümü   Del sil   Ctrl/Shift+tıklama çoklu seçim
full editor	full editor	完整编辑器	完整編輯器	Vollständiger Editor	Éditeur complet	전체 편집기	フルエディター	Editor completo	Editor completo	Полный редактор	Tam düzenleyici
dock	dock	停靠	停靠	Andocken	Anheften	도킹	ドック	Acoplar	Encaixar	Док	Yerleştir
narrow side window: search, cards in one column, PLACE	narrow side window: search, cards in one column, PLACE	窄侧栏：搜索、单列卡片和放置	窄側欄：搜尋、單欄卡片與放置	Schmales Seitenfenster: Suche, einspaltige Karten, Platzieren	Panneau latéral étroit : recherche, cartes en colonne, placer	좁은 측면 창: 검색, 한 열 카드, 배치	狭いサイドウィンドウ：検索、1列カード、配置	Ventana lateral estrecha: buscar, tarjetas en una columna y colocar	Janela lateral estreita: busca, cartões em uma coluna e posicionar	Узкая боковая панель: поиск, карточки в столбец, размещение	Dar yan pencere: arama, tek sütun kartlar, yerleştirme
only the new objects (%d)	only the new objects (%d)	仅新增物体（%d）	僅新增物件（%d）	Nur neue Objekte (%d)	Uniquement les nouveaux objets (%d)	새 오브젝트만(%d)	新しいオブジェクトのみ（%d）	Solo objetos nuevos (%d)	Somente objetos novos (%d)	Только новые объекты (%d)	Yalnızca yeni nesneler (%d)
everything in the scene	everything in the scene	场景中的全部物体	場景中的所有物件	Alles in der Szene	Tout dans la scène	장면의 모든 오브젝트	シーン内のすべて	Todo en la escena	Tudo na cena	Всё на сцене	Sahnedeki her şey
everything: the whole world including loaded projects - they all become part of this one project.\nonly the new objects: what you placed by hand since the last save, so a loaded project stays a project of its own.\nEither way the saved objects belong to this project afterwards, and the scene tab shows them under its name.	everything: the whole world including loaded projects - they all become part of this one project.\nonly the new objects: what you placed by hand since the last save, so a loaded project stays a project of its own.\nEither way the saved objects belong to this project afterwards, and the scene tab shows them under its name.	全部：整个场景（包括已加载的项目）都会保存为此项目的一部分。\n仅新增物体：只保存上次保存后手动放置的物体，已加载的项目仍保持独立。\n无论选择哪项，保存的物体之后都会归属此项目，并在场景标签页中显示在项目名称下。	全部：整個場景（包含已載入的專案）都會成為此專案的一部分。\n僅新增物件：只儲存上次儲存後手動放置的物件，已載入的專案仍維持獨立。\n無論選哪一項，儲存的物件之後都會屬於此專案，並在場景分頁以專案名稱顯示。	Alles: Die ganze Welt einschließlich geladener Projekte wird Teil dieses Projekts.\nNur neue Objekte: Nur seit dem letzten Speichern manuell platzierte Objekte; geladene Projekte bleiben eigenständig.\nIn beiden Fällen gehören die gespeicherten Objekte danach zu diesem Projekt und erscheinen im Szenen-Tab unter seinem Namen.	Tout : le monde entier, projets chargés inclus, devient partie de ce projet.\nNouveaux objets seulement : seuls ceux placés à la main depuis la dernière sauvegarde ; les projets chargés restent indépendants.\nDans les deux cas, les objets enregistrés appartiennent ensuite à ce projet et apparaissent sous son nom dans l’onglet Scène.	전체: 불러온 프로젝트를 포함한 현재 세계 전체가 이 프로젝트에 포함됩니다.\n새 오브젝트만: 마지막 저장 후 직접 배치한 항목만 저장하므로 불러온 프로젝트는 별도로 유지됩니다.\n어느 쪽이든 저장된 오브젝트는 이후 이 프로젝트에 속하며 장면 탭에 프로젝트 이름으로 표시됩니다.	すべて：読み込んだプロジェクトを含む世界全体をこのプロジェクトに保存します。\n新しいオブジェクトのみ：前回保存後に手動配置したものだけを保存し、読み込み済みプロジェクトは独立したままです。\nどちらを選んでも、保存したオブジェクトはこのプロジェクトに属し、シーンタブにその名前で表示されます。	Todo: el mundo completo, incluidos los proyectos cargados, pasa a formar parte de este proyecto.\nSolo los nuevos: guarda lo colocado manualmente desde la última vez; los proyectos cargados siguen separados.\nEn ambos casos, los objetos guardados pertenecerán a este proyecto y aparecerán con su nombre en la pestaña Escena.	Tudo: o mundo inteiro, incluindo projetos carregados, passa a fazer parte deste projeto.\nSomente os novos: salva apenas o que foi colocado manualmente desde o último salvamento; projetos carregados permanecem separados.\nEm ambos os casos, os objetos salvos passam a pertencer a este projeto e aparecem com o nome dele na aba Cena.	Всё: весь мир, включая загруженные проекты, станет частью этого проекта.\nТолько новые: сохраняются объекты, размещённые вручную после последнего сохранения; загруженные проекты остаются отдельными.\nВ любом случае объекты будут принадлежать этому проекту и отображаться под его именем во вкладке «Сцена».	Tümü: yüklenen projeler dahil tüm dünya bu projenin parçası olur.\nYalnızca yeniler: son kayıttan beri elle yerleştirilenleri kaydeder; yüklenen projeler ayrı kalır.\nHer durumda kaydedilen nesneler bu projeye ait olur ve Sahne sekmesinde adıyla görünür.
writes exactly the %d objects shown here back to %s.cdproj.\nObjects of other projects and new objects are not touched.	writes exactly the %d objects shown here back to %s.cdproj.\nObjects of other projects and new objects are not touched.	将此处显示的 %d 个物体原样写回 %s.cdproj。\n其他项目和新增物体不会受到影响。	將此處顯示的 %d 個物件原樣寫回 %s.cdproj。\n其他專案和新增物件不會受到影響。	Schreibt genau die hier gezeigten %d Objekte zurück in %s.cdproj.\nObjekte anderer Projekte und neue Objekte bleiben unberührt.	Réécrit exactement les %d objets affichés ici dans %s.cdproj.\nLes objets d’autres projets et les nouveaux ne changent pas.	여기에 표시된 오브젝트 %d개를 %s.cdproj에 그대로 저장합니다.\n다른 프로젝트의 오브젝트와 새 오브젝트는 변경하지 않습니다.	ここに表示された%d個のオブジェクトを%s.cdprojにそのまま書き戻します。\n他プロジェクトのオブジェクトや新規オブジェクトには触れません。	Escribe exactamente los %d objetos mostrados aquí en %s.cdproj.\nNo modifica objetos de otros proyectos ni los nuevos.	Grava exatamente os %d objetos exibidos aqui em %s.cdproj.\nObjetos de outros projetos e objetos novos não são alterados.	Записывает ровно %d показанных здесь объектов обратно в %s.cdproj.\nОбъекты других проектов и новые объекты не затрагиваются.	Burada gösterilen %d nesneyi aynen %s.cdproj dosyasına yazar.\nDiğer projelerdeki ve yeni nesneler değiştirilmez.
writes the %d objects of this project plus the new ones back into it; other projects stay untouched	writes the %d objects of this project plus the new ones back into it; other projects stay untouched	将此项目的 %d 个物体和新增物体写回文件；其他项目不受影响	將此專案的 %d 個物件和新增物件寫回檔案；其他專案不受影響	Schreibt die %d Objekte dieses Projekts und neue Objekte zurück; andere Projekte bleiben unverändert	Réécrit les %d objets de ce projet et les nouveaux ; les autres projets ne changent pas	이 프로젝트의 오브젝트 %d개와 새 오브젝트를 저장하며 다른 프로젝트는 변경하지 않습니다	このプロジェクトの%d個のオブジェクトと新規オブジェクトを書き戻します。他のプロジェクトは変更しません	Escribe los %d objetos de este proyecto y los nuevos; los demás proyectos no se modifican	Grava os %d objetos deste projeto e os novos; os outros projetos não são alterados	Записывает %d объектов этого проекта и новые; другие проекты не изменяются	Bu projenin %d nesnesini ve yenileri kaydeder; diğer projeler değişmez
this project is not in the scene: Overwrite would replace it with everything that is placed right now	this project is not in the scene: Overwrite would replace it with everything that is placed right now	此项目当前未在场景中：“覆盖”会用当前已放置的所有物体替换它	此專案目前不在場景中：「覆寫」會以目前已放置的所有物件取代它	Dieses Projekt ist nicht in der Szene: „Überschreiben“ würde es durch alles aktuell Platzierte ersetzen	Ce projet n’est pas dans la scène : « Écraser » le remplacerait par tout ce qui est placé actuellement	이 프로젝트는 장면에 없습니다. 덮어쓰면 현재 배치된 모든 항목으로 대체됩니다	このプロジェクトはシーンにありません。「上書き」すると現在配置されているすべてで置き換わります	Este proyecto no está en la escena: sobrescribirlo lo reemplazaría por todo lo colocado ahora	Este projeto não está na cena: sobrescrevê-lo substituiria tudo que está colocado agora	Проекта нет на сцене: перезапись заменит его всем, что размещено сейчас	Bu proje sahnede değil: üzerine yazmak onu şu anda yerleştirilmiş her şeyle değiştirir
adds the project to what is already placed; Replace all removes the current objects first	adds the project to what is already placed; Replace all removes the current objects first	将项目添加到当前场景；“全部替换”会先移除当前物体	將專案加入目前場景；「全部取代」會先移除現有物件	Fügt das Projekt zur Szene hinzu; „Alles ersetzen“ entfernt zuerst die aktuellen Objekte	Ajoute le projet à la scène ; « Tout remplacer » supprime d’abord les objets actuels	현재 배치된 항목에 프로젝트를 추가합니다. 모두 교체는 기존 오브젝트를 먼저 제거합니다	現在の配置にプロジェクトを追加します。「すべて置換」は既存のオブジェクトを先に削除します	Añade el proyecto a lo colocado; «Reemplazar todo» elimina primero los objetos actuales	Adiciona o projeto ao que já está colocado; «Substituir tudo» remove primeiro os objetos atuais	Добавляет проект к размещённым объектам; «Заменить всё» сначала удаляет текущие	Projeyi mevcut yerleşime ekler; Tümünü değiştir önce mevcut nesneleri kaldırır
load this project automatically at game start; you can tick as many as you like, they are all placed into the same scene	load this project automatically at game start; you can tick as many as you like, they are all placed into the same scene	在游戏启动时自动加载此项目；可以勾选多个项目，它们都会放入同一场景	在遊戲啟動時自動載入此專案；可勾選多個專案，它們都會放入同一場景	Dieses Projekt beim Spielstart laden; beliebig viele auswählen, alle erscheinen in derselben Szene	Charge ce projet au démarrage du jeu ; plusieurs projets peuvent être chargés dans la même scène	게임 시작 시 이 프로젝트를 자동으로 불러옵니다. 여러 개를 선택해도 같은 장면에 배치됩니다	ゲーム開始時にこのプロジェクトを自動読込します。複数選択しても同じシーンに配置されます	Carga este proyecto al iniciar el juego; puedes marcar varios y se colocarán en la misma escena	Carrega este projeto ao iniciar o jogo; você pode marcar vários e todos irão para a mesma cena	Загружает проект при запуске игры; можно выбрать несколько, все появятся на одной сцене	Oyun başladığında projeyi yükler; birden çok proje seçilebilir ve aynı sahneye yerleştirilir
autoload: off. Tick as many projects as you like; they all spawn ~3 s after the player is in the world.	autoload: off. Tick as many projects as you like; they all spawn ~3 s after the player is in the world.	自动加载：关闭。可勾选多个项目；玩家进入世界约 3 秒后会生成。	自動載入：關閉。可勾選多個專案；玩家進入世界約 3 秒後會生成。	Autoload aus. Wähle beliebig viele Projekte; sie erscheinen etwa 3 s nach dem Betreten der Welt.	Chargement auto désactivé. Sélectionnez des projets ; ils apparaîtront environ 3 s après l’arrivée du joueur dans le monde.	자동 불러오기 꺼짐. 여러 프로젝트를 선택할 수 있으며 플레이어가 월드에 진입한 뒤 약 3초 후 생성됩니다.	自動読み込み：オフ。複数のプロジェクトを選択でき、プレイヤーがワールドに入って約3秒後に生成されます。	Carga automática desactivada. Marca los proyectos que quieras; aparecerán unos 3 s después de entrar al mundo.	Carregamento automático desativado. Selecione projetos; eles surgirão cerca de 3 s após o jogador entrar no mundo.	Автозагрузка выключена. Выберите проекты; они появятся примерно через 3 с после входа игрока в мир.	Otomatik yükleme kapalı. İstediğiniz projeleri seçin; oyuncu dünyaya girdikten yaklaşık 3 sn sonra oluşturulurlar.
autoload (%d): %s - spawned ~3 s after the player is in the world (file: bin64\\cdmodkit\\autoload.txt, one name per line)	autoload (%d): %s - spawned ~3 s after the player is in the world (file: bin64\\cdmodkit\\autoload.txt, one name per line)	自动加载（%d）：%s - 玩家进入世界约 3 秒后生成（文件：bin64\\cdmodkit\\autoload.txt，每行一个名称）	自動載入（%d）：%s - 玩家進入世界約 3 秒後生成（檔案：bin64\\cdmodkit\\autoload.txt，每行一個名稱）	Autoload (%d): %s – erscheint etwa 3 s nach dem Betreten der Welt (Datei: bin64\\cdmodkit\\autoload.txt, ein Name pro Zeile)	Chargement auto (%d) : %s – apparaît environ 3 s après l’arrivée du joueur (fichier : bin64\\cdmodkit\\autoload.txt, un nom par ligne)	자동 불러오기(%d): %s - 플레이어가 월드에 들어온 뒤 약 3초 후 생성(파일: bin64\\cdmodkit\\autoload.txt, 한 줄에 이름 하나)	自動読み込み（%d）：%s - プレイヤーがワールドに入って約3秒後に生成（ファイル：bin64\\cdmodkit\\autoload.txt、1行に1名）	Carga automática (%d): %s; aparece unos 3 s después de entrar al mundo (archivo: bin64\\cdmodkit\\autoload.txt, un nombre por línea)	Carga automática (%d): %s; surge cerca de 3 s após entrar no mundo (arquivo: bin64\\cdmodkit\\autoload.txt, um nome por linha)	Автозагрузка (%d): %s — появится примерно через 3 с после входа игрока в мир (файл: bin64\\cdmodkit\\autoload.txt, по одному имени в строке)	Otomatik yükleme (%d): %s - oyuncu dünyaya girdikten yaklaşık 3 sn sonra oluşturulur (dosya: bin64\\cdmodkit\\autoload.txt, satır başına bir ad)
gimmick spawn research: captures %d%s	gimmick spawn research: captures %d%s	机关生成研究：捕获 %d%s	機關生成研究：擷取 %d%s	Gimmick-Spawn-Forschung: %d Aufnahmen%s	Étude d’apparition des mécanismes : %d captures%s	기믹 생성 연구: 캡처 %d%s	ギミック生成の調査：キャプチャ%d%s	Investigación de generación gimmick: capturas %d%s	Pesquisa de geração gimmick: capturas %d%s	Исследование создания механизмов: захватов %d%s	Gimmick oluşturma araştırması: %d yakalama%s
Auto (system)	Auto (system)	自动（系统）	自動（系統）	Auto (System)	Auto (système)	자동(시스템)	自動（システム）	Automático (sistema)	Automático (sistema)	Авто (системный язык)	Otomatik (sistem)
English	English	英语	英語	Englisch	Anglais	영어	英語	Inglés	Inglês	Английский	İngilizce
Simplified Chinese	Simplified Chinese	简体中文	简体中文	Vereinfachtes Chinesisch	Chinois simplifié	중국어(간체)	簡体字中国語	Chino simplificado	Chinês simplificado	Упрощённый китайский	Basitleştirilmiş Çince
Traditional Chinese	Traditional Chinese	繁体中文	繁體中文	Traditionelles Chinesisch	Chinois traditionnel	중국어(번체)	繁体字中国語	Chino tradicional	Chinês tradicional	Традиционный китайский	Geleneksel Çince
German	German	德语	德語	Deutsch	Allemand	독일어	ドイツ語	Alemán	Alemão	Немецкий	Almanca
French	French	法语	法語	Französisch	Français	프랑스어	フランス語	Francés	Francês	Французский	Fransızca
Korean	Korean	韩语	韓語	Koreanisch	Coréen	한국어	韓国語	Coreano	Coreano	Корейский	Korece
Japanese	Japanese	日语	日語	Japanisch	Japonais	일본어	日本語	Japonés	Japonês	Японский	Japonca
Spanish	Spanish	西班牙语	西班牙語	Spanisch	Espagnol	스페인어	スペイン語	Español	Espanhol	Испанский	İspanyolca
Portuguese (Brazil)	Portuguese (Brazil)	葡萄牙语（巴西）	葡萄牙語（巴西）	Portugiesisch (Brasilien)	Portugais (Brésil)	포르투갈어(브라질)	ポルトガル語（ブラジル）	Portugués (Brasil)	Português (Brasil)	Португальский (Бразилия)	Brezilya Portekizcesi
Russian	Russian	俄语	俄語	Russisch	Russe	러시아어	ロシア語	Ruso	Russo	Русский	Rusça
Turkish	Turkish	土耳其语	土耳其語	Türkisch	Turc	튀르키예어	トルコ語	Turco	Turco	Турецкий	Türkçe
snap to ground	snap to ground	吸附到地面	吸附至地面	Am Boden ausrichten	Aligner au sol	지면에 맞추기	地面にスナップ	Ajustar al suelo	Alinhar ao chão	Привязать к земле	Zemine hizala
drop	drop	放下	放下	Ablegen	Déposer	놓기	置く	Soltar	Soltar	Опустить	Bırak
hooks MISSING	hooks MISSING	钩子未就绪	掛鉤未就緒	Hooks FEHLEN	Hooks MANQUANTS	훅 누락	フック未検出	Hooks FALTANTES	Hooks AUSENTES	ХУКИ ОТСУТСТВУЮТ	Hook EKSİK
game thread: waiting	game thread: waiting	游戏线程：等待中	遊戲執行緒：等待中	Spielthread: wartet	Thread du jeu : en attente	게임 스레드: 대기 중	ゲームスレッド：待機中	Hilo del juego: esperando	Thread do jogo: aguardando	Поток игры: ожидание	Oyun iş parçacığı: bekliyor
game thread: running	game thread: running	游戏线程：运行中	遊戲執行緒：執行中	Spielthread: läuft	Thread du jeu : actif	게임 스레드: 실행 중	ゲームスレッド：実行中	Hilo del juego: activo	Thread do jogo: em execução	Поток игры: работает	Oyun iş parçacığı: çalışıyor
game thread: paused	game thread: paused	游戏线程：已暂停	遊戲執行緒：已暫停	Spielthread: pausiert	Thread du jeu : en pause	게임 스레드: 일시 중지	ゲームスレッド：一時停止	Hilo del juego: pausado	Thread do jogo: pausado	Поток игры: приостановлен	Oyun iş parçacığı: duraklatıldı
center %.1f  %.1f  %.1f    rotation %+.0f    tilt %+.0f / %+.0f    scale x%.2f    snap %s	center %.1f  %.1f  %.1f    rotation %+.0f    tilt %+.0f / %+.0f    scale x%.2f    snap %s	中心 %.1f  %.1f  %.1f    旋转 %+.0f    倾斜 %+.0f / %+.0f    比例 x%.2f    吸附 %s	中心 %.1f  %.1f  %.1f    旋轉 %+.0f    傾斜 %+.0f / %+.0f    比例 x%.2f    吸附 %s	Mitte %.1f  %.1f  %.1f    Drehung %+.0f    Neigung %+.0f / %+.0f    Größe x%.2f    Raster %s	Centre %.1f  %.1f  %.1f    rotation %+.0f    inclinaison %+.0f / %+.0f    échelle x%.2f    alignement %s	중심 %.1f  %.1f  %.1f    회전 %+.0f    기울기 %+.0f / %+.0f    크기 x%.2f    스냅 %s	中心 %.1f  %.1f  %.1f    回転 %+.0f    傾き %+.0f / %+.0f    スケール x%.2f    スナップ %s	Centro %.1f  %.1f  %.1f    giro %+.0f    inclinación %+.0f / %+.0f    escala x%.2f    ajuste %s	Centro %.1f  %.1f  %.1f    rotação %+.0f    inclinação %+.0f / %+.0f    escala x%.2f    ajuste %s	Центр %.1f  %.1f  %.1f    поворот %+.0f    наклон %+.0f / %+.0f    масштаб x%.2f    привязка %s	Merkez %.1f  %.1f  %.1f    dönüş %+.0f    eğim %+.0f / %+.0f    ölçek x%.2f    hizalama %s
extra distance in front of you, height, and sideways offset; the object's footprint is already accounted for	extra distance in front of you, height, and sideways offset; the object's footprint is already accounted for	额外设置物体在你面前的距离、高度和侧向偏移；已考虑物体占地范围	額外設定物件在你面前的距離、高度和側向偏移；已考慮物件占地範圍	Zusätzlicher Abstand nach vorn, Höhe und seitlicher Versatz; die Grundfläche des Objekts ist bereits berücksichtigt	Distance supplémentaire devant vous, hauteur et décalage latéral ; l’empreinte de l’objet est déjà prise en compte	앞쪽 거리, 높이, 좌우 오프셋을 추가합니다. 오브젝트의 바닥 면적은 이미 반영됩니다	目の前の距離、高さ、横方向のオフセットを追加します。オブジェクトの占有範囲は考慮済みです	Distancia adicional delante, altura y desplazamiento lateral; la huella del objeto ya está considerada	Distância extra à frente, altura e deslocamento lateral; a área ocupada pelo objeto já é considerada	Дополнительное расстояние перед вами, высота и боковое смещение; габариты объекта уже учтены	Öne ek mesafe, yükseklik ve yana kaydırma; nesnenin taban alanı zaten hesaba katılır
front = camera view	front = camera view	前方 = 摄像机视角	前方 = 攝影機視角	Vorne = Kamerablickrichtung	Devant = direction de la caméra	앞쪽 = 카메라 시야	前方 = カメラ視点	Delante = vista de cámara	Frente = visão da câmera	Вперёд = направление камеры	Ön = kamera görünümü
where 'in front of you' points: the camera's view direction (on) or the direction you last walked (off)	where 'in front of you' points: the camera's view direction (on) or the direction you last walked (off)	“你面前”的方向：开启时使用摄像机视角，关闭时使用上次行走方向	「你面前」的方向：開啟時使用攝影機視角，關閉時使用上次行走方向	Richtung „vor dir“: Kamerablick (ein) oder zuletzt gelaufene Richtung (aus)	Direction « devant vous » : vue caméra (activée) ou dernière direction de marche (désactivée)	'앞쪽' 방향: 켜면 카메라 시야, 끄면 마지막으로 걸은 방향	「目の前」の向き：オンならカメラ視点、オフなら最後に歩いた方向	Dirección «delante»: cámara (activado) o último rumbo a pie (desactivado)	Direção “à frente”: câmera (ativada) ou último sentido caminhado (desativada)	Направление «перед вами»: камера (вкл.) или последнее направление движения (выкл.)	“Ön” yönü: açıkken kamera, kapalıyken son yürüdüğünüz yön
spawns <count> copies in a row across your line of sight, <spacing> apart, grouped, then hands them to the placement mode	spawns <count> copies in a row across your line of sight, <spacing> apart, grouped, then hands them to the placement mode	沿视线方向横向排列 <count> 个副本，间距为 <spacing>，并编组后交给放置模式	沿視線方向橫向排列 <count> 個複本，間距為 <spacing>，並群組後交給放置模式	Erzeugt <count> Kopien quer zu deiner Blickrichtung im Abstand <spacing>, gruppiert sie und übergibt sie dem Platzierungsmodus	Crée <count> copies en ligne dans votre champ de vision, espacées de <spacing>, les groupe et passe au mode placement	시야를 가로지르는 줄에 <count>개 복사본을 <spacing> 간격으로 생성하고 그룹화한 뒤 배치 모드로 넘깁니다	視線を横切る列に<count>個を<spacing>間隔で生成し、グループ化して配置モードに渡します	Crea <count> copias en una fila frente a ti, separadas <spacing>, las agrupa y activa el modo de colocación	Gera <count> cópias em uma linha à sua frente, com <spacing> de distância, agrupa e abre o modo de posicionamento	Создаёт <count> копий поперёк направления взгляда с интервалом <spacing>, группирует и передаёт в режим размещения	Görüşünüz boyunca <spacing> aralıkla <count> kopya oluşturur, gruplar ve yerleştirme moduna geçirir
spawns <count> copies on a circle of <radius> in front of you, grouped, then hands them to the placement mode	spawns <count> copies on a circle of <radius> in front of you, grouped, then hands them to the placement mode	在你面前半径为 <radius> 的圆周上生成 <count> 个副本并编组，然后进入放置模式	在你面前半徑為 <radius> 的圓周上生成 <count> 個複本並群組，然後進入放置模式	Erzeugt <count> Kopien auf einem Kreis mit Radius <radius> vor dir, gruppiert sie und startet den Platzierungsmodus	Crée <count> copies sur un cercle de rayon <radius> devant vous, les groupe et passe au mode placement	앞쪽 반지름 <radius> 원 위에 <count>개 복사본을 생성하고 그룹화한 뒤 배치 모드로 넘깁니다	目の前の半径<radius>の円上に<count>個を生成し、グループ化して配置モードに渡します	Crea <count> copias en un círculo de radio <radius> delante de ti, las agrupa y activa el modo de colocación	Gera <count> cópias em um círculo de raio <radius> à sua frente, agrupa e abre o modo de posicionamento	Создаёт <count> копий по кругу радиуса <radius> перед вами, группирует и передаёт в режим размещения	Önünüzde yarıçapı <radius> olan bir daireye <count> kopya dizer, gruplar ve yerleştirme moduna geçirir
How each copy is turned. The line runs from left to right in front of you.\nyaw as set:       every copy keeps the yaw from the spawn options, no matter where it stands.\nalong the line:   the object's X axis points along the line (fences, walls, railings end to end).\nacross the line:  the object's X axis is turned 90 degrees to the line, all copies face the same way\n                  (benches, market stalls, tents side by side).	How each copy is turned. The line runs from left to right in front of you.\nyaw as set:       every copy keeps the yaw from the spawn options, no matter where it stands.\nalong the line:   the object's X axis points along the line (fences, walls, railings end to end).\nacross the line:  the object's X axis is turned 90 degrees to the line, all copies face the same way\n                  (benches, market stalls, tents side by side).	每个副本的朝向方式。直线从你面前的左侧延伸到右侧。\n保持当前偏航角：每个副本都使用生成选项中的偏航角。\n沿直线方向：物体的 X 轴沿直线排列（栅栏、墙和栏杆首尾相接）。\n垂直于直线：物体的 X 轴与直线垂直，所有副本朝向相同（长椅、摊位、帐篷并排）。	每個複本的朝向方式。直線從你面前的左側延伸到右側。\n保持目前偏航角：每個複本都使用生成選項中的偏航角。\n沿直線方向：物件的 X 軸沿直線排列（柵欄、牆和欄杆首尾相接）。\n垂直於直線：物件的 X 軸與直線垂直，所有複本朝向相同（長椅、攤位、帳篷並排）。	Ausrichtung jeder Kopie. Die Linie verläuft vor dir von links nach rechts.\nWinkel beibehalten: Alle Kopien nutzen den Spawn-Winkel.\nEntlang der Linie: Die X-Achse zeigt entlang der Linie (Zäune und Mauern aneinanderreihen).\nQuer zur Linie: Die X-Achse steht senkrecht, alle Kopien zeigen gleich (Bänke, Stände, Zelte nebeneinander).	Ausrichtung de chaque copie. La ligne va de gauche à droite devant vous.\nAngle défini : chaque copie garde l’angle des options de génération.\nLe long de la ligne : l’axe X suit la ligne (clôtures, murs et rampes bout à bout).\nEn travers : l’axe X est perpendiculaire, toutes les copies regardent pareil (bancs, étals, tentes côte à côte).	각 복사본의 방향입니다. 선은 앞쪽에서 왼쪽에서 오른쪽으로 이어집니다.\n설정된 요: 모든 복사본이 생성 옵션의 요 값을 유지합니다.\n선을 따라: 오브젝트 X축이 선을 따라갑니다(울타리, 벽, 난간을 잇는 경우).\n선 가로질러: X축이 선과 90도이며 모두 같은 방향을 향합니다(벤치, 노점, 텐트를 나란히 배치).	各コピーの向き。線は目の前を左から右へ伸びます。\n設定ヨー：生成オプションのヨーを維持します。\n線に沿う：オブジェクトのX軸を線に沿わせます（柵、壁、手すりを連結）。\n線に対して横向き：X軸を線に対して90度にし、全て同じ向きにします（ベンチ、屋台、テントなど）。	Orientación de cada copia. La línea va de izquierda a derecha delante de ti.\nGiro definido: cada copia conserva el giro de las opciones.\nA lo largo: el eje X sigue la línea (vallas, muros y barandillas en fila).\nA través: el eje X queda perpendicular y todas miran igual (bancos, puestos y tiendas).	Orientação de cada cópia. A linha vai da esquerda para a direita à sua frente.\nRotação definida: cada cópia mantém a rotação das opções.\nAo longo: o eixo X acompanha a linha (cercas, muros e corrimãos em sequência).\nAtravessado: o eixo X fica perpendicular e todas apontam para o mesmo lado (bancos, barracas, tendas).	Направление копий. Линия проходит слева направо перед вами.\nЗаданный угол: угол из параметров создания.\nВдоль линии: ось X вдоль линии (заборы, стены, перила в ряд).\nПоперёк: ось X перпендикулярна линии, все копии смотрят одинаково (скамьи, прилавки, палатки).	Kopyaların yönü. Çizgi önünüzde soldan sağa uzanır.\nSabit yaw: oluşturma seçeneklerindeki yaw korunur.\nÇizgi boyunca: X ekseni çizgiyi izler (çit, duvar, korkuluk sıraları).\nÇizgiye çapraz: X ekseni dik durur ve tüm kopyalar aynı yöne bakar (banklar, tezgâhlar, çadırlar).
How each copy on the ring is turned.\nyaw as set:    every copy keeps the yaw from the spawn options (all parallel, like a grid).\nX to center:   the object's X axis points at the middle of the ring: chairs around a table, seats around a fire.\nX outward:     the object's X axis points away from the middle: torches, statues or spikes facing out.	How each copy on the ring is turned.\nyaw as set:    every copy keeps the yaw from the spawn options (all parallel, like a grid).\nX to center:   the object's X axis points at the middle of the ring: chairs around a table, seats around a fire.\nX outward:     the object's X axis points away from the middle: torches, statues or spikes facing out.	圆环上每个副本的朝向方式。\n保持当前偏航角：每个副本都使用生成选项中的偏航角（彼此平行）。\nX 轴朝向中心：物体 X 轴指向圆心，适合围桌椅子或篝火座位。\nX 轴朝外：物体 X 轴背离圆心，适合朝外的火炬、雕像或尖刺。	圓環上每個複本的朝向方式。\n保持目前偏航角：每個複本都使用生成選項中的偏航角（彼此平行）。\nX 軸朝向中心：物件 X 軸指向圓心，適合圍桌椅子或營火座位。\nX 軸朝外：物件 X 軸背離圓心，適合朝外的火炬、雕像或尖刺。	Ausrichtung der Kopien auf dem Ring.\nWinkel beibehalten: Alle Kopien bleiben parallel.\nX zur Mitte: X-Achse zeigt zum Mittelpunkt (Stühle um Tisch oder Feuer).\nX nach außen: X-Achse zeigt nach außen (Fackeln, Statuen oder Spitzen).	Orientation des copies sur le cercle.\nAngle défini : les copies restent parallèles.\nX vers le centre : l’axe X pointe vers le centre (chaises autour d’une table ou d’un feu).\nX vers l’extérieur : l’axe X pointe dehors (torches, statues ou piques).	원형 배치의 방향입니다.\n설정된 요: 모든 복사본이 서로 평행합니다.\nX축이 중심을 향함: X축이 원의 중심을 향합니다(테이블이나 모닥불 주변 좌석).\nX축이 바깥을 향함: X축이 중심에서 바깥을 향합니다(횃불, 조각상, 가시).	円形配置の向きです。\n設定ヨー：すべて平行になります。\nX軸を中心へ：X軸を円の中心に向けます（テーブルや焚き火を囲む椅子）。\nX軸を外側へ：X軸を外に向けます（外向きのたいまつ、像、とげ）。	Orientación de las copias en el círculo.\nGiro definido: todas quedan paralelas.\nX hacia el centro: el eje X apunta al centro (sillas alrededor de una mesa o fuego).\nX hacia fuera: el eje X apunta hacia afuera (antorchas, estatuas o púas).	Orientação das cópias no círculo.\nRotação definida: todas ficam paralelas.\nX para o centro: o eixo X aponta para o centro (cadeiras ao redor de mesa ou fogueira).\nX para fora: o eixo X aponta para fora (tochas, estátuas ou estacas).	Направление копий на круге.\nЗаданный угол: все копии параллельны.\nОсь X к центру: ось направлена к центру (стулья у стола или костра).\nОсь X наружу: ось направлена от центра (факелы, статуи, шипы).	Çemberdeki kopyaların yönü.\nSabit yaw: tüm kopyalar paralel kalır.\nX merkeze dönük: X ekseni merkeze bakar (masa veya ateş çevresindeki sandalyeler).\nX dışa dönük: X ekseni dışarı bakar (meşaleler, heykeller, sivri kazıklar).
Empty the scene	Empty the scene	清空场景	清空場景	Szene leeren	Vider la scène	장면 비우기	シーンを空にする	Vaciar escena	Esvaziar cena	Очистить сцену	Sahneyi boşalt
Import .cdproj	Import .cdproj	导入 .cdproj	匯入 .cdproj	.cdproj importieren	Importer un .cdproj	.cdproj 가져오기	.cdprojをインポート	Importar .cdproj	Importar .cdproj	Импорт .cdproj	.cdproj içe aktar
Open folder	Open folder	打开文件夹	開啟資料夾	Ordner öffnen	Ouvrir le dossier	폴더 열기	フォルダーを開く	Abrir carpeta	Abrir pasta	Открыть папку	Klasörü aç
imported %s	imported %s	已导入 %s	已匯入 %s	%s importiert	%s importé	%s 가져옴	%sをインポートしました	%s importado	%s importado	Импортировано: %s	%s içe aktarıldı
import failed	import failed	导入失败	匯入失敗	Import fehlgeschlagen	Échec de l’importation	가져오기 실패	インポートに失敗しました	Error al importar	Falha ao importar	Ошибка импорта	İçe aktarma başarısız
saved %s (%d objects)	saved %s (%d objects)	已保存 %s（%d 个物体）	已儲存 %s（%d 個物件）	%s gespeichert (%d Objekte)	%s enregistré (%d objets)	%s 저장됨(오브젝트 %d개)	%sを保存しました（オブジェクト%d個）	%s guardado (%d objetos)	%s salvo (%d objetos)	Сохранено: %s (объектов: %d)	%s kaydedildi (%d nesne)
overwrote %s	overwrote %s	已覆盖 %s	已覆寫 %s	%s überschrieben	%s écrasé	%s 덮어씀	%sを上書きしました	%s sobrescrito	%s sobrescrito	Перезаписано: %s	%s üzerine yazıldı
overwrote %s (%d objects)	overwrote %s (%d objects)	已覆盖 %s（%d 个物体）	已覆寫 %s（%d 個物件）	%s überschrieben (%d Objekte)	%s écrasé (%d objets)	%s 덮어씀(오브젝트 %d개)	%sを上書きしました（オブジェクト%d個）	%s sobrescrito (%d objetos)	%s sobrescrito (%d objetos)	Перезаписано: %s (объектов: %d)	%s üzerine yazıldı (%d nesne)
loading %s (added to the scene)	loading %s (added to the scene)	正在加载 %s（已添加到场景）	正在載入 %s（已加入場景）	%s wird geladen (zur Szene hinzugefügt)	Chargement de %s (ajouté à la scène)	%s 불러오는 중(장면에 추가됨)	%sを読み込み中（シーンに追加）	Cargando %s (añadido a la escena)	Carregando %s (adicionado à cena)	Загрузка %s (добавлен на сцену)	%s yükleniyor (sahneye eklendi)
replaced by %s	replaced by %s	已替换为 %s	已取代為 %s	Durch %s ersetzt	Remplacé par %s	%s로 교체됨	%sに置き換え	Reemplazado por %s	Substituído por %s	Заменено проектом %s	%s ile değiştirildi
save failed	save failed	保存失败	儲存失敗	Speichern fehlgeschlagen	Échec de l’enregistrement	저장 실패	保存に失敗しました	Error al guardar	Falha ao salvar	Ошибка сохранения	Kaydetme başarısız
new project: scene emptied - place your objects, then save under a new name	new project: scene emptied - place your objects, then save under a new name	新项目：场景已清空。放置物体后，请使用新名称保存。	新專案：場景已清空。放置物件後，請使用新名稱儲存。	Neues Projekt: Szene geleert. Platziere Objekte und speichere unter einem neuen Namen.	Nouveau projet : scène vidée. Placez vos objets, puis enregistrez sous un nouveau nom.	새 프로젝트: 장면을 비웠습니다. 오브젝트를 배치한 뒤 새 이름으로 저장하세요.	新規プロジェクト：シーンを空にしました。オブジェクトを配置して新しい名前で保存してください。	Proyecto nuevo: escena vacía. Coloca objetos y guarda con un nombre nuevo.	Novo projeto: cena esvaziada. Posicione os objetos e salve com um novo nome.	Новый проект: сцена очищена. Разместите объекты и сохраните под новым именем.	Yeni proje: sahne boşaltıldı. Nesneleri yerleştirip yeni adla kaydedin.
%s = %s   %s = hide	%s = %s   %s = hide	%s = %s   %s = 隐藏	%s = %s   %s = 隱藏	%s = %s   %s = ausblenden	%s = %s   %s = masquer	%s = %s   %s = 숨기기	%s = %s   %s = 非表示	%s = %s   %s = ocultar	%s = %s   %s = ocultar	%s = %s   %s = скрыть	%s = %s   %s = gizle
hides prefabs without a visible mesh	hides prefabs without a visible mesh	隐藏没有可见网格的预制件	隱藏沒有可見網格的預製件	Blendet Prefabs ohne sichtbares Mesh aus	Masque les prefabs sans maillage visible	보이는 메시가 없는 프리팹 숨기기	表示メッシュのないPrefabを隠す	Oculta prefabs sin malla visible	Oculta prefabs sem malha visível	Скрывает префабы без видимого меша	Görünür mesh içermeyen prefabları gizler
hides prefabs without static meshes (skinned characters, logic-only prefabs): they spawn nothing visible	hides prefabs without static meshes (skinned characters, logic-only prefabs): they spawn nothing visible	隐藏没有静态网格的预制件（骨骼角色、纯逻辑预制件），这些对象生成后不可见	隱藏沒有靜態網格的預製件（骨架角色、純邏輯預製件），這些物件生成後不可見	Blendet Prefabs ohne statische Meshes aus (Skelettfiguren, reine Logik-Prefabs); sie erzeugen nichts Sichtbares	Masque les prefabs sans maillage statique (personnages squelettés, prefabs logiques) : ils n’affichent rien	정적 메시가 없는 프리팹(스킨 캐릭터, 로직 전용 프리팹)을 숨깁니다. 생성해도 보이지 않습니다	静的メッシュのないPrefab（スキン付きキャラクターやロジック専用Prefab）を隠します。生成しても表示されません	Oculta prefabs sin malla estática (personajes con esqueleto o prefabs lógicos): no muestran nada	Oculta prefabs sem malha estática (personagens esqueléticos ou prefabs só de lógica): nada visível será criado	Скрывает префабы без статических мешей (персонажи со скелетом и логические префабы): они не отображаются	Statik mesh içermeyen prefabları (iskeletli karakterler, yalnızca mantık prefabları) gizler; görünür nesne oluşturmaz
Gizmo projection (stage 1: display). Calibrate once: enable the marker, switch to play mode (Home) and adjust until the yellow circles sit at your character's feet and head.	Gizmo projection (stage 1: display). Calibrate once: enable the marker, switch to play mode (Home) and adjust until the yellow circles sit at your character's feet and head.	操纵器投影（第 1 阶段：显示）。只需校准一次：启用标记，切换到游玩模式（Home），调整数值，直到黄色圆圈分别位于角色脚部和头部。	操縱器投影（第 1 階段：顯示）。只需校準一次：啟用標記，切換至遊玩模式（Home），調整數值，直到黃色圓圈分別位於角色腳部和頭部。	Gizmo-Projektion (Stufe 1: Anzeige). Einmal kalibrieren: Markierung aktivieren, in den Spielmodus (Pos1) wechseln und anpassen, bis die gelben Kreise an Füßen und Kopf sitzen.	Projection du gizmo (étape 1 : affichage). Calibrez une fois : activez le repère, passez en mode jeu (Home) et ajustez jusqu’à ce que les cercles jaunes soient aux pieds et à la tête du personnage.	기즈모 투영(1단계: 표시). 한 번만 보정하세요. 마커를 켜고 플레이 모드(Home)로 전환한 뒤 노란 원이 캐릭터의 발과 머리에 오도록 조정합니다.	ギズモの投影（ステージ1：表示）。一度だけ調整します。マーカーを有効にしてプレイモード（Home）に切り替え、黄色い円がキャラクターの足と頭に合うように調整してください。	Proyección del gizmo (fase 1: visualización). Calibra una vez: activa el marcador, cambia al modo juego (Home) y ajusta hasta que los círculos amarillos coincidan con los pies y la cabeza.	Projeção do gizmo (etapa 1: exibição). Calibre uma vez: ative o marcador, mude para o modo de jogo (Home) e ajuste até os círculos amarelos ficarem nos pés e na cabeça do personagem.	Проекция гизмо (этап 1: отображение). Настройте один раз: включите маркер, перейдите в игровой режим (Home) и совместите жёлтые круги с ногами и головой персонажа.	Gizmo projeksiyonu (1. aşama: görüntü). Bir kez kalibre edin: işareti açın, oyun moduna (Home) geçin ve sarı daireler karakterin ayaklarına ve başına oturana kadar ayarlayın.
listens on 127.0.0.1 only. Local tools and scripts can search prefabs and spawn, move and delete World Builder objects (see HTTP_API.md)	listens on 127.0.0.1 only. Local tools and scripts can search prefabs and spawn, move and delete World Builder objects (see HTTP_API.md)	仅监听 127.0.0.1。本机工具和脚本可以搜索预制件，并生成、移动和删除 World Builder 物体（参阅 HTTP_API.md）	僅監聽 127.0.0.1。本機工具和指令碼可搜尋預製件，並生成、移動及刪除 World Builder 物件（參閱 HTTP_API.md）	Lauscht nur auf 127.0.0.1. Lokale Tools und Skripte können Prefabs suchen sowie World-Builder-Objekte erzeugen, bewegen und löschen (siehe HTTP_API.md).	Écoute uniquement sur 127.0.0.1. Les outils locaux peuvent rechercher des prefabs et créer, déplacer ou supprimer des objets (voir HTTP_API.md).	127.0.0.1에서만 수신합니다. 로컬 도구와 스크립트로 프리팹을 검색하고 World Builder 오브젝트를 생성·이동·삭제할 수 있습니다(HTTP_API.md 참고).	127.0.0.1のみで待ち受けます。ローカルツールからPrefab検索やWorld Builderオブジェクトの生成・移動・削除ができます（HTTP_API.md参照）。	Solo escucha en 127.0.0.1. Las herramientas locales pueden buscar prefabs y crear, mover o eliminar objetos (consulta HTTP_API.md).	Escuta somente em 127.0.0.1. Ferramentas locais podem buscar prefabs e criar, mover ou remover objetos (consulte HTTP_API.md).	Слушает только 127.0.0.1. Локальные инструменты могут искать префабы, создавать, перемещать и удалять объекты (см. HTTP_API.md).	Yalnızca 127.0.0.1 adresinde dinler. Yerel araçlar prefab arayabilir, World Builder nesnelerini oluşturabilir, taşıyabilir ve silebilir (HTTP_API.md).
all (%d)	all (%d)	全部（%d）	全部（%d）	Alle (%d)	Tout (%d)	전체(%d)	すべて（%d）	Todo (%d)	Tudo (%d)	Все (%d)	Tümü (%d)
new (%d)	new (%d)	新增（%d）	新增（%d）	Neu (%d)	Nouveaux (%d)	새 항목(%d)	新規（%d）	Nuevos (%d)	Novos (%d)	Новые (%d)	Yeni (%d)
Group %d  (%d objects)	Group %d  (%d objects)	组 %d（%d 个物体）	群組 %d（%d 個物件）	Gruppe %d  (%d Objekte)	Groupe %d  (%d objets)	그룹 %d  (오브젝트 %d개)	グループ%d（オブジェクト%d個）	Grupo %d  (%d objetos)	Grupo %d  (%d objetos)	Группа %d  (объектов: %d)	Grup %d  (%d nesne)
Group selection	Group selection	选择组	群組選取	Gruppe auswählen	Sélectionner le groupe	그룹 선택	グループを選択	Seleccionar grupo	Selecionar grupo	Выбрать группу	Grubu seç
Grab group	Grab group	抓取整组	抓取整組	Gruppe greifen	Saisir le groupe	그룹 잡기	グループを掴む	Agarrar grupo	Pegar grupo	Взять группу	Grubu tut
add to collection	add to collection	添加到收藏集	加入收藏集	Zur Sammlung hinzufügen	Ajouter à la collection	컬렉션에 추가	コレクションに追加	Añadir a colección	Adicionar à coleção	Добавить в коллекцию	Koleksiyona ekle
favorite	favorite	收藏	我的最愛	Favorit	Favori	즐겨찾기	お気に入り	Favorito	Favorito	В избранное	Favori
unfavorite	unfavorite	取消收藏	移除我的最愛	Aus Favoriten entfernen	Retirer des favoris	즐겨찾기 해제	お気に入り解除	Quitar de favoritos	Remover dos favoritos	Убрать из избранного	Favorilerden kaldır
recent:	recent:	最近：	最近：	Zuletzt:	Récents :	최근 항목:	最近:	Recientes:	Recentes:	Недавние:	Son kullanılanlar:
one grid step per press	one grid step per press	每按一次移动一个网格	每按一次移動一個格線	Ein Rasterfeld pro Tastendruck	Un pas de grille par pression	한 번 누를 때마다 한 칸	1回押すごとに1グリッド移動	Un paso de cuadrícula por pulsación	Um passo de grade por toque	Один шаг сетки за нажатие	Her basışta bir ızgara adımı
fast	fast	快速	快速	Schnell	Rapide	빠르게	高速	Rápido	Rápido	Быстро	Hızlı
(group)	(group)	（组）	（群組）	(Gruppe)	(groupe)	(그룹)	（グループ）	(grupo)	(grupo)	(группа)	(grup)
(in a group)	(in a group)	（属于一个组）	（屬於一個群組）	(in einer Gruppe)	(dans un groupe)	(그룹에 포함)	（グループ内）	(en un grupo)	(em um grupo)	(в группе)	(grupta)
(click: favorite)	(click: favorite)	（点击收藏）	（點擊加入我的最愛）	(Klick: Favorit)	(cliquer : favori)	(클릭: 즐겨찾기)	（クリックでお気に入り）	(clic: favorito)	(clique: favorito)	(щелчок: избранное)	(tıkla: favori)
0.1 m	0.1 m	0.1 米	0.1 公尺	0,1 m	0,1 m	0.1 m	0.1 m	0,1 m	0,1 m	0,1 м	0,1 m
0.25 m	0.25 m	0.25 米	0.25 公尺	0,25 m	0,25 m	0.25 m	0.25 m	0,25 m	0,25 m	0,25 м	0,25 m
0.5 m	0.5 m	0.5 米	0.5 公尺	0,5 m	0,5 m	0.5 m	0.5 m	0,5 m	0,5 m	0,5 м	0,5 m
1 m	1 m	1 米	1 公尺	1 m	1 m	1 m	1 m	1 m	1 m	1 м	1 m
2 m	2 m	2 米	2 公尺	2 m	2 m	2 m	2 m	2 m	2 m	2 м	2 m
5 deg	5 deg	5 度	5 度	5 Grad	5 degrés	5도	5度	5 grados	5 graus	5°	5 derece
15 deg	15 deg	15 度	15 度	15 Grad	15 degrés	15도	15度	15 grados	15 graus	15°	15 derece
30 deg	30 deg	30 度	30 度	30 Grad	30 degrés	30도	30度	30 grados	30 graus	30°	30 derece
45 deg	45 deg	45 度	45 度	45 Grad	45 degrés	45도	45度	45 grados	45 graus	45°	45 derece
90 deg	90 deg	90 度	90 度	90 Grad	90 degrés	90도	90度	90 grados	90 graus	90°	90 derece
object	object	物体	物件	Objekt	Objet	오브젝트	オブジェクト	Objeto	Objeto	Объект	Nesne
grp	grp	组	群組	Gruppe	Grp.	그룹	グループ	Grupo	Grupo	Группа	Grup
dist	dist	距离	距離	Abstand	Dist.	거리	距離	Distancia	Distância	Расст.	Uzaklık
feet	feet	脚部	腳部	Füße	Pieds	발	足元	Pies	Pés	Ноги	Ayaklar
head (1.8 m)	head (1.8 m)	头部（1.8 米）	頭部（1.8 公尺）	Kopf (1,8 m)	Tête (1,8 m)	머리(1.8m)	頭（1.8 m）	Cabeza (1,8 m)	Cabeça (1,8 m)	Голова (1,8 м)	Baş (1,8 m)
no duplicates found	no duplicates found	未发现重复物体	找不到重複物件	Keine Duplikate gefunden	Aucun doublon trouvé	중복 항목 없음	重複は見つかりませんでした	No se encontraron duplicados	Nenhuma duplicata encontrada	Дубликатов нет	Yinelenen bulunamadı
deleted all	deleted all	已删除全部物体	已刪除所有物件	Alle gelöscht	Tout supprimé	모두 삭제됨	すべて削除しました	Todo eliminado	Tudo excluído	Всё удалено	Tümü silindi
undo	undo	撤销	復原	Rückgängig	Annuler	실행 취소	元に戻す	Deshacer	Desfazer	Отменить	Geri al
redo	redo	重做	重做	Wiederholen	Rétablir	다시 실행	やり直し	Rehacer	Refazer	Повторить	Yinele
levelled	levelled	已水平对齐	已水平對齊	Ausgerichtet	Mis à niveau	수평 맞춤 완료	水平にしました	Nivelado	Nivelado	Выровнено	Düzleştirildi
%s %d objects	%s %d objects	%s %d 个物体	%s %d 個物件	%s %d Objekte	%s %d objets	%s 오브젝트 %d개	%s オブジェクト%d個	%s %d objetos	%s %d objetos	%s объектов: %d	%s %d nesne
spawn %s	spawn %s	生成 %s	生成 %s	%s erzeugt	Créer : %s	%s 생성	%sを生成	Crear %s	Gerar %s	Создать: %s	%s oluştur
spawning %s	spawning %s	正在生成 %s	正在生成 %s	Erzeuge %s	Création de %s	%s 생성 중	%sを生成中	Generando %s	Gerando %s	Создание: %s	%s oluşturuluyor
snapped to the ground (%+.2f m)	snapped to the ground (%+.2f m)	已吸附到地面（%+.2f 米）	已吸附至地面（%+.2f 公尺）	Am Boden eingerastet (%+.2f m)	Aligné au sol (%+.2f m)	지면에 맞춤(%+.2f m)	地面にスナップしました（%+.2f m）	Ajustado al suelo (%+.2f m)	Alinhado ao chão (%+.2f m)	Привязано к земле (%+.2f м)	Zemine hizalandı (%+.2f m)
Remove all %d placed objects and start an empty project?	Remove all %d placed objects and start an empty project?	移除全部 %d 个已放置物体并开始空项目？	移除全部 %d 個已放置物件並開始空白專案？	Alle %d platzierten Objekte entfernen und ein leeres Projekt starten?	Supprimer les %d objets placés et démarrer un projet vide ?	배치된 오브젝트 %d개를 모두 제거하고 빈 프로젝트를 시작할까요?	配置済みオブジェクト%d個をすべて削除して、新しいプロジェクトを開始しますか？	¿Eliminar los %d objetos colocados y comenzar un proyecto vacío?	Remover os %d objetos colocados e iniciar um projeto vazio?	Удалить все размещённые объекты (%d) и начать пустой проект?	Yerleştirilen %d nesnenin tümü kaldırılsın ve boş bir proje başlatılsın mı?
Saved projects stay on disk. Undo cannot bring the objects back.	Saved projects stay on disk. Undo cannot bring the objects back.	已保存的项目仍保留在磁盘上。撤销无法恢复这些物体。	已儲存的專案仍會保留在磁碟上。復原無法還原這些物件。	Gespeicherte Projekte bleiben auf der Festplatte. Rückgängig kann die Objekte nicht wiederherstellen.	Les projets enregistrés restent sur le disque. Annuler ne peut pas restaurer ces objets.	저장된 프로젝트는 디스크에 남습니다. 실행 취소로 오브젝트를 복구할 수 없습니다.	保存済みのプロジェクトはディスクに残ります。元に戻す操作ではオブジェクトを復元できません。	Los proyectos guardados permanecen en el disco. Deshacer no puede recuperar estos objetos.	Os projetos salvos continuam no disco. Desfazer não recupera esses objetos.	Сохранённые проекты останутся на диске. Отмена не восстановит объекты.	Kaydedilmiş projeler diskte kalır. Geri alma nesneleri geri getirmez.
empty scene for a new project: removes everything World Builder has placed.\nSaved .cdproj files on disk are not touched.	empty scene for a new project: removes everything World Builder has placed.\nSaved .cdproj files on disk are not touched.	为新项目清空场景：移除 World Builder 放置的所有物体。磁盘上已保存的 .cdproj 文件不会受影响。	為新專案清空場景：移除 World Builder 放置的所有物件。磁碟上已儲存的 .cdproj 檔案不會受影響。	Leere Szene für ein neues Projekt: Entfernt alles, was World Builder platziert hat. Gespeicherte .cdproj-Dateien bleiben erhalten.	Vider la scène pour un nouveau projet : supprime tout ce que World Builder a placé. Les fichiers .cdproj enregistrés restent intacts.	새 프로젝트를 위해 장면을 비웁니다. World Builder가 배치한 모든 오브젝트가 제거되며 디스크의 .cdproj 파일은 유지됩니다.	新しいプロジェクト用にシーンを空にします。World Builderが配置したオブジェクトは削除されますが、保存済みの.cdprojファイルは変更されません。	Vacía la escena para un proyecto nuevo: elimina lo colocado por World Builder. Los .cdproj guardados no se modifican.	Esvazia a cena para um novo projeto: remove tudo que o World Builder colocou. Arquivos .cdproj salvos não são alterados.	Очистить сцену для нового проекта: удалить размещённое World Builder. Сохранённые .cdproj не изменятся.	Yeni proje için sahneyi boşaltır: World Builder'ın yerleştirdiği her şeyi kaldırır. Kayıtlı .cdproj dosyaları değişmez.
drops the entries from the list without touching the world	drops the entries from the list without touching the world	从列表中移除条目，但不影响游戏世界	從清單中移除項目，但不影響遊戲世界	Entfernt Einträge aus der Liste, ohne die Welt zu verändern	Retire les entrées de la liste sans modifier le monde	월드는 변경하지 않고 목록에서 항목을 제거합니다	ワールドに触れずにリストから項目を除外します	Quita las entradas de la lista sin modificar el mundo	Remove os itens da lista sem alterar o mundo	Убирает записи из списка, не меняя мир	Dünyaya dokunmadan kayıtları listeden kaldırır
%d objects of this project are in the scene and were changed since the last save	%d objects of this project are in the scene and were changed since the last save	此项目有 %d 个物体在场景中，且自上次保存后已更改	此專案有 %d 個物件在場景中，且自上次儲存後已變更	%d Objekte dieses Projekts in der Szene wurden seit dem letzten Speichern geändert	%d objets de ce projet sont dans la scène et ont changé depuis la dernière sauvegarde	이 프로젝트의 오브젝트 %d개가 장면에 있으며 마지막 저장 이후 변경되었습니다	このプロジェクトのオブジェクト%d個がシーンにあり、前回保存後に変更されています	Hay %d objetos de este proyecto en la escena y cambiaron desde el último guardado	%d objetos deste projeto estão na cena e foram alterados desde o último salvamento	Объектов проекта в сцене: %d; есть изменения после сохранения	Bu projenin sahnedeki %d nesnesi son kayıttan sonra değiştirildi
placed by hand and not part of a saved project yet - the Project tab saves exactly these under a new name	placed by hand and not part of a saved project yet - the Project tab saves exactly these under a new name	手动放置的物体尚未属于已保存项目；“项目”标签页可将这些物体另存为新项目	手動放置的物件尚未屬於已儲存專案；「專案」分頁可將這些物件另存為新專案	Manuell platziert und noch keinem gespeicherten Projekt zugeordnet – im Projekt-Tab genau diese unter neuem Namen speichern	Placés à la main et pas encore enregistrés dans un projet ; l’onglet Projet permet de les sauvegarder sous un nouveau nom	직접 배치했으며 아직 저장된 프로젝트에 포함되지 않았습니다. 프로젝트 탭에서 새 이름으로 저장할 수 있습니다	手動配置され、まだ保存済みプロジェクトに属していません。プロジェクトタブで新しい名前を付けて保存できます	Colocados a mano y aún sin proyecto guardado; la pestaña Proyecto permite guardarlos con otro nombre	Colocados manualmente e ainda sem projeto salvo; a aba Projeto permite salvá-los com outro nome	Размещены вручную и ещё не входят в сохранённый проект; во вкладке «Проект» их можно сохранить под новым именем	Elle yerleştirildi ve kayıtlı projeye ait değil; Proje sekmesinden yeni adla kaydedebilirsiniz
player position not available (load a save)	player position not available (load a save)	无法获取玩家位置（请先加载存档）	無法取得玩家位置（請先載入存檔）	Spielerposition nicht verfügbar (Spielstand laden)	Position du joueur indisponible (chargez une sauvegarde)	플레이어 위치를 사용할 수 없습니다(저장 파일을 불러오세요)	プレイヤー位置を取得できません（セーブを読み込んでください）	Posición del jugador no disponible (carga una partida)	Posição do jogador indisponível (carregue um jogo salvo)	Позиция игрока недоступна (загрузите сохранение)	Oyuncu konumu yok (bir kayıt yükleyin)
gimmicks through the game	gimmicks through the game	通过游戏生成交互物品	透過遊戲產生互動物品	Gimmicks über das Spiel	objets interactifs via le jeu	게임 경유 기믹	ゲーム経由のギミック	gimmicks mediante el juego	gimmicks pelo jogo	интерактивные объекты через игру	oyun üzerinden etkileşimli nesneler
prefabs under /object/cd_gimmick/ are spawned through the game's own spawn path and react like real objects (torches, doors, chests); off = plain objects	prefabs under /object/cd_gimmick/ are spawned through the game's own spawn path and react like real objects (torches, doors, chests); off = plain objects	位于 /object/cd_gimmick/ 的预制体会通过游戏自身的生成流程创建，并像真实物品一样响应操作（火把、门、箱子）；关闭后生成普通物品	位於 /object/cd_gimmick/ 的預製體會透過遊戲本身的產生流程建立，並像真實物品一樣回應操作（火把、門、箱子）；關閉後產生一般物品	Prefabs unter /object/cd_gimmick/ werden über den Spawn-Weg des Spiels erzeugt und reagieren wie echte Objekte (Fackeln, Türen, Truhen); aus = normale Objekte	Les prefabs sous /object/cd_gimmick/ sont créés par le mécanisme d’apparition du jeu et réagissent comme de vrais objets (torches, portes, coffres) ; désactivé = objets simples	/object/cd_gimmick/ 아래 프리팹은 게임 자체 생성 경로로 만들어져 실제 오브젝트처럼 반응합니다(횃불, 문, 상자). 끄면 일반 오브젝트로 생성됩니다.	/object/cd_gimmick/ 配下のprefabはゲーム本来のスポーン経路で生成され、松明・扉・宝箱など実物同様に反応します。オフでは通常オブジェクトになります。	Los prefabs bajo /object/cd_gimmick/ se generan mediante la ruta de aparición del propio juego y reaccionan como objetos reales (antorchas, puertas, cofres); desactivado = objetos simples	Os prefabs em /object/cd_gimmick/ são gerados pelo próprio caminho de spawn do jogo e reagem como objetos reais (tochas, portas, baús); desligado = objetos simples	Префабы из /object/cd_gimmick/ создаются штатным путём игры и ведут себя как настоящие объекты (факелы, двери, сундуки); выкл. = обычные объекты	/object/cd_gimmick/ altındaki prefab'lar oyunun kendi oluşturma yoluyla üretilir ve gerçek nesneler gibi tepki verir (meşaleler, kapılar, sandıklar); kapalı = normal nesneler
%d interactive object(s) spawning...	%d interactive object(s) spawning...	正在生成 %d 个交互物品...	正在生成 %d 個互動物品...	Interaktive Objekte werden erzeugt: %d...	Création de %d objet(s) interactif(s)...	상호작용 오브젝트 %d개 생성 중...	インタラクティブオブジェクト%d個を生成中...	generando %d objeto(s) interactivo(s)...	gerando %d objeto(s) interativo(s)...	создаётся интерактивных объектов: %d...	%d etkileşimli nesne oluşturuluyor...
%d interactive object(s) waiting for a spawn template: walk a few meters	%d interactive object(s) waiting for a spawn template: walk a few meters	%d interactive object(s) waiting for a spawn template: walk a few meters	%d interactive object(s) waiting for a spawn template: walk a few meters	%d interaktive(s) Objekt(e) warten auf eine Spawn-Vorlage: ein paar Meter laufen	%d objet(s) interactif(s) attendent un modèle d’apparition : marchez quelques mètres	상호작용 오브젝트 %d개가 생성 템플릿을 기다리는 중입니다. 몇 미터 걸어 보세요.	インタラクティブオブジェクト%d個がスポーンテンプレート待ちです。数メートル歩いてください。	%d objeto(s) interactivo(s) esperan una plantilla de aparición: camina unos metros	%d objeto(s) interativo(s) aguardam um modelo de spawn: caminhe alguns metros	Интерактивных объектов, ожидающих шаблон создания: %d. Пройдите несколько метров.	%d etkileşimli nesne oluşturma şablonu bekliyor: birkaç metre yürüyün
NPCs	NPCs	NPC	NPC	NPCs	PNJ	NPC	NPC	PNJ	NPCs	НИП	NPC'ler
SPAWN	SPAWN	生成	生成	ERZEUGEN	FAIRE APPARAÎTRE	소환	出現させる	APARECER	GERAR	СОЗДАТЬ	OLUŞTUR
NPC spawning is not available in this game build (see the log).	NPC spawning is not available in this game build (see the log).	此游戏版本无法生成 NPC（见日志）。	此遊戲版本無法生成 NPC（見日誌）。	NPCs erzeugen ist in dieser Spielversion nicht möglich (siehe Log).	Impossible de faire apparaître des PNJ avec cette version du jeu (voir le journal).	이 게임 버전에서는 NPC를 소환할 수 없습니다(로그 참조).	このゲームバージョンではNPCを出現させられません（ログを参照）。	No se pueden crear PNJ en esta versión del juego (ver el registro).	Não é possível gerar NPCs nesta versão do jogo (veja o log).	В этой версии игры создавать НИП нельзя (см. журнал).	Bu oyun sürümünde NPC oluşturulamıyor (günlüğe bakın).
walk a few steps first: the game's spawn request needs your character's server actor	walk a few steps first: the game's spawn request needs your character's server actor	请先走几步：游戏的生成请求需要你角色的服务器对象	請先走幾步：遊戲的生成請求需要你角色的伺服器物件	erst ein paar Schritte gehen: die Spawn-Anfrage des Spiels braucht den Server-Actor deiner Figur	faites d'abord quelques pas : la requête d'apparition du jeu a besoin de l'acteur serveur de votre personnage	먼저 몇 걸음 걸으세요: 게임의 소환 요청에는 캐릭터의 서버 액터가 필요합니다	まず数歩歩いてください：ゲームの出現リクエストにはキャラクターのサーバーアクターが必要です	camina unos pasos primero: la petición de aparición del juego necesita el actor de servidor de tu personaje	ande alguns passos primeiro: o pedido de geração do jogo precisa do ator de servidor do seu personagem	сначала сделайте несколько шагов: запросу игры нужен серверный актёр вашего персонажа	önce birkaç adım yürüyün: oyunun oluşturma isteği karakterinizin sunucu aktörüne ihtiyaç duyar
Spawned characters are part of the game world: they fight, walk and despawn by the game's rules, and are not in the scene list or in projects.	Spawned characters are part of the game world: they fight, walk and despawn by the game's rules, and are not in the scene list or in projects.	生成的角色属于游戏世界：它们按游戏规则战斗、行走和消失，不会出现在场景列表或项目中。	生成的角色屬於遊戲世界：它們依遊戲規則戰鬥、行走和消失，不會出現在場景列表或專案中。	Erzeugte Figuren gehören zur Spielwelt: Sie kämpfen, laufen und verschwinden nach den Regeln des Spiels und stehen weder in der Szenenliste noch in Projekten.	Les personnages créés font partie du monde du jeu : ils combattent, se déplacent et disparaissent selon ses règles, et n'apparaissent ni dans la liste de scène ni dans les projets.	소환된 캐릭터는 게임 세계의 일부입니다: 게임 규칙에 따라 싸우고 걷고 사라지며, 장면 목록이나 프로젝트에는 없습니다.	出現させたキャラクターはゲーム世界の一部です：ゲームのルールで戦い、歩き、消え、シーン一覧やプロジェクトには含まれません。	Los personajes creados forman parte del mundo: luchan, caminan y desaparecen según las reglas del juego, y no están en la lista de escena ni en los proyectos.	Personagens gerados fazem parte do mundo do jogo: lutam, andam e desaparecem pelas regras do jogo e não aparecem na lista da cena nem em projetos.	Созданные персонажи — часть игрового мира: они сражаются, ходят и исчезают по правилам игры и не попадают в список сцены или проекты.	Oluşturulan karakterler oyun dünyasının parçasıdır: oyunun kurallarına göre savaşır, yürür ve kaybolurlar; sahne listesinde veya projelerde yer almazlar.
reading the character list from the game files...	reading the character list from the game files...	正在从游戏文件读取角色列表...	正在從遊戲檔案讀取角色列表...	Figurenliste wird aus den Spieldateien gelesen...	lecture de la liste des personnages dans les fichiers du jeu...	게임 파일에서 캐릭터 목록을 읽는 중...	ゲームファイルからキャラクター一覧を読み込み中...	leyendo la lista de personajes de los archivos del juego...	lendo a lista de personagens dos arquivos do jogo...	чтение списка персонажей из файлов игры...	karakter listesi oyun dosyalarından okunuyor...
search  (name, internal name or key)	search  (name, internal name or key)	搜索（名称、内部名称或编号）	搜尋（名稱、內部名稱或編號）	Suche  (Name, interner Name oder Schlüssel)	recherche  (nom, nom interne ou clé)	검색 (이름, 내부 이름 또는 키)	検索（名前、内部名、キー）	buscar  (nombre, nombre interno o clave)	pesquisar  (nome, nome interno ou chave)	поиск  (имя, внутреннее имя или ключ)	ara  (ad, iç ad veya anahtar)
all	all	全部	全部	alle	tous	전체	すべて	todos	todos	все	tümü
people	people	人物	人物	Personen	personnes	인물	人物	personas	pessoas	люди	insanlar
animals and mounts	animals and mounts	动物和坐骑	動物與坐騎	Tiere und Reittiere	animaux et montures	동물 및 탈것	動物と乗り物	animales y monturas	animais e montarias	животные и ездовые	hayvanlar ve binekler
monsters	monsters	怪物	怪物	Monster	monstres	몬스터	モンスター	monstruos	monstros	монстры	canavarlar
bosses	bosses	首领	首領	Bosse	boss	보스	ボス	jefes	chefes	боссы	patronlar
other	other	其他	其他	sonstige	autres	기타	その他	otros	outros	прочее	diğer
%d characters	%d characters	%d 个角色	%d 個角色	%d Figuren	%d personnages	캐릭터 %d개	%d キャラクター	%d personajes	%d personagens	персонажей: %d	%d karakter
internal name	internal name	内部名称	內部名稱	interner Name	nom interne	내부 이름	内部名	nombre interno	nome interno	внутреннее имя	iç ad
distance	distance	距离	距離	Abstand	distance	거리	距離	distancia	distância	расстояние	mesafe
spawns the character <distance> in front of you; it appears after a few seconds. Hostile ones attack, wild animals may flee.	spawns the character <distance> in front of you; it appears after a few seconds. Hostile ones attack, wild animals may flee.	在你前方 <距离> 处生成角色，几秒后出现。敌对角色会攻击，野生动物可能逃跑。	在你前方 <距離> 處生成角色，幾秒後出現。敵對角色會攻擊，野生動物可能逃跑。	erzeugt die Figur <Abstand> vor dir; sie erscheint nach ein paar Sekunden. Feindliche greifen an, wilde Tiere fliehen eventuell.	fait apparaître le personnage à <distance> devant vous ; il apparaît après quelques secondes. Les hostiles attaquent, les animaux sauvages peuvent fuir.	캐릭터를 앞쪽 <거리>에 소환합니다. 몇 초 후 나타납니다. 적대적인 캐릭터는 공격하고 야생 동물은 도망칠 수 있습니다.	キャラクターを前方 <距離> に出現させます。数秒後に現れます。敵対的なものは攻撃し、野生動物は逃げることがあります。	crea el personaje a <distancia> delante de ti; aparece tras unos segundos. Los hostiles atacan, los animales salvajes pueden huir.	gera o personagem a <distância> à sua frente; ele aparece após alguns segundos. Hostis atacam, animais selvagens podem fugir.	создаёт персонажа на <расстоянии> перед вами; он появляется через несколько секунд. Враждебные нападают, дикие животные могут убежать.	karakteri önünüzde <mesafe> uzaklıkta oluşturur; birkaç saniye sonra belirir. Düşmanlar saldırır, vahşi hayvanlar kaçabilir.
select a character, then SPAWN. Double-click on a row or card spawns it right away.	select a character, then SPAWN. Double-click on a row or card spawns it right away.	选择一个角色，然后点击“生成”。双击列表行或卡片可立即生成。	選取角色，再按「生成」。雙擊列表列或卡片可立即生成。	Figur wählen, dann ERZEUGEN. Doppelklick auf eine Zeile oder Karte erzeugt sie sofort.	choisissez un personnage, puis FAIRE APPARAÎTRE. Un double-clic sur une ligne ou une carte le fait apparaître aussitôt.	캐릭터를 선택한 다음 소환을 누르세요. 행이나 카드를 두 번 클릭하면 바로 소환됩니다.	キャラクターを選んで「出現させる」。行かカードをダブルクリックするとすぐに出現します。	elige un personaje y pulsa APARECER. Doble clic en una fila o tarjeta lo crea al instante.	escolha um personagem e clique em GERAR. Clique duplo numa linha ou cartão gera-o na hora.	выберите персонажа и нажмите СОЗДАТЬ. Двойной щелчок по строке или карточке создаёт его сразу.	bir karakter seçin, ardından OLUŞTUR. Bir satıra veya karta çift tıklamak hemen oluşturur.
these appearances can only be previewed; living characters are spawned from the NPCs tab	these appearances can only be previewed; living characters are spawned from the NPCs tab	这些外观只能预览；活的角色请在 NPC 标签页生成	這些外觀只能預覽；活的角色請在 NPC 分頁生成	Diese Erscheinungsbilder sind nur Vorschauen; lebende Figuren erzeugst du im Tab NPCs	ces apparences ne sont que des aperçus ; les personnages vivants s'ajoutent depuis l'onglet PNJ	이 외형은 미리보기만 가능합니다. 살아 있는 캐릭터는 NPC 탭에서 소환하세요	これらの外見はプレビューのみです。生きたキャラクターはNPCタブから出現させます	estas apariencias solo se pueden previsualizar; los personajes vivos se crean en la pestaña PNJ	estas aparências são só pré-visualizações; personagens vivos são gerados na aba NPCs	эти облики можно только просматривать; живых персонажей создают на вкладке НИП	bu görünümler yalnızca önizlenebilir; canlı karakterler NPC'ler sekmesinden oluşturulur
free camera	free camera	自由相机	自由相機	freie Kamera	caméra libre	자유 카메라	フリーカメラ	cámara libre	câmera livre	свободная камера	serbest kamera
flying	flying	飞行中	飛行中	Flugmodus	en vol	비행 중	飛行中	volando	voando	полёт	uçuyor
free camera speed	free camera speed	自由相机速度	自由相機速度	Tempo der freien Kamera	vitesse de la caméra libre	자유 카메라 속도	フリーカメラの速度	velocidad de la cámara libre	velocidade da câmera livre	скорость свободной камеры	serbest kamera hızı
mouse sensitivity	mouse sensitivity	鼠标灵敏度	滑鼠靈敏度	Mausempfindlichkeit	sensibilité de la souris	마우스 감도	マウス感度	sensibilidad del ratón	sensibilidade do mouse	чувствительность мыши	fare hassasiyeti
The free camera is not available in this game build (see the log).	The free camera is not available in this game build (see the log).	此游戏版本无法使用自由相机（见日志）。	此遊戲版本無法使用自由相機（見日誌）。	Die freie Kamera ist in dieser Spielversion nicht verfügbar (siehe Log).	La caméra libre n'est pas disponible avec cette version du jeu (voir le journal).	이 게임 버전에서는 자유 카메라를 사용할 수 없습니다(로그 참조).	このゲームバージョンではフリーカメラを使えません（ログを参照）。	La cámara libre no está disponible en esta versión del juego (ver el registro).	A câmera livre não está disponível nesta versão do jogo (veja o log).	Свободная камера недоступна в этой версии игры (см. журнал).	Serbest kamera bu oyun sürümünde kullanılamıyor (günlüğe bakın).
characters can only be previewed for now, spawning them comes later	characters can only be previewed for now, spawning them comes later	角色目前只能预览，生成功能稍后提供	角色目前只能預覽，生成功能稍後提供	Figuren gibt es vorerst nur als Vorschau, das Spawnen kommt später	Les personnages ne sont pour l'instant qu'en aperçu, leur apparition viendra plus tard	캐릭터는 지금은 미리보기만 가능하며, 소환은 나중에 추가됩니다	キャラクターは今のところプレビューのみです。スポーンは後で対応します	Por ahora los personajes solo se pueden previsualizar; generarlos llegará más adelante	Por enquanto os personagens só podem ser pré-visualizados; gerá-los virá depois	Персонажей пока можно только просматривать, призыв появится позже	Karakterler şimdilik yalnızca önizlenebilir, oluşturma daha sonra gelecek
"here" replays the capture, but the server object is built from this prefab instead of the captured one	"here" replays the capture, but the server object is built from this prefab instead of the captured one	“在此生成”会重放捕获记录，但服务端物体会使用此预制件创建，而不是捕获记录中的预制件。	“在此生成”會重放捕獲記錄，但服務端物件會使用此預製件創建，而不是捕獲記錄中的預製件。	Hier wird die Aufnahme wiedergegeben, aber das Serverobjekt wird aus diesem Prefab statt aus dem aufgenommenen erstellt.	Ici, la capture est rejouée, mais l’objet serveur est créé à partir de ce prefab plutôt que de celui capturé.	여기서 캡처를 재생하지만 서버 오브젝트는 캡처된 프리팹 대신 이 프리팹으로 생성됩니다.	ここでキャプチャを再生しますが、サーバーオブジェクトはキャプチャされたものではなく、このプレハブから生成されます。	Aquí se reproduce la captura, pero el objeto del servidor se crea a partir de este prefab en lugar del capturado.	Aqui a captura é reproduzida, mas o objeto do servidor é criado a partir deste prefab, e não do prefab capturado.	Здесь воспроизводится захват, но объект сервера создаётся из этого префаба, а не из записанного.	Burada kayıt yeniden oynatılır, ancak sunucu nesnesi kaydedilenden değil bu prefab'dan oluşturulur.
%.0f m away: the direct write only works inside the loaded area (about 400 m). Use the game's fast travel to get close first.	%.0f m away: the direct write only works inside the loaded area (about 400 m). Use the game's fast travel to get close first.	相距 %.0f 米：直接写入位置仅在已加载区域内有效（约 400 米）。请先使用游戏内的快速旅行前往附近。	相距 %.0f 米：直接寫入位置僅在已載入區域內有效（約 400 米）。請先使用遊戲內的快速旅行前往附近。	%.0f m entfernt: Der direkte Schreibzugriff funktioniert nur im geladenen Bereich (etwa 400 m). Nutze zuerst die Schnellreise im Spiel, um näher heranzukommen.	À %.0f m : l’écriture directe ne fonctionne que dans la zone chargée (environ 400 m). Utilisez d’abord le voyage rapide du jeu pour vous en approcher.	%.0f m 거리: 직접 쓰기는 로드된 영역(약 400 m) 안에서만 작동합니다. 먼저 게임의 빠른 이동으로 가까이 이동하세요.	%.0f m 先: 直接書き込みは読み込み済み領域（約 400 m）内でのみ機能します。先にゲーム内の高速移動で近くまで移動してください。	A %.0f m: la escritura directa solo funciona dentro de la zona cargada (unos 400 m). Usa primero el viaje rápido del juego para acercarte.	A %.0f m: a gravação direta só funciona dentro da área carregada (cerca de 400 m). Use primeiro a viagem rápida do jogo para se aproximar.	На расстоянии %.0f м: прямая запись работает только в загруженной области (около 400 м). Сначала воспользуйтесь быстрым перемещением в игре, чтобы приблизиться.	%.0f m uzakta: doğrudan yazma yalnızca yüklenmiş alan içinde (yaklaşık 400 m) çalışır. Önce yaklaşmak için oyunun hızlı seyahat özelliğini kullanın.
%.1f  %.1f  %.1f   tile %d,%d	%.1f  %.1f  %.1f   tile %d,%d	%.1f  %.1f  %.1f   地块 %d,%d	%.1f  %.1f  %.1f   地塊 %d,%d	%.1f  %.1f  %.1f   Kachel %d,%d	%.1f  %.1f  %.1f   case %d,%d	%.1f  %.1f  %.1f   타일 %d,%d	%.1f  %.1f  %.1f   タイル %d,%d	%.1f  %.1f  %.1f   cuadrícula %d,%d	%.1f  %.1f  %.1f   bloco %d,%d	%.1f  %.1f  %.1f   участок %d,%d	%.1f  %.1f  %.1f   kare %d,%d
%.1f x %.1f x %.1f m    meshes %d    %s	%.1f x %.1f x %.1f m    meshes %d    %s	%.1f x %.1f x %.1f 米    网格数 %d    %s	%.1f x %.1f x %.1f 米    網格數 %d    %s	%.1f x %.1f x %.1f m    Meshes %d    %s	%.1f x %.1f x %.1f m    maillages %d    %s	%.1f x %.1f x %.1f m    메시 %d    %s	%.1f x %.1f x %.1f m    メッシュ %d    %s	%.1f x %.1f x %.1f m    mallas %d    %s	%.1f x %.1f x %.1f m    malhas %d    %s	%.1f x %.1f x %.1f м    меши %d    %s	%.1f x %.1f x %.1f m    ağlar %d    %s
%lu s	%lu s	%lu 秒	%lu 秒	%lu s	%lu s	%lu초	%lu 秒	%lu s	%lu s	%lu с	%lu sn
%lu s  %s  actor %p	%lu s  %s  actor %p	%lu 秒  %s  实体 %p	%lu 秒  %s  實體 %p	%lu s  %s  Akteur %p	%lu s  %s  acteur %p	%lu초  %s  액터 %p	%lu 秒  %s  アクター %p	%lu s  %s  actor %p	%lu s  %s  ator %p	%lu с  %s  актор %p	%lu sn  %s  aktör %p
%s\n%.1f  %.1f  %.1f   yaw %.0f   scale %.2f%s	%s\n%.1f  %.1f  %.1f   yaw %.0f   scale %.2f%s	%s\n%.1f  %.1f  %.1f   朝向 %.0f   缩放 %.2f%s	%s\n%.1f  %.1f  %.1f   朝向 %.0f   縮放 %.2f%s	%s\n%.1f  %.1f  %.1f   Gierwinkel %.0f   Skalierung %.2f%s	%s\n%.1f  %.1f  %.1f   lacet %.0f   échelle %.2f%s	%s\n%.1f  %.1f  %.1f   요각 %.0f   배율 %.2f%s	%s\n%.1f  %.1f  %.1f   ヨー %.0f   スケール %.2f%s	%s\n%.1f  %.1f  %.1f   guiñada %.0f   escala %.2f%s	%s\n%.1f  %.1f  %.1f   guinada %.0f   escala %.2f%s	%s\n%.1f  %.1f  %.1f   рыскание %.0f   масштаб %.2f%s	%s\n%.1f  %.1f  %.1f   yaw %.0f   ölçek %.2f%s
(%d in the scene)	(%d in the scene)	（场景中 %d 个）	（場景中 %d 個）	(%d in der Szene)	(%d dans la scène)	(장면에 %d개)	（シーン内に %d 個）	(%d en la escena)	(%d na cena)	(%d на сцене)	(sahnede %d)
(game says %.1f deg)	(game says %.1f deg)	（游戏读数：%.1f 度）	（遊戲讀數：%.1f 度）	(laut Spiel %.1f Grad)	(selon le jeu : %.1f degrés)	(게임 표시: %.1f도)	（ゲーム上の値 %.1f 度）	(según el juego: %.1f grados)	(segundo o jogo: %.1f graus)	(по данным игры: %.1f град.)	(oyuna göre %.1f derece)
(no saved points yet)	(no saved points yet)	（尚无已保存的位置）	（尚無已儲存的位置）	(noch keine Punkte gespeichert)	(aucun point enregistré pour l’instant)	(저장된 지점이 아직 없습니다)	（保存済みの地点はまだありません）	(aún no hay puntos guardados)	(nenhum ponto salvo ainda)	(сохранённых точек пока нет)	(henüz kaydedilmiş nokta yok)
(not available, using the manual value)	(not available, using the manual value)	（不可用，当前使用手动值）	（不可用，當前使用手動值）	(nicht verfügbar, manueller Wert wird verwendet)	(indisponible, utilisation de la valeur manuelle)	(사용할 수 없음, 수동 값을 사용합니다)	（利用不可。手動の値を使用します）	(no disponible; se usa el valor manual)	(indisponível; usando o valor manual)	(недоступно, используется ручное значение)	(kullanılamıyor, elle girilen değer kullanılıyor)
(one grid step per press)	(one grid step per press)	（每按一次移动一个网格单位）	（每按一次移動一個網格單位）	(ein Rasterfeld pro Tastendruck)	(un pas de grille par pression)	(누를 때마다 격자 한 칸 이동)	（キーを押すごとにグリッドを 1 段階移動）	(un paso de cuadrícula por pulsación)	(um passo da grade por pressionamento)	(один шаг сетки за нажатие)	(her basışta bir ızgara adımı)
0x%llx	0x%llx	0x%llx	0x%llx	0x%llx	0x%llx	0x%llx	0x%llx	0x%llx	0x%llx	0x%llx	0x%llx
Align X	Align X	沿 X 轴对齐	沿 X 軸對齊	An X ausrichten	Aligner sur X	X축 정렬	X軸に揃える	Alinear en X	Alinhar em X	Выровнять по X	X ekseninde hizala
Align Y	Align Y	沿 Y 轴对齐	沿 Y 軸對齊	An Y ausrichten	Aligner sur Y	Y축 정렬	Y軸に揃える	Alinear en Y	Alinhar em Y	Выровнять по Y	Y ekseninde hizala
Align Z	Align Z	沿 Z 轴对齐	沿 Z 軸對齊	An Z ausrichten	Aligner sur Z	Z축 정렬	Z軸に揃える	Alinear en Z	Alinhar em Z	Выровнять по Z	Z ekseninde hizala
Align to primary	Align to primary	与主对象对齐	與主物件對齊	Am Hauptobjekt ausrichten	Aligner sur l’objet principal	기준 개체에 맞춤	基準オブジェクトに揃える	Alinear con el principal	Alinhar ao objeto principal	Выровнять по основному объекту	Ana nesneye hizala
Console: tp x y z	Console: tp x y z	控制台：tp x y z	控制臺：tp x y z	Konsole: tp x y z	Console : tp x y z	콘솔: tp x y z	コンソール: tp x y z	Consola: tp x y z	Console de comandos: tp x y z	Консоль: tp x y z	Konsol: tp x y z
Developer: how moves are applied	Developer: how moves are applied	开发者：移动操作的实现方式	開發者：移動操作的實現方式	Entwickler: So werden Bewegungen angewendet	Développeur : application des déplacements	개발자: 이동 적용 방식	開発者向け: 移動の適用方法	Desarrollador: cómo se aplican los movimientos	Desenvolvedor: como os movimentos são aplicados	Для разработчика: как применяются перемещения	Geliştirici: hareketlerin uygulanma biçimi
Game build %s - a patch moves the game's functions; report that build number so the signatures can be updated.	Game build %s - a patch moves the game's functions; report that build number so the signatures can be updated.	游戏版本 %s：游戏补丁移动了相关函数。请提供此版本号，以便更新特征码。	遊戲版本 %s：遊戲補丁移動了相關函數。請提供此版本號，以便更新特征碼。	Spielversion %s – ein Patch verschiebt die Spielfunktionen; gib diese Buildnummer an, damit die Signaturen aktualisiert werden können.	Version du jeu %s – un correctif déplace les fonctions du jeu ; indiquez ce numéro de build afin de mettre à jour les signatures.	게임 빌드 %s - 패치로 게임 함수 위치가 바뀝니다. 시그니처를 갱신할 수 있도록 이 빌드 번호를 알려 주세요.	ゲームビルド %s - パッチでゲーム関数の位置が変わります。シグネチャを更新できるよう、このビルド番号を報告してください。	Versión del juego %s: un parche cambia la ubicación de las funciones del juego; indica ese número de compilación para actualizar las firmas.	Versão do jogo %s - uma atualização muda a localização das funções do jogo; informe esse número de compilação para que as assinaturas possam ser atualizadas.	Сборка игры %s — после патча расположение игровых функций меняется; сообщите номер сборки, чтобы можно было обновить сигнатуры.	Oyun sürümü %s - bir yama oyun işlevlerinin yerini değiştirir; imzaların güncellenebilmesi için bu derleme numarasını bildirin.
Game functions not resolved: %s	Game functions not resolved: %s	未能识别游戏函数：%s	未能識別遊戲函數：%s	Spielfunktionen nicht aufgelöst: %s	Fonctions du jeu non résolues : %s	게임 함수를 확인할 수 없음: %s	ゲーム関数を解決できません: %s	No se resolvieron las funciones del juego: %s	Funções do jogo não resolvidas: %s	Не удалось определить игровые функции: %s	Oyun işlevleri çözümlenemedi: %s
Go	Go	前往	前往	Los	Aller	이동	移動	Ir	Ir	Перейти	Git
How each copy is turned. The line runs from left to right in front of you.	How each copy is turned. The line runs from left to right in front of you.	设置每个副本的朝向。直线会从你面前由左向右延伸。	設定每個副本的朝向。直線會從你面前由左向右延伸。	So wird jede Kopie gedreht. Die Linie verläuft vor dir von links nach rechts.	Orientation de chaque copie. La ligne va de gauche à droite devant vous.	각 복사본의 방향입니다. 선은 사용자 앞에서 왼쪽에서 오른쪽으로 이어집니다.	各コピーの向きです。線は目の前で左から右へ伸びます。	Orientación de cada copia. La línea va de izquierda a derecha delante de ti.	Orientação de cada cópia. A linha vai da esquerda para a direita à sua frente.	Направление каждой копии. Линия проходит перед вами слева направо.	Her kopyanın yönü. Çizgi önünüzde soldan sağa uzanır.
How each copy on the ring is turned.	How each copy on the ring is turned.	设置圆环上每个副本的朝向。	設定圓環上每個副本的朝向。	So wird jede Kopie auf dem Ring gedreht.	Orientation de chaque copie sur l’anneau.	원형 배치에 있는 각 복사본의 방향입니다.	リング上の各コピーの向きです。	Orientación de cada copia en el círculo.	Orientação de cada cópia no círculo.	Направление каждой копии на кольце.	Halka üzerindeki her kopyanın yönü.
Line / circle: many copies of the selected prefab at once	Line / circle: many copies of the selected prefab at once	直线 / 圆环：一次放置多个所选预制件	直線 / 圓環：一次放置多個所選預製件	Linie / Kreis: viele Kopien des ausgewählten Prefabs auf einmal	Ligne / cercle : placer plusieurs copies du prefab sélectionné à la fois	선 / 원: 선택한 프리팹을 한 번에 여러 개 배치	線 / 円: 選択したプレハブを一度に複数配置	Línea / círculo: coloca varias copias del prefab seleccionado a la vez	Linha / círculo: várias cópias do prefab selecionado de uma só vez	Линия / круг: разместить сразу много копий выбранного префаба	Çizgi / daire: seçili prefab'ın birçok kopyasını aynı anda yerleştir
Prefab list not found: the browser and the search stay empty.	Prefab list not found: the browser and the search stay empty.	未找到预制件列表：浏览器和搜索结果将保持为空。	未找到預製件列表：瀏覽器和搜索結果將保持為空。	Prefab-Liste nicht gefunden: Browser und Suche bleiben leer.	Liste de prefabs introuvable : le navigateur et la recherche resteront vides.	프리팹 목록을 찾을 수 없어 브라우저와 검색 결과가 비어 있습니다.	プレハブリストが見つかりません。ブラウザーと検索結果は空のままです。	No se encontró la lista de prefabs: el explorador y la búsqueda quedan vacíos.	Lista de prefabs não encontrada: o navegador e a busca ficam vazios.	Список префабов не найден: браузер и поиск останутся пустыми.	Prefab listesi bulunamadı: göz atma ve arama sonuçları boş kalacak.
Rotate	Rotate	旋转	旋轉	Drehen	Rotation	회전	回転	Girar	Girar	Поворот	Döndür
Rotate +	Rotate +	向右旋转	向右旋轉	Nach rechts drehen	Tourner à droite	오른쪽으로 회전	右に回転	Girar a la derecha	Girar à direita	Повернуть вправо	Sağa döndür
Rotate -	Rotate -	向左旋转	向左旋轉	Nach links drehen	Tourner à gauche	왼쪽으로 회전	左に回転	Girar a la izquierda	Girar à esquerda	Повернуть влево	Sola döndür
Rotate left	Rotate left	向左旋转	向左旋轉	Nach links drehen	Tourner à gauche	왼쪽으로 회전	左に回転	Girar a la izquierda	Girar à esquerda	Повернуть влево	Sola döndür
Rotate right	Rotate right	向右旋转	向右旋轉	Nach rechts drehen	Tourner à droite	오른쪽으로 회전	右に回転	Girar a la derecha	Girar à direita	Повернуть вправо	Sağa döndür
Save current position	Save current position	保存当前位置	儲存當前位置	Aktuelle Position speichern	Enregistrer la position actuelle	현재 위치 저장	現在位置を保存	Guardar posición actual	Salvar posição atual	Сохранить текущую позицию	Geçerli konumu kaydet
Spawning and moving happen on the game's simulation tick (%ld ticks so far).\nPaused = loading screen, menu or pause; queued actions run once it continues.	Spawning and moving happen on the game's simulation tick (%ld ticks so far).\nPaused = loading screen, menu or pause; queued actions run once it continues.	生成和移动操作会在游戏模拟帧中执行（目前已运行 %ld 帧）。\n模拟暂停通常表示正在加载、处于菜单或暂停状态；恢复后会执行排队的操作。	生成和移動操作會在遊戲模擬幀中執行（目前已運行 %ld 幀）。\n模擬暫停通常表示正在載入、處于菜單或暫停狀態；恢復后會執行排隊的操作。	Spawnen und Bewegen erfolgen im Simulationstakt des Spiels (%ld Ticks bisher).\nPausiert = Ladebildschirm, Menü oder Pause; vorgemerkte Aktionen laufen weiter, sobald das Spiel fortgesetzt wird.	La création et le déplacement ont lieu au tick de simulation du jeu (%ld ticks écoulés).\nEn pause = écran de chargement, menu ou pause ; les actions en attente s’exécutent à la reprise.	생성과 이동은 게임 시뮬레이션 틱에서 처리됩니다(현재까지 %ld틱).\n일시 정지 = 로딩 화면, 메뉴 또는 일시 정지 상태입니다. 대기 중인 작업은 게임이 재개되면 실행됩니다.	生成と移動はゲームのシミュレーションティックで処理されます（これまで %ld ティック）。\n一時停止中 = ロード画面、メニュー、または一時停止状態。保留中の操作は再開後に実行されます。	La creación y el movimiento se procesan en cada tick de simulación del juego (%ld ticks hasta ahora).\nEn pausa = pantalla de carga, menú o pausa; las acciones en cola se ejecutan al reanudar.	A criação e a movimentação ocorrem no tick de simulação do jogo (%ld ticks até agora).\nPausado = tela de carregamento, menu ou pausa; as ações na fila são executadas quando o jogo continua.	Создание и перемещение происходят на такте симуляции игры (всего %ld тактов).\nПауза = экран загрузки, меню или пауза; отложенные действия выполнятся после продолжения игры.	Oluşturma ve taşıma, oyunun simülasyon tick'inde gerçekleşir (şimdiye kadar %ld tick).\nDuraklatıldı = yükleme ekranı, menü veya duraklatma; sıradaki işlemler oyun devam edince yürütülür.
Spawning is disabled to avoid crashes. See bin64\\cdmodkit\\cdmodkit.log (RESOLVE FAILED).	Spawning is disabled to avoid crashes. See bin64\\cdmodkit\\cdmodkit.log (RESOLVE FAILED).	为避免崩溃，已禁用生成操作。请查看 bin64\\cdmodkit\\cdmodkit.log（RESOLVE FAILED）。	為避免崩潰，已禁用生成操作。請查看 bin64\\cdmodkit\\cdmodkit.log（RESOLVE FAILED）。	Spawnen ist deaktiviert, um Abstürze zu vermeiden. Siehe bin64\cdmodkit\cdmodkit.log (RESOLVE FAILED).	La création est désactivée pour éviter les plantages. Voir bin64\cdmodkit\cdmodkit.log (RESOLVE FAILED).	충돌을 방지하기 위해 생성 기능을 비활성화했습니다. bin64\cdmodkit\cdmodkit.log를 확인하세요(RESOLVE FAILED).	クラッシュを防ぐため生成を無効にしました。bin64\cdmodkit\cdmodkit.log を確認してください（RESOLVE FAILED）。	La creación está desactivada para evitar cierres. Consulta bin64\cdmodkit\cdmodkit.log (RESOLVE FAILED).	A criação foi desativada para evitar travamentos. Consulte bin64\cdmodkit\cdmodkit.log (RESOLVE FAILED).	Создание отключено во избежание вылетов. См. bin64\cdmodkit\cdmodkit.log (RESOLVE FAILED).	Çökmeleri önlemek için oluşturma devre dışı bırakıldı. bin64\cdmodkit\cdmodkit.log dosyasına bakın (RESOLVE FAILED).
Teleport writes the player's position directly. That works inside the loaded area (about 400 m); longer trips need the game's fast travel first, otherwise the world around you is not streamed in.	Teleport writes the player's position directly. That works inside the loaded area (about 400 m); longer trips need the game's fast travel first, otherwise the world around you is not streamed in.	传送会直接写入玩家位置，只在已加载区域内有效（约 400 米）。远距离移动前请先使用游戏内的快速旅行，否则目的地周围的世界不会加载。	傳送會直接寫入玩家位置，只在已載入區域內有效（約 400 米）。遠距離移動前請先使用遊戲內的快速旅行，否則目的地周圍的世界不會載入。	Teleportieren schreibt die Position des Spielers direkt. Das funktioniert im geladenen Bereich (etwa 400 m); für weitere Strecken ist zuerst die Schnellreise im Spiel nötig, sonst wird die Umgebung nicht geladen.	La téléportation écrit directement la position du joueur. Cela fonctionne dans la zone chargée (environ 400 m) ; pour aller plus loin, utilisez d’abord le voyage rapide du jeu, sinon les alentours ne seront pas chargés.	순간이동은 플레이어 위치를 직접 기록합니다. 로드된 영역(약 400 m) 안에서만 작동합니다. 더 멀리 이동하려면 먼저 게임의 빠른 이동을 사용하세요. 그렇지 않으면 주변 월드가 로드되지 않습니다.	テレポートではプレイヤーの位置を直接書き換えます。読み込み済み領域（約 400 m）内でのみ機能します。それ以上の移動では、周囲が読み込まれないため、先にゲーム内の高速移動を使ってください。	La teletransportación escribe directamente la posición del jugador. Solo funciona en la zona cargada (unos 400 m); para distancias mayores, usa primero el viaje rápido del juego, o el entorno no se cargará.	O teletransporte grava diretamente a posição do jogador. Funciona dentro da área carregada (cerca de 400 m); para distâncias maiores, use primeiro a viagem rápida do jogo, caso contrário a área ao redor não será carregada.	Телепортация напрямую задаёт позицию игрока. Это работает в загруженной области (около 400 м); для дальних перемещений сначала используйте быстрое перемещение в игре, иначе окружающий мир не будет загружен.	Işınlanma oyuncunun konumunu doğrudan yazar. Yüklenmiş alan içinde (yaklaşık 400 m) çalışır; daha uzağa gitmek için önce oyunun hızlı seyahatini kullanın, yoksa çevredeki dünya yüklenmez.
To player	To player	移到玩家位置	移到玩家位置	Zum Spieler	Vers le joueur	플레이어에게	プレイヤーへ	Al jugador	Até o jogador	К игроку	Oyuncuya
X	X	X轴	X軸	X-Achse	Axe X	X축	X軸	Eje X	Eixo X	Ось X	X ekseni
Y	Y	Y轴	Y軸	Y-Achse	Axe Y	Y축	Y軸	Eje Y	Eixo Y	Ось Y	Y ekseni
Z	Z	Z轴	Z軸	Z-Achse	Axe Z	Z축	Z軸	Eje Z	Eixo Z	Ось Z	Z ekseni
age	age	时间	時間	Alter	âge	수명	経過時間	edad	idade	возраст	yaş
alignment could not be queued; game thread is not ready	alignment could not be queued; game thread is not ready	无法排队对齐：游戏线程尚未就绪	無法排入對齊操作：遊戲執行緒尚未就緒	Ausrichtung konnte nicht eingereiht werden; der Spielthread ist nicht bereit	Alignement impossible à mettre en file : le thread du jeu n’est pas prêt	정렬 작업을 대기열에 넣지 못했습니다. 게임 스레드가 준비되지 않았습니다	整列処理をキューに追加できません。ゲームスレッドの準備ができていません	No se pudo encolar la alineación; el hilo del juego no está listo	Não foi possível enfileirar o alinhamento; a thread do jogo não está pronta	Не удалось поставить выравнивание в очередь: игровой поток не готов	Hizalama kuyruğa alınamadı; oyun iş parçacığı hazır değil
autoload lists projects that do not exist any more: %s - remove those lines from autoload.txt	autoload lists projects that do not exist any more: %s - remove those lines from autoload.txt	自动加载列表中包含已不存在的项目：%s - 请从 autoload.txt 中删除对应行	自動載入列表中包含已不存在的專案：%s - 請從 autoload.txt 中刪除對應行	Der Autoload enthält Projekte, die nicht mehr existieren: %s – entferne diese Zeilen aus autoload.txt.	autoload référence des projets qui n’existent plus : %s – supprimez ces lignes de autoload.txt.	autoload에 더 이상 존재하지 않는 프로젝트가 있습니다: %s - autoload.txt에서 해당 줄을 삭제하세요.	autoload に存在しないプロジェクトがあります: %s - autoload.txt から該当行を削除してください。	autoload contiene proyectos que ya no existen: %s; elimina esas líneas de autoload.txt.	autoload lista projetos que não existem mais: %s - remova essas linhas de autoload.txt.	autoload содержит проекты, которых больше нет: %s — удалите эти строки из autoload.txt.	autoload artık var olmayan projeleri listeliyor: %s - bu satırları autoload.txt dosyasından silin.
caller	caller	调用方	調用方	Aufrufer	appelant	호출자	呼び出し元	llamador	chamador	вызывающий	çağıran
camera trace (16 s)	camera trace (16 s)	相机跟踪（16 秒）	相機跟蹤（16 秒）	Kameraverfolgung (16 s)	trace de caméra (16 s)	카메라 추적 (16초)	カメラトレース（16 秒）	seguimiento de cámara (16 s)	rastreamento da câmera (16 s)	трассировка камеры (16 с)	kamera izleme (16 sn)
camtrace started: close the menu and rotate the camera slowly for 16 s	camtrace started: close the menu and rotate the camera slowly for 16 s	相机跟踪已开始：关闭菜单，并缓慢转动相机 16 秒	相機跟蹤已開始：關閉菜單，并緩慢轉動相機 16 秒	Kameraverfolgung gestartet: Schließe das Menü und drehe die Kamera 16 s lang langsam.	trace de caméra lancée : fermez le menu et faites tourner lentement la caméra pendant 16 s.	카메라 추적 시작: 메뉴를 닫고 16초 동안 카메라를 천천히 회전하세요.	カメラトレース開始: メニューを閉じ、16 秒間ゆっくりカメラを回してください。	seguimiento iniciado: cierra el menú y gira lentamente la cámara durante 16 s	rastreamento iniciado: feche o menu e gire a câmera lentamente por 16 s.	трассировка запущена: закройте меню и медленно вращайте камеру в течение 16 с.	kamera izleme başladı: menüyü kapatın ve kamerayı 16 sn boyunca yavaşça döndürün.
deletes every object that sits exactly on an identical one (same prefab, position, rotation, scale),\ne.g. after a project was loaded twice. The earlier copy stays. Ctrl+Z brings them back.	deletes every object that sits exactly on an identical one (same prefab, position, rotation, scale),\ne.g. after a project was loaded twice. The earlier copy stays. Ctrl+Z brings them back.	删除与其他物体完全重合的副本（预制件、位置、旋转和缩放都相同），\n例如同一个项目被加载两次时产生的重复物体。较早创建的副本会保留。按 Ctrl+Z 可撤销。	刪除與其他物件完全重合的副本（預製件、位置、旋轉和縮放都相同），\n例如同一個專案被載入兩次時產生的重復物件。較早創建的副本會保留。按 Ctrl+Z 可撤銷。	Entfernt jedes Objekt, das exakt auf einem identischen liegt (gleiches Prefab, gleiche Position, Drehung und Skalierung),\nz. B. nachdem ein Projekt zweimal geladen wurde. Die frühere Kopie bleibt erhalten. Mit Ctrl+Z werden die Objekte wiederhergestellt.	supprime chaque objet placé exactement sur un objet identique (même prefab, position, rotation et échelle),\npar ex. après avoir chargé un projet deux fois. La copie la plus ancienne est conservée. Ctrl+Z les restaure.	같은 프리팹, 위치, 회전, 배율로 다른 오브젝트와 정확히 겹친 오브젝트를 모두 삭제합니다.\n예: 프로젝트를 두 번 불러온 경우. 먼저 있던 복사본은 남습니다. Ctrl+Z로 되돌릴 수 있습니다.	同じプレハブ、位置、回転、スケールで完全に重なったオブジェクトをすべて削除します。\n例: プロジェクトを二度読み込んだ場合。先にあったコピーは残ります。Ctrl+Z で元に戻せます。	elimina todos los objetos que coinciden exactamente con otro (mismo prefab, posición, rotación y escala),\npor ejemplo, tras cargar dos veces un proyecto. Se conserva la copia anterior. Ctrl+Z los restaura.	remove todos os objetos que estejam exatamente sobre outro idêntico (mesmo prefab, posição, rotação e escala),\npor exemplo, após carregar um projeto duas vezes. A cópia anterior permanece. Ctrl+Z restaura os objetos.	удаляет все объекты, точно совпадающие с другими (тот же префаб, положение, поворот и масштаб),\nнапример, после двойной загрузки проекта. Более ранняя копия остаётся. Ctrl+Z восстановит их.	Aynı prefab, konum, dönüş ve ölçeğe sahip başka bir nesneyle tamamen çakışan tüm nesneleri siler.\nÖrneğin bir proje iki kez yüklendiyse. Önceki kopya kalır. Ctrl+Z ile geri alabilirsiniz.
fov trace (12 s, zoom in and out)	fov trace (12 s, zoom in and out)	视野跟踪（12 秒，缩放镜头）	視野跟蹤（12 秒，縮放鏡頭）	Sichtfeld-Verfolgung (12 s, hinein- und herauszoomen)	trace du champ de vision (12 s, zoomez et dézoomez)	시야각 추적 (12초, 확대와 축소)	視野角トレース（12 秒、ズームイン・アウト）	seguimiento del campo de visión (12 s; acerca y aleja el zoom)	rastreamento do campo de visão (12 s, aproxime e afaste o zoom)	трассировка поля зрения (12 с, приблизьте и отдалите)	görüş alanı izleme (12 sn, yakınlaştırıp uzaklaştırın)
fovtrace started: close the menu and zoom the camera in and out for 12 s	fovtrace started: close the menu and zoom the camera in and out for 12 s	视野跟踪已开始：关闭菜单并缩放相机 12 秒	視野跟蹤已開始：關閉菜單并縮放相機 12 秒	Sichtfeld-Verfolgung gestartet: Schließe das Menü und zoome die Kamera 12 s lang hinein und heraus.	trace du champ de vision lancée : fermez le menu et zoomez ou dézoomez pendant 12 s.	시야각 추적 시작: 메뉴를 닫고 12초 동안 카메라를 확대하고 축소하세요.	視野角トレース開始: メニューを閉じ、12 秒間カメラをズームイン・アウトしてください。	seguimiento iniciado: cierra el menú y acerca y aleja la cámara durante 12 s	rastreamento iniciado: feche o menu e aproxime e afaste o zoom da câmera por 12 s.	трассировка запущена: закройте меню и меняйте масштаб камеры в течение 12 с.	görüş alanı izleme başladı: menüyü kapatın ve kamerayı 12 sn boyunca yakınlaştırıp uzaklaştırın.
ground probe (experimental)	ground probe (experimental)	地面探测（实验功能）	地面探測（實驗功能）	Bodenprüfung (experimentell)	sonde de sol (expérimental)	지면 탐색 (실험 기능)	地面プローブ（実験的）	sonda del suelo (experimental)	sonda do chão (experimental)	проверка поверхности (экспериментально)	zemin sorgusu (deneysel)
here	here	在此生成	在此生成	hier	ici	여기	ここ	aquí	aqui	здесь	burada
hide prefabs without a visible mesh	hide prefabs without a visible mesh	隐藏没有可见网格的预制件	隱藏沒有可見網格的預製件	Prefabs ohne sichtbares Mesh ausblenden	masquer les prefabs sans maillage visible	보이는 메시가 없는 프리팹 숨기기	表示メッシュのないプレハブを非表示	ocultar prefabs sin una malla visible	ocultar prefabs sem malha visível	скрыть префабы без видимого меша	görünür ağı olmayan prefab'ları gizle
how the object is updated while dragging (release always applies the final position)	how the object is updated while dragging (release always applies the final position)	拖动时如何更新物体（松开时总会应用最终位置）	拖動時如何更新物件（松開時總會應用最終位置）	So wird das Objekt beim Ziehen aktualisiert (beim Loslassen wird immer die endgültige Position übernommen).	mise à jour de l’objet pendant le déplacement (le relâchement applique toujours la position finale)	드래그 중 오브젝트 갱신 방식 (놓으면 최종 위치가 항상 적용됩니다)	ドラッグ中のオブジェクト更新方法（ボタンを離すと最終位置が必ず適用されます）	cómo se actualiza el objeto al arrastrarlo (al soltar siempre se aplica la posición final)	como o objeto é atualizado durante o arrasto (ao soltar, a posição final sempre é aplicada)	как обновляется объект при перетаскивании (после отпускания всегда применяется конечное положение)	sürüklerken nesnenin güncellenme biçimi (bırakınca son konum her zaman uygulanır)
in %s	in %s	位于 %s 分类	位于 %s 分類	in %s	dans %s	%s 안	%s 内	en %s	em %s	в %s	%s içinde
live drag in the details pane	live drag in the details pane	在详情面板中实时拖动	在詳情面板中實時拖動	Direktes Ziehen im Detailbereich	déplacement direct dans le panneau des détails	세부 정보 패널에서 실시간 드래그	詳細パネルでのライブドラッグ	arrastre en vivo en el panel de detalles	arrasto ao vivo no painel de detalhes	перетаскивание в панели сведений	detay panelinde canlı sürükleme
logs which fields of the camera component change while you rotate the camera (used to find the view direction)	logs which fields of the camera component change while you rotate the camera (used to find the view direction)	记录转动相机时相机组件中发生变化的字段（用于查找视角方向）	記錄轉動相機時相機組件中發生變化的字段（用于查找視角方向）	Protokolliert, welche Felder der Kamerakomponente sich beim Drehen der Kamera ändern (hilft, die Blickrichtung zu finden).	consigne les champs du composant caméra qui changent quand vous la faites tourner (pour trouver la direction du regard)	카메라를 돌릴 때 카메라 구성 요소의 어떤 필드가 바뀌는지 기록합니다(시선 방향을 찾는 데 사용).	カメラを回したときにカメラコンポーネントのどのフィールドが変化するか記録します（視線方向の特定に使用）。	registra qué campos del componente de cámara cambian al girarla (sirve para encontrar la dirección de la vista)	registra quais campos do componente da câmera mudam quando você a gira (usado para encontrar a direção da visão)	записывает, какие поля компонента камеры меняются при её вращении (это помогает определить направление взгляда)	kamerayı döndürürken kamera bileşeninin hangi alanlarının değiştiğini kaydeder (görüş yönünü bulmak için kullanılır)
meshes %d    %s	meshes %d    %s	网格数 %d    %s	網格數 %d    %s	Meshes %d    %s	maillages %d    %s	메시 %d    %s	メッシュ %d    %s	mallas %d    %s	malhas %d    %s	меши %d    %s	ağlar %d    %s
name (from the scene object created after it)	name (from the scene object created after it)	名称（来自随后创建的场景物体）	名稱（來自隨后創建的場景物件）	Name (vom danach erstellten Szenenobjekt)	nom (de l’objet de scène créé ensuite)	이후 생성된 장면 오브젝트의 이름	後から作成されたシーンオブジェクトの名前	nombre (del objeto de escena que se crea después)	nome (do objeto de cena criado depois)	название (после создания объекта сцены)	sonradan oluşturulan sahne nesnesinin adı
name for the current spot	name for the current spot	当前位置名称	當前位置名稱	Name für den aktuellen Ort	nom de l’emplacement actuel	현재 위치 이름	現在地点の名前	nombre de la ubicación actual	nome do local atual	название текущего места	geçerli noktanın adı
no spawn template yet: walk a few meters first	no spawn template yet: walk a few meters first	尚无生成模板：请先走几米	尚無生成模板：請先走幾米	Noch keine Spawn-Vorlage: Geh zuerst ein paar Meter.	aucun modèle d’apparition : marchez d’abord quelques mètres	생성 템플릿이 없습니다. 먼저 몇 미터 걸어 보세요.	生成テンプレートがありません。先に数メートル歩いてください。	aún no hay plantilla de creación: camina unos metros primero	ainda não há modelo de criação: caminhe alguns metros primeiro	шаблона создания пока нет: сначала пройдите несколько метров	henüz oluşturma şablonu yok: önce birkaç metre yürüyün
pick a card, then PLACE	pick a card, then PLACE	选择一个卡片，然后点击“放置”	選擇一個卡片，然後點擊“放置”	Karte auswählen, dann PLATZIEREN	choisissez une carte, puis PLACER	카드를 선택한 다음 배치	カードを選び、配置	elige una tarjeta y luego COLOCAR	escolha um cartão e depois POSICIONAR	выберите карточку, затем РАЗМЕСТИТЬ	bir kart seçin, sonra YERLEŞTİR
previews %d / %d	previews %d / %d	预览 %d / %d	預覽 %d / %d	Vorschauen %d / %d	aperçus %d / %d	미리 보기 %d / %d	プレビュー %d / %d	vistas previas %d / %d	pré-visualizações %d / %d	предпросмотры %d / %d	önizlemeler %d / %d
previews off: %s	previews off: %s	预览已关闭：%s	預覽已關閉：%s	Vorschauen aus: %s	aperçus désactivés : %s	미리 보기 꺼짐: %s	プレビュー停止: %s	vistas previas desactivadas: %s	pré-visualizações desativadas: %s	предпросмотр выключен: %s	önizlemeler kapalı: %s
probe: replaying a captured shape cast 3 m above you, 10 m down (see the log)	probe: replaying a captured shape cast 3 m above you, 10 m down (see the log)	地面探测：正在重放一次形状投射，从你上方 3 米处向下探测 10 米（详见日志）	地面探測：正在重放一次形狀投射，從你上方 3 米處向下探測 10 米（詳見日志）	Bodenprobe: Eine aufgezeichnete Formabfrage wird 3 m über dir beginnend 10 m nach unten wiedergegeben (siehe Protokoll).	sonde : rejoue un lancer de forme capturé depuis 3 m au-dessus de vous, vers le bas sur 10 m (voir le journal)	탐색: 캡처한 셰이프 캐스트를 사용자 위 3 m 지점에서 아래로 10 m 재생합니다(로그 참조).	プローブ: キャプチャしたシェイプキャストを、頭上 3 m から下へ 10 m 再生します（ログを確認）。	sonda: reproduce un lanzamiento de forma capturado desde 3 m sobre ti hasta 10 m hacia abajo (consulta el registro)	sonda: reproduz um lançamento de forma capturado a 3 m acima de você, por 10 m para baixo (consulte o registro)	проверка: воспроизведение захваченного запроса формы от точки на 3 м выше вас вниз на 10 м (см. журнал)	sorgu: yakalanan şekil sorgusunu 3 m üstünüzden başlayıp 10 m aşağıya doğru yeniden oynatır (günlüğe bakın)
project	project	项目	專案	Projekt	projet	프로젝트	プロジェクト	proyecto	projeto	проект	proje
projects are plain text files with absolute world coordinates; share the .cdproj, others import it here	projects are plain text files with absolute world coordinates; share the .cdproj, others import it here	项目以纯文本格式存储世界绝对坐标。分享 .cdproj 文件，其他人可在此处导入。	專案以純文本格式存儲世界絕對坐標。分享 .cdproj 檔案，其他人可在此處導入。	Projekte sind einfache Textdateien mit absoluten Weltkoordinaten. Teile die .cdproj-Datei; andere können sie hier importieren.	les projets sont des fichiers texte avec des coordonnées mondiales absolues ; partagez le .cdproj, les autres pourront l’importer ici	프로젝트는 절대 월드 좌표를 담은 일반 텍스트 파일입니다. .cdproj 파일을 공유하면 다른 사람이 여기서 가져올 수 있습니다.	プロジェクトは絶対ワールド座標を含むプレーンテキストファイルです。.cdproj を共有すれば、他の人がここからインポートできます。	los proyectos son archivos de texto sin formato con coordenadas absolutas del mundo; comparte el .cdproj para que otros lo importen aquí	projetos são arquivos de texto simples com coordenadas absolutas do mundo; compartilhe o .cdproj para que outras pessoas o importem aqui	проекты — это обычные текстовые файлы с абсолютными координатами мира; поделитесь файлом .cdproj, чтобы другие импортировали его здесь	projeler mutlak dünya koordinatları içeren düz metin dosyalarıdır; .cdproj dosyasını paylaşın, başkaları buradan içe aktarabilir
ray / shape cast trace	ray / shape cast trace	射线 / 形状投射跟踪	射線 / 形狀投射跟蹤	Strahl-/Formabfrage-Verfolgung	trace de rayon / lancer de forme	레이 / 셰이프 캐스트 추적	レイ / シェイプキャストのトレース	seguimiento de rayo / lanzamiento de forma	rastreamento de raio / lançamento de forma	трассировка луча / объёмного запроса	ışın / şekil sorgusu izi
re-create on move	re-create on move	移动时重新创建	移動時重新創建	Beim Bewegen neu erstellen	recréer au déplacement	이동 시 다시 생성	移動時に再作成	volver a crear al mover	recriar ao mover	пересоздавать при перемещении	taşırken yeniden oluştur
remove	remove	移除	移除	Entfernen	supprimer	제거	削除	quitar	remover	удалить	kaldır
replay prefab path override, e.g. /object/cd_gimmick/00_common/lamp/gimmick_lamp_stand_candle_0003_index01.prefab (empty = as captured)	replay prefab path override, e.g. /object/cd_gimmick/00_common/lamp/gimmick_lamp_stand_candle_0003_index01.prefab (empty = as captured)	重放时使用的预制件路径覆盖值，例如 /object/cd_gimmick/00_common/lamp/gimmick_lamp_stand_candle_0003_index01.prefab（留空 = 使用捕获的预制件）	重放時使用的預製件路徑覆蓋值，例如 /object/cd_gimmick/00_common/lamp/gimmick_lamp_stand_candle_0003_index01.prefab（留空 = 使用捕獲的預製件）	Prefab-Pfad überschreiben, z. B. /object/cd_gimmick/00_common/lamp/gimmick_lamp_stand_candle_0003_index01.prefab (leer = wie aufgenommen)	surcharge du chemin du prefab à rejouer, par ex. /object/cd_gimmick/00_common/lamp/gimmick_lamp_stand_candle_0003_index01.prefab (vide = valeur capturée)	재생할 프리팹 경로 재정의 예: /object/cd_gimmick/00_common/lamp/gimmick_lamp_stand_candle_0003_index01.prefab (비워 두면 캡처된 값 사용)	再生するプレハブのパスを上書き。例: /object/cd_gimmick/00_common/lamp/gimmick_lamp_stand_candle_0003_index01.prefab（空欄 = キャプチャ時の値）	sobrescribir la ruta del prefab que se reproducirá; p. ej., /object/cd_gimmick/00_common/lamp/gimmick_lamp_stand_candle_0003_index01.prefab (vacío = valor capturado)	sobrescrever o caminho do prefab a reproduzir, por exemplo: /object/cd_gimmick/00_common/lamp/gimmick_lamp_stand_candle_0003_index01.prefab (vazio = conforme capturado)	переопределить путь префаба для воспроизведения, например /object/cd_gimmick/00_common/lamp/gimmick_lamp_stand_candle_0003_index01.prefab (пусто = как записано)	yeniden oynatılacak prefab yolunu geçersiz kılın; örn. /object/cd_gimmick/00_common/lamp/gimmick_lamp_stand_candle_0003_index01.prefab (boş = kaydedildiği gibi)
rotation could not be queued; game thread is not ready	rotation could not be queued; game thread is not ready	无法排队旋转：游戏线程尚未就绪	無法排入旋轉操作：遊戲執行緒尚未就緒	Drehung konnte nicht eingereiht werden; der Spielthread ist nicht bereit	Rotation impossible à mettre en file : le thread du jeu n’est pas prêt	회전 작업을 대기열에 넣지 못했습니다. 게임 스레드가 준비되지 않았습니다	回転処理をキューに追加できません。ゲームスレッドの準備ができていません	No se pudo encolar la rotación; el hilo del juego no está listo	Não foi possível enfileirar a rotação; a thread do jogo não está pronta	Не удалось поставить поворот в очередь: игровой поток не готов	Döndürme kuyruğa alınamadı; oyun iş parçacığı hazır değil
saved projects (bin64\\cdmodkit\\projects)	saved projects (bin64\\cdmodkit\\projects)	已保存的项目（bin64\\cdmodkit\\projects）	已儲存的專案（bin64\\cdmodkit\\projects）	Gespeicherte Projekte (bin64\cdmodkit\projects)	projets enregistrés (bin64\cdmodkit\projects)	저장된 프로젝트 (bin64\cdmodkit\projects)	保存済みプロジェクト（bin64\cdmodkit\projects）	proyectos guardados (bin64\cdmodkit\projects)	projetos salvos (bin64\cdmodkit\projects)	сохранённые проекты (bin64\cdmodkit\projects)	kayıtlı projeler (bin64\cdmodkit\projects)
show deleted	show deleted	显示已删除物体	顯示已刪除物件	Gelöschte anzeigen	afficher les objets supprimés	삭제된 항목 표시	削除済みを表示	mostrar eliminados	mostrar excluídos	показать удалённые	silinenleri göster
snap	snap	吸附	吸附	Einrasten	aligner	스냅	スナップ	ajustar	ajustar	привязка	ızgaraya hizala
spawn it in front of me	spawn it in front of me	在我面前生成	在我面前生成	Vor mir spawnen	le faire apparaître devant moi	내 앞에 생성	目の前に生成	crearlo delante de mí	criar na minha frente	создать передо мной	önümde oluştur
spawned by replay: %d	spawned by replay: %d	通过重放生成：%d	通過重放生成：%d	Durch Wiedergabe gespawnt: %d	créé par rejeu : %d	재생으로 생성됨: %d	再生で生成: %d	creado mediante reproducción: %d	criado pela reprodução: %d	создано воспроизведением: %d	yeniden oynatmayla oluşturuldu: %d
spawns the override prefab (a stand torch when the field is empty) 2 m in front of you through the game's spawn path, from the newest capture	spawns the override prefab (a stand torch when the field is empty) 2 m in front of you through the game's spawn path, from the newest capture	通过游戏自身的生成流程，使用最新捕获记录在你前方 2 米处生成覆盖预制件（留空时使用立式火炬）。	通過遊戲自身的生成流程，使用最新捕獲記錄在你前方 2 米處生成覆蓋預製件（留空時使用立式火炬）。	Spawnt das überschreibende Prefab (bei leerem Feld eine Standfackel) aus der neuesten Aufnahme über den Spawn-Ablauf des Spiels 2 m vor dir.	fait apparaître le prefab de remplacement (une torche sur pied si le champ est vide) à 2 m devant vous, depuis la dernière capture et via le système d’apparition du jeu	가장 최근 캡처의 프리팹을 게임의 생성 경로로 불러와 사용자 앞 2 m 지점에 생성합니다(필드가 비어 있으면 횃불대 사용).	最新のキャプチャから、上書きプレハブ（空欄の場合はスタンド式たいまつ）をゲームの生成経路で目の前 2 m に生成します。	crea el prefab alternativo (una antorcha de pie si el campo está vacío) a 2 m delante de ti mediante el sistema de creación del juego y usando la captura más reciente	cria o prefab substituto (uma tocha de chão se o campo estiver vazio) a 2 m à sua frente, usando a captura mais recente pelo sistema de criação do jogo	создаёт подменный префаб (напольный факел, если поле пусто) в 2 м перед вами через игровой механизм создания из последнего захвата	en yeni kayıttaki geçersiz kılma prefab'ını (alan boşsa ayaklı meşale) oyunun oluşturma yöntemiyle 2 m önünüzde oluşturur
teleport failed	teleport failed	传送失败	傳送失敗	Teleport fehlgeschlagen	échec de la téléportation	순간이동 실패	テレポートに失敗しました	teletransporte fallido	teletransporte falhou	телепортация не удалась	ışınlanma başarısız
teleport to %s	teleport to %s	传送到 %s	傳送到 %s	Teleportieren zu %s	téléporter vers %s	%s(으)로 순간이동	%s へテレポート	teletransportar a %s	teletransportar para %s	телепортироваться к %s	%s konumuna ışınlan
trace game calls (writes to cdmodkit.log; turn on, move an object in the housing editor, turn off)	trace game calls (writes to cdmodkit.log; turn on, move an object in the housing editor, turn off)	跟踪游戏调用（写入 cdmodkit.log；开启后在家园编辑器中移动物体，再关闭）	跟蹤遊戲調用（寫入 cdmodkit.log；開啟后在家園編輯器中移動物件，再關閉）	Protokolliert Spielaufrufe in cdmodkit.log (einschalten, im Wohneditor ein Objekt bewegen, dann ausschalten).	trace des appels du jeu (écrit dans cdmodkit.log ; activez-la, déplacez un objet dans l’éditeur de logement, puis désactivez-la)	게임 호출을 기록합니다(cdmodkit.log에 기록; 켜고 주거지 편집기에서 오브젝트를 움직인 다음 끄세요).	ゲーム関数の呼び出しを記録します（cdmodkit.log に出力。記録を開始し、住居エディターでオブジェクトを動かしてから停止）。	registra las llamadas del juego (se escribe en cdmodkit.log; actívalo, mueve un objeto en el editor de vivienda y desactívalo)	registra chamadas do jogo em cdmodkit.log (ative, mova um objeto no editor de moradia e desative)	записывает вызовы игры в cdmodkit.log (включите, переместите объект в редакторе жилья, затем выключите)	oyun çağrılarını cdmodkit.log dosyasına kaydeder (açın, konut düzenleyicisinde bir nesneyi hareket ettirin, kapatın)
typing: keys go to the text field	typing: keys go to the text field	正在输入：按键将发送到文本框	正在輸入：按鍵將發送到文本框	Tastatureingaben: Tasten werden an das Textfeld gesendet.	saisie : les touches sont envoyées au champ de texte	입력 중: 키 입력이 텍스트 필드로 전달됩니다.	入力中: キー入力はテキスト欄に送られます。	escribiendo: las teclas se envían al campo de texto	Digitação: as teclas vão para o campo de texto	ввод: клавиши передаются в текстовое поле	yazarken: tuşlar metin alanına gider
words	words	参数	參數	Wörter	mots	단어	語句	palabras	palavras	слова	sözcükler
Key guide	Key guide	按键提示	按鍵提示	Tastenhilfe	Guide des touches	키 안내	キーガイド	Guía de teclas	Guia de teclas	Справка по клавишам	Tuş rehberi
select an object or group to edit it (Ctrl-click toggles, Shift-click adds a range)	select an object or group to edit it (Ctrl-click toggles, Shift-click adds a range)	选择物体或组以编辑（Ctrl+点击切换选择，Shift+点击添加范围）	選取物件或群組以編輯（Ctrl+點擊切換選取，Shift+點擊加入範圍）	Wähle ein Objekt oder eine Gruppe (Strg-Klick schaltet um, Umschalt-Klick fügt einen Bereich hinzu).	Sélectionnez un objet ou un groupe (Ctrl-clic bascule, Maj-clic ajoute une plage).	편집할 오브젝트나 그룹을 선택하세요(Ctrl+클릭으로 전환, Shift+클릭으로 범위 추가).	編集するオブジェクトまたはグループを選択（Ctrl+クリックで切替、Shift+クリックで範囲追加）。	Selecciona un objeto o grupo (Ctrl+clic alterna; Mayús+clic añade un rango).	Selecione um objeto ou grupo (Ctrl+clique alterna; Shift+clique adiciona um intervalo).	Выберите объект или группу (Ctrl+щелчок переключает, Shift+щелчок добавляет диапазон).	Düzenlemek için nesne veya grup seçin (Ctrl+tıklama değiştirir, Shift+tıklama aralık ekler).
groups act as one	groups act as one	组内物品视为整体	群組內物件視為整體	Gruppenmitglieder bilden eine Einheit	Les membres du groupe forment un ensemble	그룹 구성원은 하나로 취급	グループのメンバーを一体として扱う	Los miembros del grupo actúan como una unidad	Os membros do grupo funcionam como uma unidade	Элементы группы считаются единым целым	Grup üyeleri tek bir birim sayılır
groups move and scale together; double-click a member to move it alone	groups move and scale together; double-click a member to move it alone	组内物品整体移动和缩放；双击成员可单独移动	群組內物件會一起移動和縮放；連按兩下成員可單獨移動	Gruppen werden gemeinsam bewegt und skaliert; Doppelklick auf ein Mitglied bewegt nur dieses.	Les groupes se déplacent et changent d’échelle ensemble ; double-cliquez sur un membre pour le déplacer seul.	그룹은 함께 이동하고 크기가 조절됩니다. 구성원을 더블클릭하면 해당 오브젝트만 이동합니다.	グループは一緒に移動・拡大縮小します。メンバーをダブルクリックするとその物体だけ移動します。	Los grupos se mueven y escalan juntos; haz doble clic en un miembro para moverlo solo.	Os grupos se movem e são redimensionados juntos; clique duas vezes em um membro para movê-lo sozinho.	Группы перемещаются и масштабируются целиком; дважды щёлкните участника, чтобы перемещать его отдельно.	Gruplar birlikte taşınır ve ölçeklenir; bir üyeye çift tıklayarak yalnızca onu taşıyın.
(benches, market stalls, tents side by side).	(benches, market stalls, tents side by side).	（长椅、集市摊位或并排的帐篷）。	（長椅、集市攤位或并排的帳篷）。	(Bänke, Marktstände und Zelte nebeneinander).	(bancs, étals de marché et tentes côte à côte).	(벤치, 시장 노점, 텐트를 나란히 배치).	（ベンチ、市場の屋台、テントを横並びに配置）	(bancos, puestos de mercado y tiendas de campaña uno al lado del otro).	(bancos, barracas de mercado e tendas lado a lado).	(скамьи, рыночные прилавки и палатки рядом друг с другом).	(banklar, pazar tezgâhları ve çadırlar yan yana).
KEYS: game	KEYS: game	按键：游戏	按鍵：遊戲	TASTEN: Spiel	TOUCHES : jeu	키: 게임	キー操作: ゲーム	TECLAS: juego	TECLAS: jogo	КЛАВИШИ: игра	TUŞLAR: oyun
MOUSE: World Builder	MOUSE: World Builder	鼠标：World Builder	滑鼠：World Builder	MAUS: World Builder	SOURIS : World Builder	마우스: World Builder	マウス: World Builder	RATÓN: World Builder	CONTROLES DO MOUSE: World Builder	МЫШЬ: World Builder	FARE: World Builder
MOUSE: game	MOUSE: game	鼠标：游戏	滑鼠：遊戲	MAUS: Spiel	SOURIS : jeu	마우스: 게임	マウス: ゲーム	RATÓN: juego	MOUSE: jogo	МЫШЬ: игра	FARE: oyun
X outward:     the object's X axis points away from the middle: torches, statues or spikes facing out.	X outward:     the object's X axis points away from the middle: torches, statues or spikes facing out.	X 轴朝外：物体的 X 轴从圆心向外，适用于朝外摆放的火把、雕像或尖刺。	X 軸朝外：物件的 X 軸從圓心向外，適用于朝外擺放的火把、雕像或尖刺。	X nach außen:     Die X-Achse des Objekts zeigt von der Mitte weg: nach außen gerichtete Fackeln, Statuen oder Stacheln.	X vers l’extérieur :     l’axe X de l’objet pointe à l’opposé du centre : torches, statues ou piques orientées vers l’extérieur.	X 바깥쪽:     오브젝트의 X축이 중앙에서 바깥을 향합니다. 바깥을 향한 횃불, 조각상, 가시 등에 사용합니다.	X を外側へ:     オブジェクトの X 軸を中心から外側へ向けます。外向きのたいまつ、像、スパイクに使用します。	X hacia fuera:     el eje X del objeto apunta alejándose del centro: antorchas, estatuas o pinchos orientados hacia fuera.	X para fora:     o eixo X do objeto aponta para longe do centro: tochas, estátuas ou espinhos voltados para fora.	X наружу:     ось X объекта направлена от центра наружу: например, у факелов, статуй или шипов.	X dışa:     nesnenin X ekseni merkezden dışarıyı gösterir: dışa bakan meşaleler, heykeller veya sivri uçlar için.
X to center:   the object's X axis points at the middle of the ring: chairs around a table, seats around a fire.	X to center:   the object's X axis points at the middle of the ring: chairs around a table, seats around a fire.	X 轴朝向圆心：物体的 X 轴指向圆环中心，适用于围绕桌子或篝火摆放椅子。	X 軸朝向圓心：物件的 X 軸指向圓環中心，適用于圍繞桌子或篝火擺放椅子。	X zur Mitte:   Die X-Achse des Objekts zeigt zur Mitte des Rings: Stühle um einen Tisch, Sitze um ein Lagerfeuer.	X vers le centre :   l’axe X de l’objet pointe vers le centre de l’anneau : chaises autour d’une table, sièges autour d’un feu.	X 중앙쪽:   오브젝트의 X축이 원형 배치의 중앙을 향합니다. 탁자 주변 의자나 모닥불 주위 좌석에 사용합니다.	X を中心へ:   オブジェクトの X 軸をリングの中心へ向けます。テーブルの椅子や焚き火の周りの席に使用します。	X hacia el centro:   el eje X del objeto apunta al centro del círculo: sillas alrededor de una mesa, asientos alrededor de una hoguera.	X para o centro:   o eixo X do objeto aponta para o centro do círculo: cadeiras ao redor de uma mesa, assentos ao redor de uma fogueira.	X к центру:   ось X объекта направлена к центру кольца: например, у стульев вокруг стола или сидений у костра.	X merkeze:   nesnenin X ekseni halkanın merkezini gösterir: masa çevresindeki sandalyeler veya ateş çevresindeki oturaklar için.
across the line:  the object's X axis is turned 90 degrees to the line, all copies face the same way	across the line:  the object's X axis is turned 90 degrees to the line, all copies face the same way	垂直于直线：物体的 X 轴与直线成 90 度，所有副本朝向一致	垂直于直線：物件的 X 軸與直線成 90 度，所有副本朝向一致	quer zur Linie:  Die X-Achse des Objekts ist um 90 Grad zur Linie gedreht; alle Kopien zeigen in dieselbe Richtung.	perpendiculaire à la ligne :  l’axe X de l’objet est tourné à 90 degrés par rapport à la ligne ; toutes les copies sont orientées pareil.	선 가로 방향:  오브젝트의 X축을 선과 90도 방향으로 돌려 모든 복사본이 같은 방향을 향하게 합니다.	線に対して横向き:  オブジェクトの X 軸を線に対して 90 度回転し、すべてのコピーを同じ向きにします。	perpendicular a la línea:  el eje X del objeto gira 90 grados respecto a la línea; todas las copias miran en la misma dirección	perpendicular à linha:  o eixo X do objeto fica a 90 graus da linha; todas as cópias ficam voltadas para o mesmo lado.	поперёк линии:  ось X объекта повёрнута на 90 градусов к линии; все копии смотрят в одну сторону.	çizgiye dik:  nesnenin X ekseni çizgiye 90 derece döndürülür; tüm kopyalar aynı yöne bakar.
along the line:   the object's X axis points along the line (fences, walls, railings end to end).	along the line:   the object's X axis points along the line (fences, walls, railings end to end).	沿直线：物体的 X 轴与直线同向（例如首尾相接的栅栏、墙壁或栏杆）。	沿直線：物件的 X 軸與直線同向（例如首尾相接的柵欄、墻壁或欄桿）。	entlang der Linie:   Die X-Achse des Objekts verläuft entlang der Linie (Zäune, Mauern und Geländer in einer Reihe).	le long de la ligne :   l’axe X de l’objet suit la ligne (clôtures, murs et barrières alignés bout à bout).	선을 따라:   오브젝트의 X축이 선을 따라갑니다(울타리, 벽, 난간을 일렬로 배치).	線に沿って:   オブジェクトの X 軸を線に沿わせます（柵、壁、手すりを端から端まで並べる場合）。	alineado con la línea:   el eje X del objeto apunta a lo largo de la línea (vallas, muros y barandillas en fila).	ao longo da linha:   o eixo X do objeto aponta ao longo da linha (cercas, muros e corrimãos em sequência).	вдоль линии:   ось X объекта направлена вдоль линии (заборы, стены и перила встык).	çizgi boyunca:   nesnenin X ekseni çizgi boyunca uzanır (çitler, duvarlar ve korkuluklar uç uca).
camera not found yet; using the walking direction	camera not found yet; using the walking direction	尚未找到相机；当前使用行走方向	尚未找到相機；當前使用行走方向	Kamera noch nicht gefunden; die Laufrichtung wird verwendet.	caméra pas encore trouvée ; utilisation de la direction de marche	카메라를 아직 찾지 못해 걷는 방향을 사용합니다.	カメラがまだ見つからないため、歩行方向を使用します。	cámara aún no encontrada; se usa la dirección al caminar	câmera ainda não encontrada; usando a direção da caminhada	камера пока не найдена; используется направление ходьбы	kamera henüz bulunamadı; yürüme yönü kullanılıyor
trace: close the menu (%s), walk a few steps, then aim with the bow and press F on something	trace: close the menu (%s), walk a few steps, then aim with the bow and press F on something	跟踪：关闭菜单（%s），走几步，然后用弓瞄准某个物体并按 F	跟蹤：關閉菜單（%s），走幾步，然後用弓瞄準某個物件并按 F	Trace: Schließe das Menü (%s), gehe ein paar Schritte, ziele dann mit dem Bogen auf etwas und drücke F.	trace : fermez le menu (%s), marchez un peu, visez quelque chose avec l’arc et appuyez sur F	추적: 메뉴(%s)를 닫고 몇 걸음 이동한 뒤 활을 겨누고 대상에 F 키를 누르세요.	トレース: メニュー（%s）を閉じ、数歩歩いてから、弓を構えて対象に F キーを押してください。	seguimiento: cierra el menú (%s), camina unos pasos, apunta con el arco y pulsa F sobre algo	rastreamento: feche o menu (%s), caminhe alguns passos, mire em algo com o arco e pressione F	трассировка: закройте меню (%s), пройдите несколько шагов, наведите лук на объект и нажмите F	iz: menüyü (%s) kapatın, birkaç adım yürüyün, yayla bir şeye nişan alıp F'ye basın
yaw as set:       every copy keeps the yaw from the spawn options, no matter where it stands.	yaw as set:       every copy keeps the yaw from the spawn options, no matter where it stands.	保持设定朝向：每个副本都使用生成选项中的朝向，不受摆放位置影响。	保持設定朝向：每個副本都使用生成選項中的朝向，不受擺放位置影響。	Gierwinkel wie festgelegt: Jede Kopie behält den Gierwinkel aus den Spawn-Optionen, unabhängig von ihrer Position.	lacet défini : chaque copie conserve l’angle de lacet des options d’apparition, quelle que soit sa position	설정한 요각: 위치와 관계없이 모든 복사본이 생성 옵션의 요각을 유지합니다.	設定したヨー: 位置に関係なく、各コピーは生成オプションで設定したヨーを維持します。	guiñada fijada: cada copia conserva la guiñada de las opciones de creación, sin importar dónde esté	guinada definida: cada cópia mantém a guinada das opções de criação, onde quer que esteja	заданный угол рыскания: каждая копия сохраняет угол из параметров создания независимо от положения	ayarlanan yaw: nerede durursa dursun her kopya oluşturma seçeneklerindeki yaw değerini korur
yaw as set:    every copy keeps the yaw from the spawn options (all parallel, like a grid).	yaw as set:    every copy keeps the yaw from the spawn options (all parallel, like a grid).	保持设定朝向：所有副本都使用生成选项中的朝向，彼此平行排列（类似网格）。	保持設定朝向：所有副本都使用生成選項中的朝向，彼此平行排列（類似網格）。	Gierwinkel wie festgelegt: Jede Kopie behält den Gierwinkel aus den Spawn-Optionen (alle parallel, wie bei einem Raster).	lacet défini : chaque copie conserve l’angle de lacet des options d’apparition (toutes parallèles, comme une grille)	설정한 요각: 모든 복사본이 생성 옵션의 요각을 유지합니다(격자처럼 서로 평행).	設定したヨー: 各コピーは生成オプションで設定したヨーを維持します（グリッドのようにすべて平行）。	guiñada fijada: cada copia conserva la guiñada de las opciones de creación (todas paralelas, como una cuadrícula)	guinada definida: cada cópia mantém a guinada das opções de criação (todas paralelas, como uma grade)	заданный угол рыскания: все копии сохраняют угол из параметров создания (параллельно, как сетка)	ayarlanan yaw: her kopya oluşturma seçeneklerindeki yaw değerini korur (ızgara gibi hepsi paralel)
New project	New project	新建项目	新建專案	Neues Projekt	Nouveau projet	새 프로젝트	新しいプロジェクト	Nuevo proyecto	Novo projeto	Новый проект	Yeni proje
narrow side window: show the Scene page and its controls	narrow side window: show the Scene page and its controls	窄侧停靠窗口：显示“场景”页及其操作	窄側停靠窗口：顯示“場景”頁及其操作	Schmales Seitenfenster: Szenenseite und ihre Steuerelemente anzeigen.	fenêtre latérale étroite : afficher la page Scène et ses commandes.	좁은 측면 창: 장면 페이지와 해당 컨트롤 표시	狭いサイドウィンドウ: シーンページとその操作項目を表示	ventana lateral estrecha: mostrar la página Escena y sus controles	janela lateral estreita: mostrar a página Cena e seus controles	узкое боковое окно: показать страницу сцены и её элементы управления	dar yan pencere: Sahne sayfasını ve denetimlerini göster
unknown	unknown	未知	未知	unbekannt	inconnu	알 수 없음	不明	desconocido	desconhecido	неизвестно	bilinmiyor
verification pending	verification pending	等待验证	等待驗證	Überprüfung ausstehend	vérification en attente	확인 대기 중	確認待ち	verificación pendiente	verificação pendente	ожидается проверка	doğrulama bekleniyor
CAMERA	CAMERA	相机	相機	Kamera	Caméra	카메라	カメラ	Cámara	Câmera	Камера	Kamera
Camera: on	Camera: on	相机：开	相機：開	Kamera: ein	Caméra : activée	카메라: 켜짐	カメラ: オン	Cámara: activada	Câmera: ligada	Камера: вкл.	Kamera: açık
Camera: off	Camera: off	相机：关	相機：關	Kamera: aus	Caméra : désactivée	카메라: 꺼짐	カメラ: オフ	Cámara: desactivada	Câmera: desligada	Камера: выкл.	Kamera: kapalı
%s = camera   %s = hide	%s = camera   %s = hide	%s = 相机   %s = 隐藏	%s = 相機   %s = 隱藏	%s = Kamera   %s = ausblenden	%s = caméra   %s = masquer	%s = 카메라   %s = 숨기기	%s = カメラ   %s = 非表示	%s = cámara   %s = ocultar	%s = câmera   %s = ocultar	%s = камера   %s = скрыть	%s = kamera   %s = gizle
WASD move · Space rise · Ctrl descend · right-drag look · wheel zoom · Shift fast	WASD move · Space rise · Ctrl descend · right-drag look · wheel zoom · Shift fast	WASD 移动 · 空格上升 · Ctrl 下降 · 按住右键拖动视角 · 滚轮缩放 · Shift 加速	WASD 移動 · 空白鍵上升 · Ctrl 下降 · 按住右鍵拖曳視角 · 滾輪縮放 · Shift 加速	WASD bewegen · Leertaste steigen · Strg sinken · Rechtsklick ziehen zum Umsehen · Mausrad Zoom · Umschalt schneller	WASD déplacer · Espace monter · Ctrl descendre · clic droit maintenu pour regarder · molette zoom · Maj accélérer	WASD 이동 · Space 상승 · Ctrl 하강 · 우클릭 드래그로 시점 조정 · 휠 줌 · Shift 가속	WASDで移動 · Spaceで上昇 · Ctrlで下降 · 右ドラッグで視点操作 · ホイールでズーム · Shiftで高速	Mover con WASD · subir con Espacio · bajar con Ctrl · arrastrar con botón derecho para mirar · rueda para zoom · Shift acelera	Mover com WASD · subir com Espaço · descer com Ctrl · arrastar com o botão direito para olhar · roda para zoom · Shift acelera	WASD — движение · Space — вверх · Ctrl — вниз · удерживайте правую кнопку и перетаскивайте для обзора · колесо — масштаб · Shift — быстрее	WASD hareket · Space yüksel · Ctrl alçal · bakış için sağ tuşla sürükle · tekerlek yakınlaştırır · Shift hızlandırır
align tools	align tools	对齐工具	對齊工具	Ausrichtungswerkzeuge	Outils d'alignement	정렬 도구	整列ツール	Herramientas de alineación	Ferramentas de alinhamento	Инструменты выравнивания	Hizalama araçları
grid and angle steps for placement and drag previews (%s toggles while placing)	grid and angle steps for placement and drag previews (%s toggles while placing)	放置和拖动预览时使用的网格与角度步长（放置时按 %s 切换）	放置和拖曳預覽時使用的網格與角度步長（放置時按 %s 切換）	Raster- und Winkelschritte beim Platzieren und Ziehen (%s schaltet sie beim Platzieren um)	Pas de grille et d’angle pour le placement et le déplacement (%s les active pendant le placement)	배치와 드래그 미리보기의 격자 및 각도 간격 (배치 중 %s로 전환)	配置とドラッグプレビューのグリッド・角度刻み（配置中は %s で切り替え）	Pasos de cuadrícula y ángulo al colocar y arrastrar (%s los alterna al colocar)	Passos de grade e ângulo ao posicionar e arrastar (%s alterna durante o posicionamento)	Шаг сетки и угла при размещении и перетаскивании (%s переключает режим)	Yerleştirme ve sürükleme için ızgara ve açı adımları (yerleştirirken %s ile değiştir)
rotation step	rotation step	旋转步长	旋轉步長	Drehschritt	Pas de rotation	회전 간격	回転ステップ	Paso de rotación	Incremento de rotação	Шаг поворота	Döndürme adımı
Ctrl+Z/Y undo/redo   Ctrl+C/V copy/paste   Ctrl+X cut   Ctrl+D duplicate   Ctrl+G group   Ctrl+A all   Del delete   Ctrl/Shift+click multi-select	Ctrl+Z/Y undo/redo   Ctrl+C/V copy/paste   Ctrl+X cut   Ctrl+D duplicate   Ctrl+G group   Ctrl+A all   Del delete   Ctrl/Shift+click multi-select	Ctrl+Z/Y 撤销/重做　Ctrl+C/V 复制/粘贴　Ctrl+X 剪切　Ctrl+D 复制物体　Ctrl+G 分组　Ctrl+A 全选　Del 删除　Ctrl/Shift+单击多选	Ctrl+Z/Y 復原/重做　Ctrl+C/V 複製/貼上　Ctrl+X 剪下　Ctrl+D 複製物件　Ctrl+G 群組　Ctrl+A 全選　Del 刪除　Ctrl/Shift+點擊多選	Ctrl+Z/Y rückgängig/wiederholen   Ctrl+C/V kopieren/einfügen   Ctrl+X ausschneiden   Ctrl+D duplizieren   Ctrl+G gruppieren   Ctrl+A alle auswählen   Entf löschen   Strg/Umschalt+Klick Mehrfachauswahl	Ctrl+Z/Y annuler/rétablir   Ctrl+C/V copier/coller   Ctrl+X couper   Ctrl+D dupliquer   Ctrl+G grouper   Ctrl+A tout sélectionner   Suppr supprimer   Ctrl/Maj+clic sélection multiple	Ctrl+Z/Y 실행 취소/다시 실행   Ctrl+C/V 복사/붙여넣기   Ctrl+X 잘라내기   Ctrl+D 복제   Ctrl+G 그룹   Ctrl+A 전체 선택   Del 삭제   Ctrl/Shift+클릭 다중 선택	Ctrl+Z/Y 元に戻す/やり直す   Ctrl+C/V コピー/貼り付け   Ctrl+X 切り取り   Ctrl+D 複製   Ctrl+G グループ化   Ctrl+A 全選択   Del 削除   Ctrl/Shift+クリックで複数選択	Ctrl+Z/Y deshacer/rehacer   Ctrl+C/V copiar/pegar   Ctrl+X cortar   Ctrl+D duplicar   Ctrl+G agrupar   Ctrl+A seleccionar todo   Supr eliminar   Ctrl/Mayús+clic selección múltiple	Ctrl+Z/Y desfazer/refazer   Ctrl+C/V copiar/colar   Ctrl+X recortar   Ctrl+D duplicar   Ctrl+G agrupar   Ctrl+A selecionar tudo   Del excluir   Ctrl/Shift+clique seleção múltipla	Ctrl+Z/Y отмена/повтор   Ctrl+C/V копировать/вставить   Ctrl+X вырезать   Ctrl+D дублировать   Ctrl+G сгруппировать   Ctrl+A выбрать всё   Del удалить   Ctrl/Shift+щелчок — множественный выбор	Ctrl+Z/Y geri al/yinele   Ctrl+C/V kopyala/yapıştır   Ctrl+X kes   Ctrl+D çoğalt   Ctrl+G grupla   Ctrl+A tümünü seç   Del sil   Ctrl/Shift+tıklama çoklu seçim
Edit properties	Edit properties	编辑属性	編輯屬性	Eigenschaften bearbeiten	Modifier les propriétés	속성 편집	プロパティを編集	Editar propiedades	Editar propriedades	Изменить свойства	Özellikleri düzenle
Grab / move	Grab / move	抓取/移动	抓取/移動	Greifen / bewegen	Saisir / déplacer	잡기 / 이동	つかむ / 移動	Agarrar / mover	Pegar / mover	Взять / переместить	Tut / taşı
Copy	Copy	复制	複製	Kopieren	Copier	복사	コピー	Copiar	Copiar	Копировать	Kopyala
Cut	Cut	剪切	剪下	Ausschneiden	Couper	잘라내기	切り取り	Cortar	Recortar	Вырезать	Kes
Paste	Paste	粘贴	貼上	Einfügen	Coller	붙여넣기	貼り付け	Pegar	Colar	Вставить	Yapıştır
snap off	snap off	关闭吸附	關閉吸附	Raster aus	Grille désactivée	스냅 끔	スナップ オフ	ajuste desactivado	encaixe desligado	привязка выключена	yakalama kapalı
placed %s at %.1f, %.1f, %.1f	placed %s at %.1f, %.1f, %.1f	已将 %s 放置于 %.1f、%.1f、%.1f	已將 %s 放置於 %.1f、%.1f、%.1f	%s platziert bei %.1f, %.1f, %.1f	%s placé à %.1f, %.1f, %.1f	%s 배치 위치: %.1f, %.1f, %.1f	%sを %.1f、%.1f、%.1f に配置	%s colocado en %.1f, %.1f, %.1f	%s colocado em %.1f, %.1f, %.1f	%s размещён: %.1f, %.1f, %.1f	%s %.1f, %.1f, %.1f konumuna yerleştirildi
gizmo	gizmo	操纵器	操縱器	Gizmo	outil de déplacement	기즈모	ギズモ	manipulador	manipulador	манипулятор	manipülatör
Drag a prefab card onto the world to preview and place it; snap controls the grid.	Drag a prefab card onto the world to preview and place it; snap controls the grid.	将预制物品卡片拖到场景中可预览并放置；吸附开关控制网格。	將預製物件卡片拖到場景中可預覽並放置；吸附開關控制網格。	Ziehe eine Prefab-Karte in die Welt, um sie vorzuschauen und zu platzieren; Raster steuert das Einrasten.	Glissez une carte prefab dans le monde : apercu et placement ; accrochage active la grille.	프리팹 카드를 월드로 끌어 미리 보고 배치하세요. 스냅이 격자를 제어합니다.	プレハブカードをワールドへドラッグしてプレビュー・配置します。スナップでグリッドを切り替えます。	Arrastra una tarjeta de prefab al mundo para previsualizarla y colocarla; el ajuste controla la cuadrícula.	Arraste um cartão de prefab para o mundo para pré-visualizar e posicionar; o encaixe controla a grade.	Перетащите карточку префаба в мир для предпросмотра и размещения; привязка включает сетку.	Önizlemek ve yerleştirmek için bir prefab kartını dünyaya sürükleyin; yakalama ızgarayı denetler.
rotate tool	rotate tool	旋转工具	旋轉工具	Drehwerkzeug	outil de rotation	회전 도구	回転ツール	herramienta de rotación	ferramenta de rotação	инструмент вращения	döndürme aracı
grid snap	grid snap	网格吸附	網格吸附	Rasterfang	accrochage à la grille	격자 스냅	グリッドスナップ	snap de cuadrícula	encaixe na grade	привязка к сетке	ızgaraya hizalama
Gizmo projection (stage 1: display). Calibrate once: enable the marker, switch to camera mode (%s) and adjust until the yellow circles sit at your character's feet and head.	Gizmo projection (stage 1: display). Calibrate once: enable the marker, switch to camera mode (%s) and adjust until the yellow circles sit at your character's feet and head.	操纵器投影（第 1 阶段：显示）。只需校准一次：启用标记，切换到摄像机模式（%s），调整至黄色圆圈分别位于角色脚部和头部。	操縱器投影（第 1 階段：顯示）。只需校準一次：啟用標記，切換至攝影機模式（%s），調整至黃色圓圈分別位於角色腳部和頭部。	Gizmo-Projektion (Stufe 1: Anzeige). Einmal kalibrieren: Markierung aktivieren, in den Kameramodus (%s) wechseln und anpassen, bis die gelben Kreise an Füßen und Kopf sitzen.	Projection du gizmo (étape 1 : affichage). Calibrez une fois : activez le repère, passez en mode caméra (%s) et ajustez jusqu’à ce que les cercles jaunes soient aux pieds et à la tête du personnage.	기즈모 투영(1단계: 표시). 한 번만 보정하세요. 마커를 켜고 카메라 모드(%s)로 전환한 뒤 노란 원이 캐릭터의 발과 머리에 오도록 조정합니다.	ギズモの投影（ステージ1：表示）。一度だけ調整します。マーカーを有効にしてカメラモード（%s）に切り替え、黄色い円がキャラクターの足と頭に合うように調整してください。	Proyección del gizmo (fase 1: visualización). Calibra una vez: activa el marcador, cambia al modo cámara (%s) y ajusta hasta que los círculos amarillos coincidan con los pies y la cabeza del personaje.	Projeção do gizmo (etapa 1: exibição). Calibre uma vez: ative o marcador, mude para o modo câmera (%s) e ajuste até os círculos amarelos ficarem nos pés e na cabeça do personagem.	Проекция гизмо (этап 1: отображение). Настройте один раз: включите маркер, перейдите в режим камеры (%s) и совместите жёлтые круги с ногами и головой персонажа.	Gizmo yansıtması (1. aşama: görüntü). Bir kez kalibre edin: işareti açın, kamera moduna (%s) geçin ve sarı daireler karakterin ayaklarına ve başına oturana kadar ayarlayın.
EDITOR CONTROLS	EDITOR CONTROLS	编辑器操作	編輯器操作	EDITORSTEUERUNG	COMMANDES DE L’ÉDITEUR	편집기 조작	エディター操作	CONTROLES DEL EDITOR	CONTROLES DO EDITOR	УПРАВЛЕНИЕ РЕДАКТОРОМ	EDİTÖR KONTROLLERİ
Click selects groups as a unit; Ctrl-click toggles a group; Shift-click adds a range; drag empty space to box-select. Double-click a member to move it alone. Right-click for actions.	Click selects groups as a unit; Ctrl-click toggles a group; Shift-click adds a range; drag empty space to box-select. Double-click a member to move it alone. Right-click for actions.	点击时整组选择；Ctrl+点击切换整个组；Shift+点击添加范围；拖动空白处框选。双击组内物体可单独移动。右键打开操作菜单。	點擊時選取整個群組；Ctrl+點擊切換整個群組；Shift+點擊加入範圍；拖曳空白處可框選。連按兩下群組成員可單獨移動。右鍵開啟操作選單。	Klick wählt ganze Gruppen; Strg-Klick schaltet eine Gruppe um; Umschalt-Klick fügt einen Bereich hinzu; Ziehen auf freier Fläche wählt per Rahmen. Doppelklick auf ein Mitglied bewegt nur dieses. Rechtsklick öffnet Aktionen.	Un clic sélectionne tout le groupe ; Ctrl-clic bascule le groupe ; Maj-clic ajoute une plage ; faites glisser dans le vide pour sélectionner par cadre. Double-cliquez sur un membre pour le déplacer seul. Clic droit pour les actions.	클릭하면 그룹 전체를 선택하고 Ctrl+클릭은 그룹 전체를 전환합니다. Shift+클릭은 범위를 추가하며 빈 공간을 드래그해 상자 선택합니다. 구성원을 더블클릭하면 해당 오브젝트만 이동합니다. 우클릭으로 작업 메뉴를 엽니다.	クリックでグループ全体を選択、Ctrl+クリックでグループ全体を切替、Shift+クリックで範囲を追加。空白をドラッグして範囲選択。メンバーをダブルクリックするとその物体だけ移動。右クリックで操作メニューを開きます。	El clic selecciona grupos completos; Ctrl+clic alterna un grupo; Mayús+clic añade un rango; arrastra un espacio vacío para seleccionar con un marco. Haz doble clic en un miembro para moverlo solo. Clic derecho para ver las acciones.	Clique seleciona grupos inteiros; Ctrl+clique alterna um grupo; Shift+clique adiciona um intervalo; arraste uma área vazia para selecionar por caixa. Clique duas vezes em um membro para movê-lo sozinho. Clique com o botão direito para ver as ações.	Щелчок выбирает группу целиком; Ctrl+щелчок переключает группу; Shift+щелчок добавляет диапазон; перетащите пустую область для рамочного выделения. Дважды щёлкните участника, чтобы перемещать его отдельно. Щёлкните правой кнопкой для действий.	Tıklama grubu bir bütün olarak seçer; Ctrl+tıklama grubu değiştirir; Shift+tıklama aralık ekler; boş alanı sürükleyerek kutu seçimi yapın. Bir üyeye çift tıklayarak yalnızca onu taşıyın. İşlemler için sağ tıklayın.
Double-click a prefab to place it; drag it into the world to preview and place.	Double-click a prefab to place it; drag it into the world to preview and place.	双击预制物品即可放置；拖入场景可预览并放置。	連按兩下預製物件即可放置；拖曳到場景中可預覽並放置。	Doppelklick auf ein Prefab platziert es; ziehe es in die Welt, um die Vorschau zu sehen und es zu platzieren.	Double-cliquez sur un prefab pour le placer ; glissez-le dans le monde pour le prévisualiser et le placer.	프리팹을 더블클릭해 배치하거나 월드로 끌어 미리 보고 배치하세요.	プレハブをダブルクリックで配置、ワールドへドラッグするとプレビューして配置できます。	Doble clic en un prefab para colocarlo; arrástralo al mundo para previsualizarlo y colocarlo.	Clique duas vezes no prefab para posicionar; arraste-o ao mundo para pré-visualizar e posicionar.	Дважды щёлкните префаб для размещения; перетащите его в мир, чтобы увидеть предпросмотр и разместить.	Yerleştirmek için prefab'a çift tıklayın; önizleyip yerleştirmek için dünyaya sürükleyin.
Press %s to toggle camera mode · %s to show/hide editor	Press %s to toggle camera mode · %s to show/hide editor	按 %s 切换摄像机模式 · 按 %s 显示/隐藏编辑器	按 %s 切換攝影機模式 · 按 %s 顯示／隱藏編輯器	%s schaltet den Kameramodus um · %s blendet den Editor ein/aus	%s active/désactive le mode caméra · %s affiche/masque l’éditeur	%s 카메라 모드 전환 · %s 편집기 표시/숨기기	%sでカメラモード切替 · %sでエディター表示/非表示	%s alterna el modo cámara · %s muestra/oculta el editor	%s alterna o modo câmera · %s mostra/oculta o editor	%s — переключить режим камеры · %s — показать/скрыть редактор	%s kamera modunu değiştirir · %s düzenleyiciyi gösterir/gizler
mouse is reserved for the editor while it is open	mouse is reserved for the editor while it is open	编辑器打开时鼠标由编辑器独占	編輯器開啟時滑鼠由編輯器使用	Bei geöffnetem Editor ist die Maus dem Editor vorbehalten	Lorsque l’éditeur est ouvert, la souris lui est réservée	편집기가 열려 있으면 마우스는 편집기에서 사용합니다	エディター表示中はマウスをエディターが使用します	Con el editor abierto, el ratón queda reservado para el editor	Com o editor aberto, o mouse fica reservado para ele	При открытом редакторе мышь используется редактором	Düzenleyici açıkken fare düzenleyiciye ayrılır
mouse is reserved for the editor while it is open; drag gizmo handles to transform	mouse is reserved for the editor while it is open; drag gizmo handles to transform	编辑器打开时鼠标由编辑器使用；拖动操纵器手柄即可变换物体	編輯器開啟時滑鼠由編輯器使用；拖曳操縱器控制柄即可變換物件	Bei geöffnetem Editor gehört die Maus dem Editor; ziehe Gizmo-Griffe zum Transformieren	Lorsque l’éditeur est ouvert, la souris lui est réservée ; faites glisser les poignées du gizmo pour transformer	편집기가 열려 있으면 마우스는 편집기에서 사용합니다. 기즈모 핸들을 끌어 변환하세요	エディター表示中はマウスをエディターが使用します。ギズモのハンドルをドラッグして変形します	Con el editor abierto, el ratón queda reservado; arrastra los controles del gizmo para transformar	Com o editor aberto, o mouse fica reservado; arraste as alças do gizmo para transformar	При открытом редакторе мышь используется им; перетаскивайте рукоятки гизмо для трансформации	Düzenleyici açıkken fare ona ayrılır; dönüştürmek için gizmo tutamaçlarını sürükleyin
CAMERA CONTROLS	CAMERA CONTROLS	摄像机操作	攝影機操作	KAMERASTEUERUNG	COMMANDES DE LA CAMÉRA	카메라 조작	カメラ操作	CONTROLES DE CÁMARA	CONTROLES DA CÂMERA	УПРАВЛЕНИЕ КАМЕРОЙ	KAMERA KONTROLLERİ
(depth fallback)	(depth fallback)	（深度平面）	（深度平面）	(Tiefenebene)	(plan de profondeur)	(깊이 평면)	（奥行き平面）	(plano de profundidad)	(plano de profundidade)	(плоскость глубины)	(derinlik düzlemi)
Ctrl+Z/Y undo/redo   Ctrl+C/V copy/paste   Ctrl+X cut   Ctrl+D duplicate   Ctrl+G group   Ctrl+A all   Del delete	Ctrl+Z/Y undo/redo   Ctrl+C/V copy/paste   Ctrl+X cut   Ctrl+D duplicate   Ctrl+G group   Ctrl+A all   Del delete	Ctrl+Z/Y 撤销/重做 · Ctrl+C/V 复制/粘贴 · Ctrl+X 剪切 · Ctrl+D 复制 · Ctrl+G 编组 · Ctrl+A 全选 · Del 删除	Ctrl+Z/Y 復原/重做 · Ctrl+C/V 複製/貼上 · Ctrl+X 剪下 · Ctrl+D 複製 · Ctrl+G 群組 · Ctrl+A 全選 · Del 刪除	Strg+Z/Y Rückgängig/Wiederholen · Strg+C/V Kopieren/Einfügen · Strg+X Ausschneiden · Strg+D Duplizieren · Strg+G Gruppieren · Strg+A Alle · Entf Löschen	Ctrl+Z/Y annuler/rétablir · Ctrl+C/V copier/coller · Ctrl+X couper · Ctrl+D dupliquer · Ctrl+G grouper · Ctrl+A tout · Suppr supprimer	Ctrl+Z/Y 실행 취소/다시 실행 · Ctrl+C/V 복사/붙여넣기 · Ctrl+X 잘라내기 · Ctrl+D 복제 · Ctrl+G 그룹화 · Ctrl+A 전체 선택 · Del 삭제	Ctrl+Z/Y 元に戻す/やり直し · Ctrl+C/V コピー/貼り付け · Ctrl+X 切り取り · Ctrl+D 複製 · Ctrl+G グループ化 · Ctrl+A すべて選択 · Del 削除	Ctrl+Z/Y deshacer/rehacer · Ctrl+C/V copiar/pegar · Ctrl+X cortar · Ctrl+D duplicar · Ctrl+G agrupar · Ctrl+A todo · Supr eliminar	Ctrl+Z/Y desfazer/refazer · Ctrl+C/V copiar/colar · Ctrl+X recortar · Ctrl+D duplicar · Ctrl+G agrupar · Ctrl+A tudo · Del excluir	Ctrl+Z/Y отменить/повторить · Ctrl+C/V копировать/вставить · Ctrl+X вырезать · Ctrl+D дублировать · Ctrl+G сгруппировать · Ctrl+A всё · Del удалить	Ctrl+Z/Y geri al/yinele · Ctrl+C/V kopyala/yapıştır · Ctrl+X kes · Ctrl+D çoğalt · Ctrl+G grupla · Ctrl+A tümü · Del sil
%s = bring it in front of me     %s = snap %s     %s = level     %s = to ground     %s or placing / selecting something else = done     %s = %s	%s = bring it in front of me     %s = snap %s     %s = level     %s = to ground     %s or placing / selecting something else = done     %s = %s	%s = 移到面前    %s = 吸附%s    %s = 调平    %s = 放到地面    %s 或改选其他物品 = 完成    %s = %s	%s = 移到面前    %s = 吸附%s    %s = 調平    %s = 放到地面    %s 或改選其他物件 = 完成    %s = %s	%s = vor mich holen    %s = Raster %s    %s = waagerecht    %s = auf den Boden    %s oder anderes platzieren/auswählen = fertig    %s = %s	%s = placer devant moi    %s = accrochage %s    %s = mettre à niveau    %s = au sol    %s ou sélectionner/placer autre chose = terminer    %s = %s	%s = 앞으로 가져오기    %s = 스냅 %s    %s = 수평 맞춤    %s = 지면에 맞춤    %s 또는 다른 항목 배치/선택 = 완료    %s = %s	%s = 目の前に移動    %s = スナップ %s    %s = 水平にする    %s = 地面に合わせる    %s または別の配置/選択で完了    %s = %s	%s = traer delante    %s = ajuste %s    %s = nivelar    %s = al suelo    %s o colocar/seleccionar otro objeto = terminar    %s = %s	%s = trazer para frente    %s = encaixe %s    %s = nivelar    %s = ao chão    %s ou posicionar/selecionar outro objeto = concluir    %s = %s	%s = переместить перед собой    %s = привязка %s    %s = выровнять    %s = на землю    %s или выбор/размещение другого объекта = завершить    %s = %s	%s = önüme getir    %s = yakalama %s    %s = düzle    %s = zemine indir    %s veya başka nesneyi yerleştir/seç = bitir    %s = %s
could not delete %d object(s); the game thread is not ready	could not delete %d object(s); the game thread is not ready	%d 个物体无法删除；游戏线程尚未就绪	%d 個物件無法刪除；遊戲執行緒尚未就緒	%d Objekt(e) konnten nicht gelöscht werden; der Spielthread ist nicht bereit	%d objet(s) impossible(s) à supprimer ; le thread du jeu n’est pas prêt	%d개 오브젝트를 삭제할 수 없습니다. 게임 스레드가 준비되지 않았습니다	%d 個のオブジェクトを削除できません。ゲームスレッドの準備ができていません	No se pudieron eliminar %d objeto(s); el hilo del juego no está listo	Não foi possível excluir %d objeto(s); a thread do jogo não está pronta	Не удалось удалить объектов: %d; игровой поток не готов	%d nesne silinemedi; oyun iş parçacığı hazır değil
undo unavailable: the game thread is not ready	undo unavailable: the game thread is not ready	无法撤销：游戏线程尚未就绪	無法復原：遊戲執行緒尚未就緒	Rückgängig nicht verfügbar: Der Spielthread ist nicht bereit	Annulation indisponible : le thread du jeu n’est pas prêt	실행 취소를 사용할 수 없습니다. 게임 스레드가 준비되지 않았습니다	元に戻せません。ゲームスレッドの準備ができていません	Deshacer no disponible: el hilo del juego no está listo	Desfazer indisponível: a thread do jogo não está pronta	Отмена недоступна: игровой поток не готов	Geri alma kullanılamıyor: oyun iş parçacığı hazır değil
redo unavailable: the game thread is not ready	redo unavailable: the game thread is not ready	无法重做：游戏线程尚未就绪	無法重做：遊戲執行緒尚未就緒	Wiederholen nicht verfügbar: Der Spielthread ist nicht bereit	Rétablissement indisponible : le thread du jeu n’est pas prêt	다시 실행을 사용할 수 없습니다. 게임 스레드가 준비되지 않았습니다	やり直せません。ゲームスレッドの準備ができていません	Rehacer no disponible: el hilo del juego no está listo	Refazer indisponível: a thread do jogo não está pronta	Повтор недоступен: игровой поток не готов	Yineleme kullanılamıyor: oyun iş parçacığı hazır değil
Transform options	Transform options	变换选项	變換選項	Transformationsoptionen	Options de transformation	변환 옵션	変形オプション	Opciones de transformación	Opções de transformação	Параметры трансформации	Dönüştürme seçenekleri
card size	card size	卡片大小	卡片大小	Kartengröße	Taille des cartes	카드 크기	カードサイズ	Tamaño de tarjeta	Tamanho do cartão	Размер карточки	Kart boyutu
Object transform	Object transform	物体变换	物件變換	Objekttransformation	Transformation de l’objet	오브젝트 변환	オブジェクトの変形	Transformación del objeto	Transformação do objeto	Трансформация объекта	Nesne dönüşümü
Selection transform	Selection transform	所选项变换	所選項變換	Auswahl transformieren	Transformation de la sélection	선택 항목 변환	選択項目の変形	Transformación de la selección	Transformação da seleção	Трансформация выделения	Seçimi dönüştür
Full editor	Full editor	完整编辑器	完整編輯器	Vollständiger Editor	Éditeur complet	전체 편집기	フルエディター	Editor completo	Editor completo	Полный редактор	Tam düzenleyici
WASD move, Space rise, Ctrl descend, right-drag look, wheel zoom; %s exits camera mode	WASD move, Space rise, Ctrl descend, right-drag look, wheel zoom; %s exits camera mode	WASD 移动，空格上升，Ctrl 下降，按住右键拖动视角，滚轮缩放；按 %s 退出摄像机模式	WASD 移動，空白鍵上升，Ctrl 下降，按住右鍵拖曳視角，滾輪縮放；按 %s 離開攝影機模式	WASD bewegen, Leertaste hoch, Strg runter, Rechts ziehen zum Umsehen, Rad zoomt; %s beendet den Kameramodus	WASD déplacer, Espace monter, Ctrl descendre, clic droit maintenu pour regarder, molette pour zoomer ; %s quitte le mode caméra	WASD 이동, Space 상승, Ctrl 하강, 우클릭 드래그로 시점 이동, 휠 확대/축소; %s를 눌러 카메라 모드 종료	WASDで移動、Spaceで上昇、Ctrlで下降、右ドラッグで視点操作、ホイールでズーム。%sでカメラモードを終了	Mover con WASD, subir con Espacio, bajar con Ctrl, arrastrar con botón derecho para mirar y rueda para zoom; %s sale del modo cámara	Mover com WASD, subir com Espaço, descer com Ctrl, arrastar o botão direito para olhar e usar a roda para zoom; %s sai do modo câmera	WASD — движение, Space — вверх, Ctrl — вниз, правая кнопка и перетаскивание — обзор, колесо — масштаб; %s — выход из режима камеры	WASD hareket, Space yüksel, Ctrl alçal, sağ tuşla sürükleyerek bakış, tekerlekle yakınlaştırma; kamera modundan çıkmak için %s
World Builder v%s [%s]	World Builder v%s [%s]	世界编辑器 v%s [%s]	世界編輯器 v%s [%s]	World Builder v%s [%s]	World Builder v%s [%s]	월드 빌더 v%s [%s]	ワールドビルダー v%s [%s]	World Builder v%s [%s]	World Builder v%s [%s]	World Builder v%s [%s]	World Builder v%s [%s]
Dock	Dock	停靠	停靠	Andocken	Ancrer	도킹	ドック	Acoplar	Encaixar	Закрепить	Sabitle
WASD move, Space rise, Ctrl descend, right-drag look, wheel zoom	WASD move, Space rise, Ctrl descend, right-drag look, wheel zoom	WASD 移动，空格上升，Ctrl 下降，按住右键拖动视角，滚轮缩放	WASD 移動，空白鍵上升，Ctrl 下降，按住右鍵拖曳視角，滾輪縮放	WASD bewegen, Leertaste hoch, Strg runter, Rechts ziehen zum Umsehen, Rad zoomt	WASD déplacer, Espace monter, Ctrl descendre, clic droit maintenu pour regarder, molette pour zoomer	WASD 이동, Space 상승, Ctrl 하강, 우클릭 드래그로 시점 이동, 휠 확대/축소	WASDで移動、Spaceで上昇、Ctrlで下降、右ドラッグで視点操作、ホイールでズーム	Mover con WASD, subir con Espacio, bajar con Ctrl, arrastrar con botón derecho para mirar y rueda para zoom	Mover com WASD, subir com Espaço, descer com Ctrl, arrastar o botão direito para olhar e usar a roda para zoom	WASD — движение, Space — вверх, Ctrl — вниз, правая кнопка и перетаскивание — обзор, колесо — масштаб	WASD hareket, Space yüksel, Ctrl alçal, sağ tuşla sürükleyerek bakış, tekerlekle yakınlaştır
%.1f %.1f %.1f tile %d,%d  |  objects %d  |  %s	%.1f %.1f %.1f tile %d,%d  |  objects %d  |  %s	%.1f %.1f %.1f 区块 %d,%d  |  物体 %d  |  %s	%.1f %.1f %.1f 區塊 %d,%d  |  物件 %d  |  %s	%.1f %.1f %.1f Kachel %d,%d  |  Objekte %d  |  %s	%.1f %.1f %.1f secteur %d,%d  |  objets %d  |  %s	%.1f %.1f %.1f 타일 %d,%d  |  오브젝트 %d  |  %s	%.1f %.1f %.1f タイル %d,%d  |  オブジェクト %d  |  %s	%.1f %.1f %.1f sector %d,%d  |  objetos %d  |  %s	%.1f %.1f %.1f setor %d,%d  |  objetos %d  |  %s	%.1f %.1f %.1f сектор %d,%d  |  объектов %d  |  %s	%.1f %.1f %.1f bölge %d,%d  |  nesne %d  |  %s
player position not available (load a save)  |  objects %d  |  %s	player position not available (load a save)  |  objects %d  |  %s	无法读取玩家位置（请先载入存档）  |  物体 %d  |  %s	無法讀取玩家位置（請先載入存檔）  |  物件 %d  |  %s	Spielerposition nicht verfügbar (Spielstand laden)  |  Objekte %d  |  %s	Position du joueur indisponible (chargez une sauvegarde)  |  objets %d  |  %s	플레이어 위치를 사용할 수 없습니다(저장 파일을 불러오세요)  |  오브젝트 %d  |  %s	プレイヤー位置を取得できません（セーブデータを読み込んでください）  |  オブジェクト %d  |  %s	Posición del jugador no disponible (carga una partida)  |  objetos %d  |  %s	Posição do jogador indisponível (carregue um save)  |  objetos %d  |  %s	Позиция игрока недоступна (загрузите сохранение)  |  объектов %d  |  %s	Oyuncu konumu kullanılamıyor (bir kayıt yükleyin)  |  nesne %d  |  %s
transform could not be queued; the game thread is not ready	transform could not be queued; the game thread is not ready	无法提交变换：游戏线程尚未就绪	無法提交變換：遊戲執行緒尚未就緒	Transformation konnte nicht eingereiht werden; der Spielthread ist nicht bereit	Transformation impossible à mettre en file : le thread du jeu n’est pas prêt	변환 작업을 대기열에 넣지 못했습니다. 게임 스레드가 준비되지 않았습니다	変形をキューに追加できません。ゲームスレッドの準備ができていません	No se pudo encolar la transformación; el hilo del juego no está listo	Não foi possível enfileirar a transformação; a thread do jogo não está pronta	Не удалось поставить трансформацию в очередь: игровой поток не готов	Dönüştürme kuyruğa alınamadı; oyun iş parçacığı hazır değil
Gizmo projection (stage 1: display). Calibrate once: enable the marker, switch to camera mode (Home) and adjust until the yellow circles sit at your character's feet and head.	Gizmo projection (stage 1: display). Calibrate once: enable the marker, switch to camera mode (Home) and adjust until the yellow circles sit at your character's feet and head.	操纵器投影（阶段 1：显示）。只需校准一次：启用标记，切换到相机模式（Home），调整到黄色圆圈对准角色的脚和头部。	操縱器投影（階段 1：顯示）。只需校準一次：啟用標記，切換到攝影機模式（Home），調整到黃色圓圈對準角色的腳和頭部。	Gizmo-Projektion (Stufe 1: Anzeige). Einmal kalibrieren: Markierung aktivieren, in den Kameramodus (Home) wechseln und so anpassen, dass die gelben Kreise auf Füßen und Kopf der Figur liegen.	Projection du gizmo (étape 1 : affichage). Calibrez une fois : activez le marqueur, passez en mode caméra (Home) et ajustez jusqu’à ce que les cercles jaunes soient sur les pieds et la tête du personnage.	기즈모 투영(1단계: 표시). 한 번만 보정하세요. 마커를 켜고 카메라 모드(Home)로 전환한 뒤 노란 원이 캐릭터의 발과 머리에 맞도록 조정합니다.	ギズモ投影（ステージ1：表示）。一度だけ調整します。マーカーを有効にしてカメラモード（Home）へ切り替え、黄色い円がキャラクターの足元と頭に合うまで調整してください。	Proyección del gizmo (fase 1: visualización). Calibra una vez: activa el marcador, cambia al modo cámara (Home) y ajusta hasta que los círculos amarillos coincidan con los pies y la cabeza del personaje.	Projeção do gizmo (etapa 1: exibição). Calibre uma vez: ative o marcador, mude para o modo câmera (Home) e ajuste até os círculos amarelos coincidirem com os pés e a cabeça do personagem.	Проекция гизмо (этап 1: отображение). Выполните калибровку один раз: включите маркер, перейдите в режим камеры (Home) и настройте так, чтобы жёлтые круги совпали со ступнями и головой персонажа.	Gizmo projeksiyonu (aşama 1: görüntüleme). Bir kez kalibre edin: işareti etkinleştirin, kamera moduna (Home) geçin ve sarı daireler karakterin ayakları ve başıyla hizalanana kadar ayarlayın.
rotation step for Rotate - / Rotate +	rotation step for Rotate - / Rotate +	“旋转 - / 旋转 +”的旋转步长	「旋轉 - / 旋轉 +」的旋轉步長	Drehschritt für Drehen - / Drehen +	Pas de rotation pour Rotation - / Rotation +	회전 - / 회전 +의 회전 단계	「回転 - / 回転 +」の回転ステップ	Paso de rotación para Girar - / Girar +	Passo de rotação para Girar - / Girar +	Шаг поворота для «Повернуть - / Повернуть +»	Döndür - / Döndür + için dönüş adımı
tile size; double-click to type a value	tile size; double-click to type a value	卡片大小；双击可手动输入数值	卡片大小；連按兩下可手動輸入數值	Kachelgröße; doppelklicken, um einen Wert einzugeben	Taille des vignettes ; double-cliquez pour saisir une valeur	타일 크기; 값을 직접 입력하려면 더블클릭	タイルサイズ。ダブルクリックで数値を直接入力	Tamaño de tarjeta; doble clic para introducir un valor	Tamanho do cartão; clique duas vezes para digitar um valor	Размер карточки; двойной щелчок для ввода значения	Kart boyutu; değer girmek için çift tıklayın
trace: close the menu (Home), walk a few steps, then aim with the bow and press F on something	trace: close the menu (Home), walk a few steps, then aim with the bow and press F on something	跟踪：关闭菜单（Home），走几步，然后用弓瞄准某个目标并按 F	追蹤：關閉選單（Home），走幾步，然後用弓瞄準某個目標並按 F	Trace: Menü schließen (Home), ein paar Schritte gehen, dann mit dem Bogen auf etwas zielen und F drücken	Traçage : fermez le menu (Home), faites quelques pas, puis visez quelque chose avec l’arc et appuyez sur F	추적: 메뉴를 닫고(Home) 몇 걸음 이동한 다음 활로 무언가를 조준하고 F를 누르세요	トレース：メニューを閉じ（Home）、数歩歩いてから弓で何かを狙い、Fを押してください	Traza: cierra el menú (Home), camina unos pasos, apunta a algo con el arco y pulsa F	Rastreamento: feche o menu (Home), caminhe alguns passos, mire em algo com o arco e pressione F	Трассировка: закройте меню (Home), пройдите несколько шагов, затем прицельтесь из лука в объект и нажмите F	İzleme: menüyü kapatın (Home), birkaç adım yürüyün, ardından yayla bir şeye nişan alıp F’ye basın
Ctrl+Z/Y undo/redo   Ctrl+C/V copy/paste   Ctrl+D duplicate   Ctrl+G group   Ctrl+A all   Del delete   Ctrl/Shift+click multi-select	Ctrl+Z/Y undo/redo   Ctrl+C/V copy/paste   Ctrl+D duplicate   Ctrl+G group   Ctrl+A all   Del delete   Ctrl/Shift+click multi-select	Ctrl+Z/Y 撤销/重做   Ctrl+C/V 复制/粘贴   Ctrl+D 复制副本   Ctrl+G 编组   Ctrl+A 全选   Del 删除   Ctrl/Shift+单击 多选	Ctrl+Z/Y 復原/重做   Ctrl+C/V 複製/貼上   Ctrl+D 建立副本   Ctrl+G 群組   Ctrl+A 全選   Del 刪除   Ctrl/Shift+點擊 多選	Strg+Z/Y Rückgängig/Wiederholen   Strg+C/V Kopieren/Einfügen   Strg+D Duplizieren   Strg+G Gruppieren   Strg+A Alles   Entf Löschen   Strg/Umschalt+Klick Mehrfachauswahl	Ctrl+Z/Y annuler/rétablir   Ctrl+C/V copier/coller   Ctrl+D dupliquer   Ctrl+G grouper   Ctrl+A tout sélectionner   Suppr supprimer   Ctrl/Maj+clic sélection multiple	Ctrl+Z/Y 실행 취소/다시 실행   Ctrl+C/V 복사/붙여넣기   Ctrl+D 복제   Ctrl+G 그룹화   Ctrl+A 전체 선택   Del 삭제   Ctrl/Shift+클릭 다중 선택	Ctrl+Z/Y 元に戻す/やり直し   Ctrl+C/V コピー/貼り付け   Ctrl+D 複製   Ctrl+G グループ化   Ctrl+A 全選択   Del 削除   Ctrl/Shift+クリック 複数選択	Ctrl+Z/Y deshacer/rehacer   Ctrl+C/V copiar/pegar   Ctrl+D duplicar   Ctrl+G agrupar   Ctrl+A seleccionar todo   Supr eliminar   Ctrl/Mayús+clic selección múltiple	Ctrl+Z/Y desfazer/refazer   Ctrl+C/V copiar/colar   Ctrl+D duplicar   Ctrl+G agrupar   Ctrl+A selecionar tudo   Del excluir   Ctrl/Shift+clique seleção múltipla	Ctrl+Z/Y отменить/повторить   Ctrl+C/V копировать/вставить   Ctrl+D дублировать   Ctrl+G сгруппировать   Ctrl+A выбрать всё   Del удалить   Ctrl/Shift+щелчок множественный выбор	Ctrl+Z/Y geri al/yinele   Ctrl+C/V kopyala/yapıştır   Ctrl+D çoğalt   Ctrl+G grupla   Ctrl+A tümünü seç   Del sil   Ctrl/Shift+tıklama çoklu seçim
Free camera: W/A/S/D move, E or Space up, Q or Ctrl down, Shift faster, mouse wheel forward. Drag with the right mouse button over the world to look around; a right click without moving opens the context menu. Your character stays where it is; new objects appear in front of the camera.	Free camera: W/A/S/D move, E or Space up, Q or Ctrl down, Shift faster, mouse wheel forward. Drag with the right mouse button over the world to look around; a right click without moving opens the context menu. Your character stays where it is; new objects appear in front of the camera.	自由相机：W/A/S/D 移动，E 或空格上升，Q 或 Ctrl 下降，Shift 加速，鼠标滚轮前进。在世界上按住鼠标右键拖动环顾四周；右键单击不移动则打开右键菜单。你的角色留在原地；新物体会出现在相机前方。	自由相機：W/A/S/D 移動，E 或空白鍵上升，Q 或 Ctrl 下降，Shift 加速，滑鼠滾輪前進。在世界上按住滑鼠右鍵拖曳環顧四周；右鍵點擊不移動則開啟右鍵選單。你的角色留在原地；新物件會出現在相機前方。	Freie Kamera: W/A/S/D bewegen, E oder Leertaste hoch, Q oder Strg runter, Shift schneller, Mausrad vorwärts. Mit gedrückter rechter Maustaste über der Welt ziehen zum Umsehen; ein Rechtsklick ohne Bewegung öffnet das Kontextmenü. Deine Figur bleibt stehen; neue Objekte erscheinen vor der Kamera.	Caméra libre : W/A/S/D pour bouger, E ou Espace pour monter, Q ou Ctrl pour descendre, Maj pour aller plus vite, molette pour avancer. Glissez avec le clic droit sur le monde pour regarder autour ; un clic droit sans bouger ouvre le menu contextuel. Votre personnage reste sur place ; les nouveaux objets apparaissent devant la caméra.	자유 카메라: W/A/S/D 이동, E 또는 Space 위로, Q 또는 Ctrl 아래로, Shift 빠르게, 마우스 휠 앞으로. 월드 위에서 마우스 오른쪽 버튼으로 드래그해 둘러보고, 움직이지 않고 오른쪽 클릭하면 컨텍스트 메뉴가 열립니다. 캐릭터는 제자리에 있고 새 오브젝트는 카메라 앞에 나타납니다.	フリーカメラ：W/A/S/D で移動、E かスペースで上昇、Q か Ctrl で下降、Shift で高速、マウスホイールで前進。ワールド上で右ドラッグして見回し、動かさずに右クリックするとコンテキストメニューが開きます。キャラクターはその場に残り、新しいオブジェクトはカメラの前に現れます。	Cámara libre: W/A/S/D para moverse, E o Espacio para subir, Q o Ctrl para bajar, Mayús más rápido, rueda del ratón para avanzar. Arrastra con el botón derecho sobre el mundo para mirar alrededor; un clic derecho sin mover abre el menú contextual. Tu personaje se queda donde está; los objetos nuevos aparecen delante de la cámara.	Câmera livre: W/A/S/D para mover, E ou Espaço para subir, Q ou Ctrl para descer, Shift mais rápido, roda do mouse para avançar. Arraste com o botão direito sobre o mundo para olhar em volta; um clique direito sem mover abre o menu de contexto. Seu personagem fica parado; novos objetos aparecem na frente da câmera.	Свободная камера: W/A/S/D — движение, E или пробел — вверх, Q или Ctrl — вниз, Shift — быстрее, колесо мыши — вперёд. Перетаскивайте правой кнопкой мыши над миром, чтобы осматриваться; щелчок правой кнопкой без движения открывает контекстное меню. Персонаж остаётся на месте; новые объекты появляются перед камерой.	Serbest kamera: W/A/S/D hareket, E veya Boşluk yukarı, Q veya Ctrl aşağı, Shift daha hızlı, fare tekerleği ileri. Etrafa bakmak için dünyanın üzerinde sağ tuşla sürükleyin; hareket etmeden sağ tıklamak bağlam menüsünü açar. Karakteriniz yerinde kalır; yeni nesneler kameranın önünde belirir.
updating %d / %d	updating %d / %d	正在更新 %d / %d	正在更新 %d / %d	Aktualisierung %d / %d	mise à jour %d / %d	업데이트 중 %d / %d	更新中 %d / %d	actualizando %d / %d	atualizando %d / %d	обновление %d / %d	güncelleniyor %d / %d
Focus	Focus	聚焦	聚焦	Fokus	Cadrer	초점	フォーカス	Enfocar	Focar	Фокус	Odakla
camera view: F free, H level, D straight down, U straight up; click to cycle	camera view: F free, H level, D straight down, U straight up; click to cycle	相机视角：F 自由、H 平视、D 垂直向下、U 垂直向上；点击循环	相機視角：F 自由、H 平視、D 垂直向下、U 垂直向上；點擊循環	Kameraansicht: F frei, H waagerecht, D senkrecht nach unten, U senkrecht nach oben; klicken zum Wechseln	Vue caméra : F libre, H à niveau, D vertical vers le bas, U vertical vers le haut ; cliquer pour changer	카메라 보기: F 자유, H 수평, D 수직 아래, U 수직 위; 클릭하여 전환	カメラ表示：F 自由、H 水平、D 真下、U 真上。クリックで切替	vista de cámara: F libre, H nivelada, D vertical hacia abajo, U vertical hacia arriba; haz clic para cambiar	visão da câmera: F livre, H nivelada, D vertical para baixo, U vertical para cima; clique para alternar	вид камеры: F свободный, H по горизонту, D вертикально вниз, U вертикально вверх; нажмите для переключения	kamera görünümü: F serbest, H yatay, D dikey aşağı, U dikey yukarı; değiştirmek için tıklayın
History	History	历史	歷史	Verlauf	Historique	기록	履歴	Historial	Histórico	История	Geçmiş
ID	ID	编号	編號	ID	ID	ID	ID	ID	ID	ID	ID
puts the object in front of you and lets you move it with the mouse gizmo	puts the object in front of you and lets you move it with the mouse gizmo	将物体放到你面前，并可使用鼠标操纵器移动它	將物件放到你面前，並可使用滑鼠操縱器移動它	Platziert das Objekt vor dir und lässt es mit dem Maus-Gizmo bewegen.	Place l’objet devant vous et permet de le déplacer avec le gizmo de la souris.	오브젝트를 앞에 놓고 마우스 기즈모로 이동할 수 있습니다.	オブジェクトを目の前に置き、マウスギズモで移動できます。	Coloca el objeto delante y permite moverlo con el gizmo del ratón.	Coloca o objeto à sua frente e permite movê-lo com o gizmo do mouse.	Размещает объект перед вами и позволяет перемещать его с помощью гизмо мыши.	Nesneyi önünüze yerleştirir ve fare gizmosuyla taşımanıza izin verir.
grid and angle steps for the placement mode	grid and angle steps for the placement mode	放置模式的网格和角度步进	放置模式的網格與角度步進	Raster- und Winkelschritte für den Platzierungsmodus	Pas de grille et d’angle pour le mode placement	배치 모드의 그리드 및 각도 간격	配置モードのグリッドと角度の刻み	Pasos de cuadrícula y ángulo del modo de colocación	Passos de grade e ângulo do modo de posicionamento	Шаги сетки и угла для режима размещения	Yerleştirme modu için ızgara ve açı adımları
carry the selection and edit it with the mouse gizmo	carry the selection and edit it with the mouse gizmo	抓取所选物体并使用鼠标操纵器编辑	抓取所選物件並使用滑鼠操縱器編輯	Auswahl aufnehmen und mit dem Maus-Gizmo bearbeiten	Saisissez la sélection et modifiez-la avec le gizmo de la souris	선택 항목을 잡고 마우스 기즈모로 편집합니다	選択したオブジェクトを掴み、マウスギズモで編集します	Toma la selección y edítala con el gizmo del ratón	Pegue a seleção e edite-a com o gizmo do mouse	Возьмите выделение и редактируйте его с помощью гизмо мыши	Seçimi alın ve fare gizmosuyla düzenleyin
placement: mouse gizmo	placement: mouse gizmo	放置：鼠标操纵器	放置：滑鼠操縱器	Platzierung: Maus-Gizmo	placement : gizmo de la souris	배치: 마우스 기즈모	配置：マウスギズモ	colocación: gizmo del ratón	posicionamento: gizmo do mouse	размещение: гизмо мыши	yerleştirme: fare gizmosu
render camera: live field of view %.1f deg, aspect %.3f	render camera: live field of view %.1f deg, aspect %.3f	渲染相机：实时视野角 %.1f 度，宽高比 %.3f	渲染相機：即時視野角 %.1f 度，寬高比 %.3f	Render-Kamera: Live-Sichtfeld %.1f Grad, Seitenverhältnis %.3f	caméra de rendu : champ de vision %.1f deg, format %.3f	렌더 카메라: 실시간 시야각 %.1f도, 종횡비 %.3f	レンダーカメラ：リアルタイム視野角 %.1f 度、アスペクト比 %.3f	cámara de renderizado: campo de visión %.1f grados, relación %.3f	câmera de renderização: campo de visão %.1f graus, proporção %.3f	камера рендера: поле зрения %.1f град., соотношение %.3f	render kamerası: canlı görüş açısı %.1f derece, en-boy oranı %.3f
render camera: not available, using the camera object fallback	render camera: not available, using the camera object fallback	渲染相机不可用，正在使用相机对象回退方案	渲染相機不可用，正在使用相機物件備援方案	Render-Kamera nicht verfügbar, Kameraobjekt-Fallback wird verwendet	caméra de rendu indisponible, utilisation du repli sur l’objet caméra	렌더 카메라를 사용할 수 없어 카메라 오브젝트 대체 경로를 사용합니다	レンダーカメラを利用できないため、カメラオブジェクトのフォールバックを使用します	cámara de renderizado no disponible; se usa el objeto de cámara como alternativa	câmera de renderização indisponível; usando o objeto de câmera como alternativa	камера рендера недоступна, используется резервный объект камеры	render kamerası kullanılamıyor; kamera nesnesi yedeği kullanılıyor
Time	Time	时间	時間	Zeit	Heure	시간	時刻	Hora	Hora	Время	Zaman
Time & Weather	Time & Weather	时间与天气	時間與天氣	Zeit & Wetter	Heure et météo	시간 및 날씨	時刻と天候	Hora y clima	Hora e clima	Время и погода	Zaman ve Hava
Weather	Weather	天气	天氣	Wetter	Météo	날씨	天候	Clima	Clima	Погода	Hava Durumu
Time controls are not available in this game build (see the log).	Time controls are not available in this game build (see the log).	此游戏版本不支持时间控制（请查看日志）。	此遊戲版本不支援時間控制（請查看日誌）。	Zeitsteuerung ist in diesem Spiel-Build nicht verfügbar (siehe Log).	Les contrôles du temps ne sont pas disponibles dans cette version du jeu (voir le journal).	이 게임 빌드에서는 시간 제어를 사용할 수 없습니다(로그 참조).	このゲームビルドでは時間制御を利用できません（ログを確認してください）。	Los controles de hora no están disponibles en esta versión del juego (consulta el registro).	Os controles de horário não estão disponíveis nesta versão do jogo (veja o log).	Управление временем недоступно в этой версии игры (см. журнал).	Zaman kontrolleri bu oyun sürümünde kullanılamıyor (günlüğe bakın).
Current visual time: %02d:%02d	Current visual time: %02d:%02d	当前视觉时间：%02d:%02d	目前視覺時間：%02d:%02d	Aktuelle visuelle Zeit: %02d:%02d	Heure visuelle actuelle : %02d:%02d	현재 시각 시간: %02d:%02d	現在の視覚時刻: %02d:%02d	Hora visual actual: %02d:%02d	Hora visual atual: %02d:%02d	Текущее визуальное время: %02d:%02d	Geçerli görsel zaman: %02d:%02d
Current visual time: waiting for the world...	Current visual time: waiting for the world...	当前视觉时间：正在等待世界加载……	目前視覺時間：正在等待世界載入……	Aktuelle visuelle Zeit: Warten auf die Welt...	Heure visuelle actuelle : attente du monde...	현재 시각 시간: 월드 대기 중...	現在の視覚時刻: ワールドを待機中...	Hora visual actual: esperando al mundo...	Hora visual atual: aguardando o mundo...	Текущее визуальное время: ожидание мира...	Geçerli görsel zaman: dünya bekleniyor...
time of day	time of day	一天中的时间	一天中的時間	Tageszeit	heure de la journée	시간대	時刻	hora del día	hora do dia	время суток	günün saati
Dawn 06:00	Dawn 06:00	黎明 06:00	黎明 06:00	Morgengrauen 06:00	Aube 06:00	새벽 06:00	夜明け 06:00	Amanecer 06:00	Amanhecer 06:00	Рассвет 06:00	Şafak 06:00
Noon 12:00	Noon 12:00	正午 12:00	正午 12:00	Mittag 12:00	Midi 12:00	정오 12:00	正午 12:00	Mediodía 12:00	Meio-dia 12:00	Полдень 12:00	Öğle 12:00
Sunset 18:00	Sunset 18:00	日落 18:00	日落 18:00	Sonnenuntergang 18:00	Coucher du soleil 18:00	일몰 18:00	日没 18:00	Atardecer 18:00	Pôr do sol 18:00	Закат 18:00	Gün batımı 18:00
Midnight 00:00	Midnight 00:00	午夜 00:00	午夜 00:00	Mitternacht 00:00	Minuit 00:00	자정 00:00	真夜中 00:00	Medianoche 00:00	Meia-noite 00:00	Полночь 00:00	Gece yarısı 00:00
freeze time (lighting only)	freeze time (lighting only)	冻结时间（仅光照）	凍結時間（僅光照）	Zeit einfrieren (nur Beleuchtung)	figer le temps (éclairage uniquement)	시간 고정 (조명만)	時間を固定（ライティングのみ）	congelar hora (solo iluminación)	congelar o tempo (apenas iluminação)	заморозить время (только освещение)	zamanı dondur (yalnızca aydınlatma)
Stops the visual day/night and lighting progression. Gameplay, NPCs, physics and combat keep running.	Stops the visual day/night and lighting progression. Gameplay, NPCs, physics and combat keep running.	停止昼夜和光照的视觉推进。游戏、NPC、物理和战斗仍会继续运行。	停止晝夜和光照的視覺推進。遊戲、NPC、物理和戰鬥仍會繼續運行。	Stoppt den visuellen Tag-/Nacht- und Beleuchtungsfortschritt. Gameplay, NPCs, Physik und Kampf laufen weiter.	Arrête la progression visuelle du jour/nuit et de l'éclairage. Le gameplay, les PNJ, la physique et les combats continuent.	시각적인 낮/밤 및 조명 진행만 멈춥니다. 게임플레이, NPC, 물리 및 전투는 계속 작동합니다.	昼夜とライティングの見た目上の進行だけを停止します。ゲームプレイ、NPC、物理、戦闘は動き続けます。	Detiene el avance visual del día/noche y la iluminación. La jugabilidad, los PNJ, la física y el combate siguen funcionando.	Interrompe a progressão visual de dia/noite e iluminação. Jogabilidade, NPCs, física e combate continuam funcionando.	Останавливает только визуальную смену дня/ночи и освещения. Игра, NPC, физика и бой продолжают работать.	Görsel gündüz/gece ve aydınlatma ilerlemesini durdurur. Oynanış, NPC'ler, fizik ve savaş devam eder.
use native time	use native time	使用游戏原生时间	使用遊戲原生時間	native Spielzeit verwenden	utiliser l'heure native du jeu	게임 기본 시간 사용	ゲーム本来の時刻を使用	usar hora nativa	usar horário nativo	использовать игровое время	oyunun doğal zamanını kullan
Restore the game's normal visual time progression.	Restore the game's normal visual time progression.	恢复游戏正常的视觉时间推进。	恢復遊戲正常的視覺時間推進。	Stellt den normalen visuellen Zeitablauf des Spiels wieder her.	Restaure la progression visuelle normale du temps du jeu.	게임의 정상적인 시각 시간 진행을 복원합니다.	ゲーム本来の視覚時間の進行に戻します。	Restaura el avance visual normal del tiempo del juego.	Restaura a progressão visual normal do tempo do jogo.	Восстанавливает обычное визуальное течение времени в игре.	Oyunun normal görsel zaman akışını geri yükler.
Weather controls are not available in this game build (see the log).	Weather controls are not available in this game build (see the log).	此游戏版本不支持天气控制（请查看日志）。	此遊戲版本不支援天氣控制（請查看日誌）。	Wettersteuerung ist in diesem Spiel-Build nicht verfügbar (siehe Log).	Les contrôles météo ne sont pas disponibles dans cette version du jeu (voir le journal).	이 게임 빌드에서는 날씨 제어를 사용할 수 없습니다(로그 참조).	このゲームビルドでは天候制御を利用できません（ログを確認してください）。	Los controles del clima no están disponibles en esta versión del juego (consulta el registro).	Os controles de clima não estão disponíveis nesta versão do jogo (veja o log).	Управление погодой недоступно в этой версии игры (см. журнал).	Hava durumu kontrolleri bu oyun sürümünde kullanılamıyor (günlüğe bakın).
This control is not available in this game build (see the log).	This control is not available in this game build (see the log).	此游戏版本不支持此控制（请查看日志）。	此遊戲版本不支援此控制（請查看日誌）。	Diese Steuerung ist in diesem Spiel-Build nicht verfügbar (siehe Log).	Ce contrôle n'est pas disponible dans cette version du jeu (voir le journal).	이 게임 빌드에서는 이 제어를 사용할 수 없습니다(로그 참조).	このゲームビルドではこの制御を利用できません（ログを確認してください）。	Este control no está disponible en esta versión del juego (consulta el registro).	Este controle não está disponível nesta versão do jogo (veja o log).	Этот параметр недоступен в этой версии игры (см. журнал).	Bu kontrol bu oyun sürümünde kullanılamıyor (günlüğe bakın).
clear sky	clear sky	晴空	晴空	klarer Himmel	ciel dégagé	맑은 하늘	快晴	cielo despejado	céu limpo	ясное небо	açık hava
Suppresses rain, snow, clouds and the main weather fog while enabled.	Suppresses rain, snow, clouds and the main weather fog while enabled.	启用时抑制雨、雪、云和主要天气雾。	啟用時抑制雨、雪、雲和主要天氣霧。	Unterdrückt Regen, Schnee, Wolken und den wichtigsten Wetternebel, solange aktiviert.	Supprime la pluie, la neige, les nuages et le brouillard météo principal tant que l'option est active.	활성화된 동안 비, 눈, 구름 및 주요 날씨 안개를 억제합니다.	有効中は雨、雪、雲、主要な天候フォグを抑制します。	Suprime lluvia, nieve, nubes y la niebla meteorológica principal mientras está activado.	Suprime chuva, neve, nuvens e a névoa climática principal enquanto estiver ativo.	При включении подавляет дождь, снег, облака и основной погодный туман.	Etkin olduğunda yağmur, kar, bulutlar ve ana hava sisi bastırılır.
override rain	override rain	覆盖降雨	覆蓋降雨	Regen überschreiben	remplacer la pluie	비 덮어쓰기	雨を上書き	sobrescribir lluvia	substituir chuva	переопределить дождь	yağmuru geçersiz kıl
rain intensity	rain intensity	降雨强度	降雨強度	Regenstärke	intensité de la pluie	비 강도	雨の強さ	intensidad de lluvia	intensidade da chuva	интенсивность дождя	yağmur yoğunluğu
override clouds	override clouds	覆盖云量	覆蓋雲量	Wolken überschreiben	remplacer les nuages	구름 덮어쓰기	雲を上書き	sobrescribir nubes	substituir nuvens	переопределить облака	bulutları geçersiz kıl
cloud amount	cloud amount	云量	雲量	Wolkenmenge	quantité de nuages	구름 양	雲量	cantidad de nubes	quantidade de nuvens	количество облаков	bulut miktarı
override wind	override wind	覆盖风力	覆蓋風力	Wind überschreiben	remplacer le vent	바람 덮어쓰기	風を上書き	sobrescribir viento	substituir vento	переопределить ветер	rüzgârı geçersiz kıl
wind multiplier	wind multiplier	风力倍率	風力倍率	Windmultiplikator	multiplicateur du vent	바람 배율	風倍率	multiplicador de viento	multiplicador do vento	множитель ветра	rüzgâr çarpanı
use native weather	use native weather	使用游戏原生天气	使用遊戲原生天氣	natives Spielwetter verwenden	utiliser la météo native du jeu	게임 기본 날씨 사용	ゲーム本来の天候を使用	usar clima nativo	usar clima nativo	использовать игровую погоду	oyunun doğal hava durumunu kullan
Disable every World Builder weather override and return control to the game.	Disable every World Builder weather override and return control to the game.	禁用 World Builder 的所有天气覆盖，并将控制权交还给游戏。	停用 World Builder 的所有天氣覆蓋，並將控制權交還給遊戲。	Deaktiviert alle World-Builder-Wetterüberschreibungen und gibt die Kontrolle an das Spiel zurück.	Désactive tous les remplacements météo de World Builder et rend le contrôle au jeu.	World Builder의 모든 날씨 덮어쓰기를 끄고 제어를 게임에 돌려줍니다.	World Builder のすべての天候上書きを無効にし、制御をゲームへ戻します。	Desactiva todas las modificaciones de clima de World Builder y devuelve el control al juego.	Desativa todas as substituições de clima do World Builder e devolve o controle ao jogo.	Отключает все погодные переопределения World Builder и возвращает управление игре.	Tüm World Builder hava durumu geçersiz kılmalarını kapatır ve kontrolü oyuna geri verir.
Weather values are applied to the game's composed environment each update.	Weather values are applied to the game's composed environment each update.	天气数值会在每次更新时应用到游戏合成后的环境中。	天氣數值會在每次更新時套用到遊戲合成後的環境中。	Wetterwerte werden bei jedem Update auf die zusammengesetzte Spielumgebung angewendet.	Les valeurs météo sont appliquées à l'environnement composé du jeu à chaque mise à jour.	날씨 값은 매 업데이트마다 게임의 합성 환경에 적용됩니다.	天候値は更新ごとにゲームの合成済み環境へ適用されます。	Los valores del clima se aplican al entorno compuesto del juego en cada actualización.	Os valores de clima são aplicados ao ambiente composto do jogo a cada atualização.	Значения погоды применяются к итоговому окружению игры при каждом обновлении.	Hava durumu değerleri her güncellemede oyunun bileşik ortamına uygulanır.
narrow side window: NPC browser and spawning	narrow side window: NPC browser and spawning	窄侧边窗口：NPC 浏览与生成	窄側邊視窗：NPC 瀏覽與生成	schmales Seitenfenster: NPC-Browser und Spawnen	fenêtre latérale étroite : navigateur et apparition des PNJ	좁은 측면 창: NPC 탐색 및 생성	狭いサイドウィンドウ：NPC閲覧とスポーン	ventana lateral estrecha: navegador y aparición de PNJ	janela lateral estreita: navegador e geração de NPCs	узкое боковое окно: просмотр и создание NPC	dar yan pencere: NPC tarama ve oluşturma
narrow side window: time and weather controls	narrow side window: time and weather controls	窄侧边窗口：时间与天气控制	窄側邊視窗：時間與天氣控制	schmales Seitenfenster: Zeit- und Wettersteuerung	fenêtre latérale étroite : contrôles du temps et de la météo	좁은 측면 창: 시간 및 날씨 제어	狭いサイドウィンドウ：時刻と天候の制御	ventana lateral estrecha: controles de hora y clima	janela lateral estreita: controles de horário e clima	узкое боковое окно: управление временем и погодой	dar yan pencere: zaman ve hava durumu kontrolleri
override snow	override snow	覆盖降雪	覆蓋降雪	Schnee überschreiben	remplacer la neige	눈 덮어쓰기	雪を上書き	sobrescribir nieve	substituir neve	переопределить снег	karı geçersiz kıl
snow intensity	snow intensity	降雪强度	降雪強度	Schneeintensität	intensité de la neige	눈 강도	雪の強度	intensidad de nieve	intensidade da neve	интенсивность снега	kar yoğunluğu
Snow particle control is not available in this game build.	Snow particle control is not available in this game build.	此游戏版本不支持雪粒子控制。	此遊戲版本不支援雪粒子控制。	Die Schneepartikel-Steuerung ist in diesem Spiel-Build nicht verfügbar.	Le contrôle des particules de neige n’est pas disponible dans cette version du jeu.	이 게임 빌드에서는 눈 파티클 제어를 사용할 수 없습니다.	このゲームビルドでは雪パーティクル制御を利用できません。	El control de partículas de nieve no está disponible en esta versión del juego.	O controle de partículas de neve não está disponível nesta versão do jogo.	Управление частицами снега недоступно в этой версии игры.	Kar parçacığı kontrolü bu oyun sürümünde kullanılamıyor.
To look around: %s opens the editor, %s there switches to the free camera	To look around: %s opens the editor, %s there switches to the free camera	环顾四周：%s 打开编辑器，然后按 %s 切换到自由相机	環顧四周：%s 開啟編輯器，然後按 %s 切換到自由攝影機	Umsehen: %s öffnet den Editor, %s schaltet dort auf die freie Kamera	Pour regarder autour : %s ouvre l'éditeur, puis %s passe en caméra libre	둘러보기: %s 키로 편집기를 열고, 거기서 %s 키로 자유 카메라로 전환	見回すには：%s でエディターを開き、そこで %s を押すとフリーカメラになります	Para mirar alrededor: %s abre el editor y allí %s cambia a la cámara libre	Para olhar ao redor: %s abre o editor e lá %s alterna para a câmera livre	Осмотреться: %s открывает редактор, там %s включает свободную камеру	Etrafa bakmak için: %s düzenleyiciyi açar, orada %s serbest kameraya geçer
camera mode	camera mode	相机模式	攝影機模式	Kameramodus	mode caméra	카메라 모드	カメラモード	modo cámara	modo câmera	режим камеры	kamera modu
exit camera mode	exit camera mode	退出相机模式	退出攝影機模式	Kameramodus beenden	quitter le mode caméra	카메라 모드 종료	カメラモードを終了	salir del modo cámara	sair do modo câmera	выйти из режима камеры	kamera modundan çık
%.0f m	%.0f m	%.0f 米	%.0f 公尺	%.0f m	%.0f m	%.0f m	%.0f m	%.0f m	%.0f m	%.0f м	%.0f m
%.1f km	%.1f km	%.1f 公里	%.1f 公里	%.1f km	%.1f km	%.1f km	%.1f km	%.1f km	%.1f km	%.1f км	%.1f km
%d strokes	%d strokes	%d 笔	%d 筆	%d Striche	%d coups	%d 획	%d ストローク	%d trazos	%d pinceladas	Мазков: %d	%d fırça darbesi
Apply (two loading screens)	Apply (two loading screens)	应用（两次加载画面）	套用（兩次載入畫面）	Übernehmen (zwei Ladebildschirme)	Appliquer (deux écrans de chargement)	적용 (로딩 화면 두 번)	適用（ロード画面 2 回）	Aplicar (dos pantallas de carga)	Aplicar (duas telas de carregamento)	Применить (два экрана загрузки)	Uygula (iki yükleme ekranı)
Applying: %s	Applying: %s	正在应用：%s	正在套用：%s	Wird übernommen: %s	Application : %s	적용 중: %s	適用中: %s	Aplicando: %s	Aplicando: %s	Применение: %s	Uygulanıyor: %s
Brush active (left mouse paints in the world)	Brush active (left mouse paints in the world)	笔刷启用（鼠标左键在世界中绘制）	筆刷啟用（滑鼠左鍵在世界中繪製）	Pinsel aktiv (linke Maustaste malt in die Welt)	Pinceau actif (clic gauche pour peindre dans le monde)	브러시 활성 (왼쪽 마우스로 월드에 칠하기)	ブラシ有効（左クリックでワールドに描画）	Pincel activo (el botón izquierdo pinta en el mundo)	Pincel ativo (botão esquerdo pinta no mundo)	Кисть включена (левая кнопка мыши рисует в мире)	Fırça etkin (sol fare dünyaya boyar)
Clear all	Clear all	全部清除	全部清除	Alles löschen	Tout effacer	모두 지우기	すべて消去	Borrar todo	Limpar tudo	Очистить всё	Tümünü temizle
Dragging paints a stroke every 40 percent of the radius; strokes add up.	Dragging paints a stroke every 40 percent of the radius; strokes add up.	拖动时每移动半径的百分之四十绘制一笔；效果会叠加。	拖曳時每移動半徑的百分之四十繪製一筆；效果會疊加。	Beim Ziehen entsteht alle 40 Prozent des Radius ein Strich; Striche addieren sich.	En glissant, un coup est peint tous les 40 pour cent du rayon ; les coups s'additionnent.	드래그하면 반경의 40퍼센트마다 한 획이 그려지며 효과가 누적됩니다.	ドラッグすると半径の 40 パーセントごとに 1 ストローク描かれ、効果は重なります。	Al arrastrar se pinta un trazo cada 40 por ciento del radio; los trazos se suman.	Ao arrastar, uma pincelada é feita a cada 40 por cento do raio; as pinceladas se somam.	При перетаскивании мазок ставится каждые 40 процентов радиуса; мазки складываются.	Sürüklerken yarıçapın her yüzde 40'ında bir darbe yapılır; darbeler toplanır.
Flatten	Flatten	压平	壓平	Ebnen	Aplanir	평탄화	平らにする	Aplanar	Aplainar	Выровнять	Düzleştir
Flatten pulls the ground toward the height where the drag started.	Flatten pulls the ground toward the height where the drag started.	压平会把地面拉向开始拖动处的高度。	壓平會把地面拉向開始拖曳處的高度。	Ebnen zieht den Boden auf die Höhe, an der das Ziehen begann.	Aplanir ramène le sol à la hauteur du point où le glissement a commencé.	평탄화는 드래그를 시작한 지점의 높이로 지면을 맞춥니다.	平らにするは、ドラッグを始めた地点の高さへ地面を寄せます。	Aplanar lleva el suelo a la altura donde empezó el arrastre.	Aplainar leva o chão à altura onde o arrasto começou.	Выравнивание тянет землю к высоте точки, где началось перетаскивание.	Düzleştirme, zemini sürüklemenin başladığı yüksekliğe çeker.
Lower	Lower	降低	降低	Absenken	Abaisser	낮추기	下げる	Bajar	Abaixar	Опустить	Alçalt
Not applied yet: the rings show where you painted.	Not applied yet: the rings show where you painted.	尚未应用：圆环显示了你绘制的位置。	尚未套用：圓環顯示了你繪製的位置。	Noch nicht übernommen: Die Ringe zeigen, wo du gemalt hast.	Pas encore appliqué : les cercles montrent où vous avez peint.	아직 적용되지 않음: 원이 칠한 위치를 보여 줍니다.	未適用: 円が描いた場所を示しています。	Aún no aplicado: los anillos muestran dónde pintaste.	Ainda não aplicado: os anéis mostram onde você pintou.	Ещё не применено: кольца показывают, где вы рисовали.	Henüz uygulanmadı: halkalar boyadığın yerleri gösterir.
Raise	Raise	抬高	抬高	Anheben	Élever	올리기	上げる	Elevar	Elevar	Поднять	Yükselt
Terrain	Terrain	地形	地形	Terrain	Terrain	지형	地形	Terreno	Terreno	Рельеф	Arazi
Terrain editing is not available in this game build: %s	Terrain editing is not available in this game build: %s	此游戏版本无法编辑地形：%s	此遊戲版本無法編輯地形：%s	Terrain-Bearbeitung ist in dieser Spielversion nicht verfügbar: %s	L'édition du terrain n'est pas disponible dans cette version du jeu : %s	이 게임 빌드에서는 지형 편집을 사용할 수 없습니다: %s	このゲームのビルドでは地形編集を使えません: %s	La edición del terreno no está disponible en esta versión del juego: %s	A edição de terreno não está disponível nesta versão do jogo: %s	Редактирование рельефа недоступно в этой версии игры: %s	Bu oyun sürümünde arazi düzenleme kullanılamıyor: %s
The game only reads the ground when it streams in. Apply makes that happen with a fast travel 5 km away and back to where you stand (about half a minute). Strokes are saved with the project and are there right away when the project is autoloaded.	The game only reads the ground when it streams in. Apply makes that happen with a fast travel 5 km away and back to where you stand (about half a minute). Strokes are saved with the project and are there right away when the project is autoloaded.	游戏只在地面流式载入时读取它。“应用”会快速旅行到 5 公里外再回到你所在的位置来实现这一点（约半分钟）。笔画会随项目保存，自动加载项目时会立即生效。	遊戲只在地面串流載入時讀取它。「套用」會快速旅行到 5 公里外再回到你所在的位置來達成（約半分鐘）。筆畫會隨專案儲存，自動載入專案時會立即生效。	Das Spiel liest den Boden nur, wenn er hereingestreamt wird. Übernehmen erledigt das mit einer Schnellreise 5 km weg und zurück zu deiner Position (etwa eine halbe Minute). Striche werden mit dem Projekt gespeichert und sind beim Autoload des Projekts sofort da.	Le jeu ne lit le sol qu'au moment où il est chargé. Appliquer le provoque avec un voyage rapide à 5 km puis retour à votre position (environ une demi-minute). Les coups sont enregistrés avec le projet et sont présents dès le chargement automatique du projet.	게임은 지면이 스트리밍될 때만 읽습니다. 적용은 5km 떨어진 곳으로 빠른 이동했다가 현재 위치로 돌아와 이를 수행합니다 (약 30초). 획은 프로젝트와 함께 저장되며 프로젝트를 자동 불러오면 바로 적용됩니다.	ゲームは地面をストリーミングで読み込むときにだけ読みます。適用は 5 km 先へファストトラベルして今いる場所へ戻ることでそれを行います（約 30 秒）。ストロークはプロジェクトと一緒に保存され、プロジェクトを自動読み込みするとすぐに反映されます。	El juego solo lee el suelo cuando se carga. Aplicar lo provoca con un viaje rápido a 5 km y de vuelta a donde estás (unos treinta segundos). Los trazos se guardan con el proyecto y están ahí en cuanto el proyecto se carga automáticamente.	O jogo só lê o chão quando ele é carregado. Aplicar faz isso com uma viagem rápida de 5 km e volta até onde você está (cerca de meio minuto). As pinceladas são salvas com o projeto e já aparecem quando o projeto é carregado automaticamente.	Игра читает землю только при подгрузке. «Применить» вызывает это быстрым перемещением на 5 км и обратно к вашей позиции (около полуминуты). Мазки сохраняются вместе с проектом и сразу действуют при автозагрузке проекта.	Oyun zemini yalnızca yüklenirken okur. Uygula bunu 5 km uzağa hızlı seyahat edip bulunduğun yere dönerek sağlar (yaklaşık yarım dakika). Darbeler projeyle birlikte kaydedilir ve proje otomatik yüklendiğinde hemen geçerli olur.
The ground shows every stroke.	The ground shows every stroke.	地面已显示所有笔画。	地面已顯示所有筆畫。	Der Boden zeigt alle Striche.	Le sol affiche tous les coups.	지면에 모든 획이 반영되었습니다.	地面にすべてのストロークが反映されています。	El suelo muestra todos los trazos.	O chão mostra todas as pinceladas.	Земля отражает все мазки.	Zemin tüm darbeleri gösteriyor.
Travel uses the game's own fast travel: a loading screen, then you stand at the destination. Any distance works, the world is streamed in there.	Travel uses the game's own fast travel: a loading screen, then you stand at the destination. Any distance works, the world is streamed in there.	旅行使用游戏自带的快速旅行：加载画面之后你就站在目的地。任何距离都可以，世界会在那里流式载入。	旅行使用遊戲本身的快速旅行：載入畫面之後你就站在目的地。任何距離都可以，世界會在那裡串流載入。	Reisen nutzt die Schnellreise des Spiels: ein Ladebildschirm, danach stehst du am Ziel. Jede Entfernung geht, die Welt wird dort hereingestreamt.	Le voyage utilise le voyage rapide du jeu : un écran de chargement, puis vous êtes à destination. Toute distance fonctionne, le monde y est chargé.	이동은 게임 자체의 빠른 이동을 사용합니다: 로딩 화면 후 목적지에 서게 됩니다. 거리 제한이 없으며 그곳의 월드가 스트리밍됩니다.	移動はゲーム自体のファストトラベルを使います: ロード画面の後、目的地に立っています。距離に制限はなく、そこでワールドが読み込まれます。	El viaje usa el viaje rápido del propio juego: una pantalla de carga y luego estás en el destino. Funciona a cualquier distancia; el mundo se carga allí.	A viagem usa a viagem rápida do próprio jogo: uma tela de carregamento e depois você está no destino. Funciona a qualquer distância; o mundo é carregado lá.	Перемещение использует быстрое перемещение самой игры: экран загрузки, затем вы стоите в точке назначения. Подходит любое расстояние, мир подгружается там.	Seyahat oyunun kendi hızlı seyahatini kullanır: bir yükleme ekranı, ardından hedeftesin. Her mesafe olur, dünya orada yüklenir.
applying the terrain: fast travel away and back	applying the terrain: fast travel away and back	正在应用地形：快速旅行离开再返回	正在套用地形：快速旅行離開再返回	Terrain wird übernommen: Schnellreise weg und zurück	application du terrain : voyage rapide aller-retour	지형 적용 중: 빠른 이동으로 갔다가 돌아옵니다	地形を適用中: ファストトラベルで離れて戻ります	aplicando el terreno: viaje rápido de ida y vuelta	aplicando o terreno: viagem rápida de ida e volta	применение рельефа: быстрое перемещение туда и обратно	arazi uygulanıyor: hızlı seyahatle gidip dönülüyor
current position	current position	当前位置	目前位置	aktuelle Position	position actuelle	현재 위치	現在位置	posición actual	posição atual	текущая позиция	mevcut konum
height per stroke (m)	height per stroke (m)	每笔高度（米）	每筆高度（公尺）	Höhe pro Strich (m)	hauteur par coup (m)	획당 높이 (m)	1 ストロークの高さ (m)	altura por trazo (m)	altura por pincelada (m)	высота за мазок (м)	darbe başına yükseklik (m)
preparing the fast travel (first use of a session, up to half a minute) - try again in a moment	preparing the fast travel (first use of a session, up to half a minute) - try again in a moment	正在准备快速旅行（本次会话首次使用，最多半分钟）——请稍后再试	正在準備快速旅行（本次工作階段首次使用，最多半分鐘）——請稍後再試	Schnellreise wird vorbereitet (erste Nutzung der Sitzung, bis zu einer halben Minute) - gleich noch einmal versuchen	préparation du voyage rapide (première utilisation de la session, jusqu'à une demi-minute) - réessayez dans un instant	빠른 이동 준비 중 (세션 첫 사용, 최대 30초) - 잠시 후 다시 시도하세요	ファストトラベルを準備中（セッションの初回、最大 30 秒）- 少し待ってからもう一度	preparando el viaje rápido (primer uso de la sesión, hasta medio minuto): vuelve a intentarlo en un momento	preparando a viagem rápida (primeiro uso da sessão, até meio minuto) - tente de novo em instantes	подготовка быстрого перемещения (первое использование за сессию, до полуминуты) - повторите чуть позже	hızlı seyahat hazırlanıyor (oturumdaki ilk kullanım, en fazla yarım dakika) - birazdan tekrar dene
radius (m)	radius (m)	半径（米）	半徑（公尺）	Radius (m)	rayon (m)	반경 (m)	半径 (m)	radio (m)	raio (m)	радиус (м)	yarıçap (m)
status: %s	status: %s	状态：%s	狀態：%s	Status: %s	état : %s	상태: %s	状態: %s	estado: %s	status: %s	состояние: %s	durum: %s
strength	strength	强度	強度	Stärke	force	강도	強さ	intensidad	intensidade	сила	güç
the coordinates	the coordinates	该坐标	該座標	den Koordinaten	les coordonnées	해당 좌표	その座標	las coordenadas	as coordenadas	координатам	koordinatlara
travel: %s	travel: %s	旅行：%s	旅行：%s	Reise: %s	voyage : %s	이동: %s	移動: %s	viaje: %s	viagem: %s	перемещение: %s	seyahat: %s
travelling to %s	travelling to %s	正在前往 %s	正在前往 %s	Reise zu %s	voyage vers %s	%s(으)로 이동 중	%s へ移動中	viajando a %s	viajando para %s	перемещение: %s	%s konumuna gidiliyor
x  y (height)  z - the height only needs to be roughly right, the game puts you on the ground	x  y (height)  z - the height only needs to be roughly right, the game puts you on the ground	x  y（高度）  z —— 高度只需大致正确，游戏会把你放到地面上	x  y（高度）  z —— 高度只需大致正確，遊戲會把你放到地面上	x  y (Höhe)  z - die Höhe muss nur ungefähr stimmen, das Spiel stellt dich auf den Boden	x  y (hauteur)  z - la hauteur n'a besoin d'être qu'approximative, le jeu vous pose au sol	x  y (높이)  z - 높이는 대략만 맞으면 되며 게임이 지면에 세워 줍니다	x  y（高さ）  z - 高さはおおよそで構いません。ゲームが地面に立たせます	x  y (altura)  z: la altura solo tiene que ser aproximada, el juego te coloca en el suelo	x  y (altura)  z - a altura só precisa ser aproximada, o jogo coloca você no chão	x  y (высота)  z - высота нужна лишь примерно, игра поставит вас на землю	x  y (yükseklik)  z - yüksekliğin yaklaşık olması yeter, oyun seni zemine koyar
Shape preview	Shape preview	形状预览	形狀預覽	Formvorschau	Aperçu de la forme	형태 미리보기	形状プレビュー	Vista previa de la forma	Prévia da forma	Предпросмотр формы	Şekil önizlemesi
Grid of the ground as it will be after Apply: orange = higher, blue = lower than now.	Grid of the ground as it will be after Apply: orange = higher, blue = lower than now.	应用后地面的网格：橙色 = 比现在高，蓝色 = 比现在低。	套用後地面的網格：橘色 = 比現在高，藍色 = 比現在低。	Gitter des Bodens, wie er nach dem Übernehmen aussieht: orange = höher, blau = tiefer als jetzt.	Grille du sol tel qu'il sera après l'application : orange = plus haut, bleu = plus bas qu'actuellement.	적용 후 지면의 격자: 주황 = 지금보다 높음, 파랑 = 지금보다 낮음.	適用後の地面のグリッド: オレンジ = 今より高い、青 = 今より低い。	Cuadrícula del suelo tal como quedará tras aplicar: naranja = más alto, azul = más bajo que ahora.	Grade do chão como ficará após aplicar: laranja = mais alto, azul = mais baixo que agora.	Сетка земли после применения: оранжевый = выше, синий = ниже, чем сейчас.	Uygulamadan sonraki zeminin ızgarası: turuncu = şimdikinden yüksek, mavi = alçak.
Not applied yet: the grid shows the new shape.	Not applied yet: the grid shows the new shape.	尚未应用：网格显示了新的形状。	尚未套用：網格顯示了新的形狀。	Noch nicht übernommen: Das Gitter zeigt die neue Form.	Pas encore appliqué : la grille montre la nouvelle forme.	아직 적용되지 않음: 격자가 새 형태를 보여 줍니다.	未適用: グリッドが新しい形を示しています。	Aún no aplicado: la cuadrícula muestra la nueva forma.	Ainda não aplicado: a grade mostra a nova forma.	Ещё не применено: сетка показывает новую форму.	Henüz uygulanmadı: ızgara yeni şekli gösteriyor.
The ground as it will be after Apply, as a shaded surface: orange tint = higher, blue tint = lower than now.	The ground as it will be after Apply, as a shaded surface: orange tint = higher, blue tint = lower than now.	应用后的地面，以着色表面显示：偏橙 = 比现在高，偏蓝 = 比现在低。	套用後的地面，以著色表面顯示：偏橘 = 比現在高，偏藍 = 比現在低。	Der Boden, wie er nach dem Übernehmen aussieht, als schattierte Fläche: orange getönt = höher, blau getönt = tiefer als jetzt.	Le sol tel qu'il sera après l'application, en surface ombrée : teinte orange = plus haut, teinte bleue = plus bas qu'actuellement.	적용 후의 지면을 음영 표면으로 표시: 주황빛 = 지금보다 높음, 파란빛 = 지금보다 낮음.	適用後の地面を陰影付きの面で表示: オレンジがかった色 = 今より高い、青みがかった色 = 今より低い。	El suelo tal como quedará tras aplicar, como superficie sombreada: tono naranja = más alto, tono azul = más bajo que ahora.	O chão como ficará após aplicar, como superfície sombreada: tom laranja = mais alto, tom azul = mais baixo que agora.	Земля после применения в виде затенённой поверхности: оранжевый оттенок = выше, синий = ниже, чем сейчас.	Uygulamadan sonraki zemin gölgeli yüzey olarak: turuncu ton = şimdikinden yüksek, mavi ton = alçak.
Not applied yet: the shaded surface shows the new shape.	Not applied yet: the shaded surface shows the new shape.	尚未应用：着色表面显示了新的形状。	尚未套用：著色表面顯示了新的形狀。	Noch nicht übernommen: Die schattierte Fläche zeigt die neue Form.	Pas encore appliqué : la surface ombrée montre la nouvelle forme.	아직 적용되지 않음: 음영 표면이 새 형태를 보여 줍니다.	未適用: 陰影付きの面が新しい形を示しています。	Aún no aplicado: la superficie sombreada muestra la nueva forma.	Ainda não aplicado: a superfície sombreada mostra a nova forma.	Ещё не применено: затенённая поверхность показывает новую форму.	Henüz uygulanmadı: gölgeli yüzey yeni şekli gösteriyor.
Strokes change the ground and its collision right away. Apply (a fast travel 5 km away and back, about half a minute) is only needed when a stroke could not be shown live. Strokes are saved with the project and are there right away when the project is autoloaded.	Strokes change the ground and its collision right away. Apply (a fast travel 5 km away and back, about half a minute) is only needed when a stroke could not be shown live. Strokes are saved with the project and are there right away when the project is autoloaded.	笔画会立即改变地面及其碰撞。只有当某一笔无法实时显示时才需要“应用”（快速旅行到 5 公里外再返回，约半分钟）。笔画会随项目保存，自动加载项目时会立即生效。	筆畫會立即改變地面及其碰撞。只有當某一筆無法即時顯示時才需要「套用」（快速旅行到 5 公里外再返回，約半分鐘）。筆畫會隨專案儲存，自動載入專案時會立即生效。	Striche ändern den Boden und seine Kollision sofort. Übernehmen (eine Schnellreise 5 km weg und zurück, etwa eine halbe Minute) ist nur nötig, wenn ein Strich nicht live angezeigt werden konnte. Striche werden mit dem Projekt gespeichert und sind beim Autoload des Projekts sofort da.	Les coups modifient le sol et sa collision immédiatement. Appliquer (un voyage rapide à 5 km puis retour, environ une demi-minute) n'est nécessaire que si un coup n'a pas pu être affiché en direct. Les coups sont enregistrés avec le projet et sont présents dès le chargement automatique du projet.	획은 지면과 충돌을 즉시 바꿉니다. 적용(5km 떨어진 곳으로 빠른 이동 후 복귀, 약 30초)은 획을 실시간으로 표시할 수 없을 때만 필요합니다. 획은 프로젝트와 함께 저장되며 프로젝트를 자동 불러오면 바로 적용됩니다.	ストロークは地面とその当たり判定をすぐに変えます。適用（5 km 先へファストトラベルして戻る、約 30 秒）は、ストロークをリアルタイムで表示できなかったときだけ必要です。ストロークはプロジェクトと一緒に保存され、プロジェクトを自動読み込みするとすぐに反映されます。	Los trazos cambian el suelo y su colisión al instante. Aplicar (un viaje rápido a 5 km y de vuelta, unos treinta segundos) solo hace falta cuando un trazo no pudo mostrarse en directo. Los trazos se guardan con el proyecto y están ahí en cuanto el proyecto se carga automáticamente.	As pinceladas mudam o chão e sua colisão na hora. Aplicar (uma viagem rápida de 5 km e volta, cerca de meio minuto) só é necessário quando uma pincelada não pôde ser mostrada ao vivo. As pinceladas são salvas com o projeto e já aparecem quando o projeto é carregado automaticamente.	Мазки сразу меняют землю и её столкновения. «Применить» (быстрое перемещение на 5 км и обратно, около полуминуты) нужно, только если мазок не удалось показать сразу. Мазки сохраняются вместе с проектом и сразу действуют при автозагрузке проекта.	Darbeler zemini ve çarpışmasını anında değiştirir. Uygula (5 km uzağa hızlı seyahat edip dönmek, yaklaşık yarım dakika) yalnızca bir darbe canlı gösterilemediğinde gerekir. Darbeler projeyle birlikte kaydedilir ve proje otomatik yüklendiğinde hemen geçerli olur.
Free camera: W/A/S/D move, E or Space up, Q down, Shift faster, mouse wheel forward. Ctrl remains available for multi-select and editor shortcuts. Drag with the right mouse button over the world to look around; a right click without moving opens the context menu. Your character stays where it is; new objects appear in front of the camera.	Free camera: W/A/S/D move, E or Space up, Q down, Shift faster, mouse wheel forward. Ctrl remains available for multi-select and editor shortcuts. Drag with the right mouse button over the world to look around; a right click without moving opens the context menu. Your character stays where it is; new objects appear in front of the camera.	自由相机：W/A/S/D 移动，E 或空格上升，Q 下降，Shift 加速，鼠标滚轮前进。Ctrl 保留用于多选和编辑器快捷键。在世界上按住鼠标右键拖动环顾四周；右键单击不移动则打开右键菜单。你的角色留在原地；新物体会出现在相机前方。	自由相機：W/A/S/D 移動，E 或空白鍵上升，Q 下降，Shift 加速，滑鼠滾輪前進。Ctrl 保留給多選和編輯器快捷鍵。在世界上按住滑鼠右鍵拖曳環顧四周；右鍵點擊不移動則開啟右鍵選單。你的角色留在原地；新物件會出現在相機前方。	Freie Kamera: W/A/S/D bewegen, E oder Leertaste hoch, Q runter, Shift schneller, Mausrad vorwärts. Strg bleibt für Mehrfachauswahl und Editor-Kürzel verfügbar. Mit gedrückter rechter Maustaste über der Welt ziehen zum Umsehen; ein Rechtsklick ohne Bewegung öffnet das Kontextmenü. Deine Figur bleibt stehen; neue Objekte erscheinen vor der Kamera.	Caméra libre : W/A/S/D pour bouger, E ou Espace pour monter, Q pour descendre, Maj pour aller plus vite, molette pour avancer. Ctrl reste disponible pour la sélection multiple et les raccourcis de l’éditeur. Glissez avec le clic droit sur le monde pour regarder autour ; un clic droit sans bouger ouvre le menu contextuel. Votre personnage reste sur place ; les nouveaux objets apparaissent devant la caméra.	자유 카메라: W/A/S/D 이동, E 또는 Space 위로, Q 아래로, Shift 빠르게, 마우스 휠 앞으로. Ctrl은 다중 선택과 편집기 단축키에 계속 사용할 수 있습니다. 월드 위에서 마우스 오른쪽 버튼으로 드래그해 둘러보고, 움직이지 않고 오른쪽 클릭하면 컨텍스트 메뉴가 열립니다. 캐릭터는 제자리에 있고 새 오브젝트는 카메라 앞에 나타납니다.	フリーカメラ：W/A/S/D で移動、E かスペースで上昇、Q で下降、Shift で高速、マウスホイールで前進。Ctrl は複数選択とエディターのショートカットに使えます。ワールド上で右ドラッグして見回し、動かさずに右クリックするとコンテキストメニューが開きます。キャラクターはその場に残り、新しいオブジェクトはカメラの前に現れます。	Cámara libre: W/A/S/D para moverse, E o Espacio para subir, Q para bajar, Mayús más rápido, rueda del ratón para avanzar. Ctrl sigue disponible para selección múltiple y atajos del editor. Arrastra con el botón derecho sobre el mundo para mirar alrededor; un clic derecho sin mover abre el menú contextual. Tu personaje se queda donde está; los objetos nuevos aparecen delante de la cámara.	Câmera livre: W/A/S/D para mover, E ou Espaço para subir, Q para descer, Shift mais rápido, roda do mouse para avançar. Ctrl continua disponível para seleção múltipla e atalhos do editor. Arraste com o botão direito sobre o mundo para olhar em volta; um clique direito sem mover abre o menu de contexto. Seu personagem fica parado; novos objetos aparecem na frente da câmera.	Свободная камера: W/A/S/D — движение, E или пробел — вверх, Q — вниз, Shift — быстрее, колесо мыши — вперёд. Ctrl остаётся доступен для множественного выбора и горячих клавиш редактора. Перетаскивайте правой кнопкой мыши над миром, чтобы осматриваться; щелчок правой кнопкой без движения открывает контекстное меню. Персонаж остаётся на месте; новые объекты появляются перед камерой.	Serbest kamera: W/A/S/D hareket, E veya Boşluk yukarı, Q aşağı, Shift daha hızlı, fare tekerleği ileri. Ctrl çoklu seçim ve düzenleyici kısayolları için kullanılabilir. Etrafa bakmak için dünyanın üzerinde sağ tuşla sürükleyin; hareket etmeden sağ tıklamak bağlam menüsünü açar. Karakteriniz yerinde kalır; yeni nesneler kameranın önünde belirir.
%s = bring in front     %s = snap     %s = mouse gizmo / game     %s = level     %s = ground     %s = drop     %s = %s	%s = bring in front     %s = snap     %s = mouse gizmo / game     %s = level     %s = ground     %s = drop     %s = %s	%s = 移到面前     %s = 吸附     %s = 鼠标操纵器 / 游戏     %s = 摆正     %s = 落地     %s = 放下     %s = %s	%s = 移到面前     %s = 吸附     %s = 滑鼠操縱器 / 遊戲     %s = 擺正     %s = 落地     %s = 放下     %s = %s	%s = nach vorn holen     %s = einrasten     %s = Maus-Gizmo / Spiel     %s = ausrichten     %s = Boden     %s = ablegen     %s = %s	%s = ramener devant     %s = accrocher     %s = gizmo souris / jeu     %s = mettre à niveau     %s = sol     %s = poser     %s = %s	%s = 앞으로 가져오기     %s = 스냅     %s = 마우스 기즈모 / 게임     %s = 수평 맞춤     %s = 지면     %s = 놓기     %s = %s	%s = 前に移動     %s = スナップ     %s = マウスギズモ / ゲーム     %s = 水平化     %s = 地面     %s = 配置確定     %s = %s	%s = traer al frente     %s = ajustar     %s = gizmo de ratón / juego     %s = nivelar     %s = suelo     %s = soltar     %s = %s	%s = trazer à frente     %s = encaixar     %s = gizmo do mouse / jogo     %s = nivelar     %s = chão     %s = soltar     %s = %s	%s = переместить вперёд     %s = привязка     %s = манипулятор мыши / игра     %s = выровнять     %s = на землю     %s = отпустить     %s = %s	%s = öne getir     %s = hizala     %s = fare gizmosu / oyun     %s = düzle     %s = zemin     %s = bırak     %s = %s
%s: %s | %d objects | %s = done, %s %s	%s: %s | %d objects | %s = done, %s %s	%s：%s | %d 个物体 | %s = 完成，%s %s	%s：%s | %d 個物件 | %s = 完成，%s %s	%s: %s | %d Objekte | %s = fertig, %s %s	%s : %s | %d objets | %s = terminé, %s %s	%s: %s | 오브젝트 %d개 | %s = 완료, %s %s	%s: %s | オブジェクト %d個 | %s = 完了、%s %s	%s: %s | %d objetos | %s = listo, %s %s	%s: %s | %d objetos | %s = concluído, %s %s	%s: %s | объектов: %d | %s = готово, %s %s	%s: %s | %d nesne | %s = tamam, %s %s
+X	+X	+X	+X	+X	+X	+X	+X	+X	+X	+X	+X
+Y	+Y	+Y	+Y	+Y	+Y	+Y	+Y	+Y	+Y	+Y	+Y
+Z	+Z	+Z	+Z	+Z	+Z	+Z	+Z	+Z	+Z	+Z	+Z
-X	-X	-X	-X	-X	-X	-X	-X	-X	-X	-X	-X
-Y	-Y	-Y	-Y	-Y	-Y	-Y	-Y	-Y	-Y	-Y	-Y
-Z	-Z	-Z	-Z	-Z	-Z	-Z	-Z	-Z	-Z	-Z	-Z
Enlarge	Enlarge	放大	放大	Vergrößern	Agrandir	확대	拡大	Agrandar	Aumentar	Увеличить	Büyüt
Line / circle	Line / circle	直线 / 圆环	直線 / 圓環	Linie / Kreis	Ligne / cercle	직선 / 원	直線 / 円	Línea / círculo	Linha / círculo	Линия / круг	Çizgi / daire
Move	Move	移动	移動	Verschieben	Déplacer	이동	移動	Mover	Mover	Переместить	Taşı
Move: %s %s %s %s%s     Rotate: %s %s     Height: %s %s     Size: %s %s	Move: %s %s %s %s%s     Rotate: %s %s     Height: %s %s     Size: %s %s	移动：%s %s %s %s%s     旋转：%s %s     高度：%s %s     大小：%s %s	移動：%s %s %s %s%s     旋轉：%s %s     高度：%s %s     大小：%s %s	Verschieben: %s %s %s %s%s     Drehen: %s %s     Höhe: %s %s     Größe: %s %s	Déplacer : %s %s %s %s%s     Rotation : %s %s     Hauteur : %s %s     Taille : %s %s	이동: %s %s %s %s%s     회전: %s %s     높이: %s %s     크기: %s %s	移動: %s %s %s %s%s     回転: %s %s     高さ: %s %s     サイズ: %s %s	Mover: %s %s %s %s%s     Girar: %s %s     Altura: %s %s     Tamaño: %s %s	Mover: %s %s %s %s%s     Girar: %s %s     Altura: %s %s     Tamanho: %s %s	Перемещение: %s %s %s %s%s     Вращение: %s %s     Высота: %s %s     Размер: %s %s	Taşı: %s %s %s %s%s     Döndür: %s %s     Yükseklik: %s %s     Boyut: %s %s
Off by default. When enabled, the placement keys below move/rotate/scale the carried object and are kept away from the game.	Off by default. When enabled, the placement keys below move/rotate/scale the carried object and are kept away from the game.	默认关闭。开启后，下方放置按键用于移动/旋转/缩放手持物体，并不会传给游戏。	預設關閉。開啟後，下方放置按鍵用於移動/旋轉/縮放手持物件，並不會傳給遊戲。	Standardmäßig aus. Wenn aktiviert, bewegen/drehen/skalieren die unten aufgeführten Platzierungstasten das getragene Objekt und werden nicht an das Spiel weitergegeben.	Désactivé par défaut. Une fois activées, les touches de placement ci-dessous déplacent, tournent et redimensionnent l’objet porté sans être transmises au jeu.	기본값은 꺼짐입니다. 켜면 아래 배치 키로 들고 있는 오브젝트를 이동/회전/크기 조절하며 해당 입력은 게임으로 전달되지 않습니다.	初期設定ではオフです。有効にすると、下の配置キーで保持中のオブジェクトを移動・回転・拡縮し、その入力はゲームへ渡されません。	Desactivado por defecto. Al activarlo, las teclas de colocación de abajo mueven, giran y escalan el objeto transportado sin enviarse al juego.	Desativado por padrão. Quando ativado, as teclas de posicionamento abaixo movem, giram e redimensionam o objeto carregado sem serem enviadas ao jogo.	По умолчанию выключено. После включения клавиши размещения ниже перемещают, вращают и масштабируют переносимый объект и не передаются игре.	Varsayılan olarak kapalıdır. Açıldığında aşağıdaki yerleştirme tuşları taşınan nesneyi hareket ettirir/döndürür/ölçekler ve oyuna iletilmez.
Placement	Placement	放置	放置	Platzierung	Placement	배치	配置	Colocación	Posicionamento	Размещение	Yerleştirme
Properties	Properties	属性	屬性	Eigenschaften	Propriétés	속성	プロパティ	Propiedades	Propriedades	Свойства	Özellikler
Save dirty loaded projects immediately after each committed edit. New unassigned objects are left alone.	Save dirty loaded projects immediately after each committed edit. New unassigned objects are left alone.	每次提交编辑后立即保存有改动的已加载项目。未归属项目的新物体不会被自动处理。	每次提交編輯後立即儲存有改動的已載入專案。未歸屬專案的新物件不會被自動處理。	Geänderte geladene Projekte sofort nach jeder bestätigten Bearbeitung speichern. Neue, nicht zugeordnete Objekte bleiben unberührt.	Enregistrer immédiatement les projets chargés modifiés après chaque modification validée. Les nouveaux objets non attribués restent inchangés.	확정된 편집이 끝날 때마다 변경된 로드 프로젝트를 즉시 저장합니다. 프로젝트에 속하지 않은 새 오브젝트는 건드리지 않습니다.	確定した編集のたびに、変更済みの読み込み済みプロジェクトをすぐ保存します。未割り当ての新規オブジェクトはそのままにします。	Guarda inmediatamente los proyectos cargados modificados después de cada edición confirmada. Los objetos nuevos sin asignar no se modifican.	Salva imediatamente os projetos carregados alterados após cada edição confirmada. Novos objetos não atribuídos permanecem intactos.	Сразу сохранять изменённые загруженные проекты после каждого подтверждённого редактирования. Новые непривязанные объекты не затрагиваются.	Onaylanan her düzenlemeden sonra değiştirilen yüklü projeleri hemen kaydet. Atanmamış yeni nesnelere dokunulmaz.
Scale	Scale	缩放	縮放	Skalieren	Mettre à l’échelle	크기 조절	スケール	Escalar	Redimensionar	Масштаб	Ölçekle
Shrink	Shrink	缩小	縮小	Verkleinern	Réduire	축소	縮小	Reducir	Reduzir	Уменьшить	Küçült
Turn this off to hide the information box that appears below the Browser after selecting an item.	Turn this off to hide the information box that appears below the Browser after selecting an item.	关闭后，选择物品时不再显示浏览器下方的信息框。	關閉後，選擇物品時不再顯示瀏覽器下方的資訊框。	Ausschalten, um das Informationsfeld unter dem Browser nach der Auswahl eines Elements auszublenden.	Désactivez cette option pour masquer le panneau d’informations sous le navigateur après la sélection d’un élément.	끄면 항목을 선택했을 때 브라우저 아래에 나타나는 정보 상자를 숨깁니다.	オフにすると、項目選択後にブラウザー下部へ表示される情報パネルを隠します。	Desactiva esta opción para ocultar el cuadro de información que aparece bajo el navegador al seleccionar un elemento.	Desative para ocultar a caixa de informações exibida abaixo do navegador após selecionar um item.	Выключите, чтобы скрыть информационную панель под браузером после выбора элемента.	Bir öğe seçildikten sonra Tarayıcı altında görünen bilgi kutusunu gizlemek için kapatın.
amount	amount	步长	步長	Schritt	pas	이동량	量	cantidad	valor	шаг	miktar
enlarge	enlarge	放大	放大	vergrößern	agrandir	확대	拡大	agrandar	aumentar	увеличить	büyüt
keyboard controls while placing objects (optional)	keyboard controls while placing objects (optional)	放置物体时使用键盘控制（可选）	放置物件時使用鍵盤控制（可選）	Tastatursteuerung beim Platzieren von Objekten (optional)	commandes clavier pendant le placement des objets (facultatif)	오브젝트 배치 중 키보드 조작(선택 사항)	オブジェクト配置中のキーボード操作（任意）	controles de teclado al colocar objetos (opcional)	controles de teclado ao posicionar objetos (opcional)	управление клавиатурой при размещении объектов (необязательно)	nesne yerleştirirken klavye kontrolleri (isteğe bağlı)
placement keyboard bindings	placement keyboard bindings	放置键盘绑定	放置鍵盤綁定	Tastenbelegung für Platzierung	raccourcis clavier de placement	배치 키 설정	配置キー設定	asignación de teclas de colocación	atalhos de teclado de posicionamento	клавиши режима размещения	yerleştirme tuş atamaları
project auto-save	project auto-save	项目自动保存	專案自動儲存	Projekt automatisch speichern	enregistrement automatique du projet	프로젝트 자동 저장	プロジェクト自動保存	guardado automático del proyecto	salvamento automático do projeto	автосохранение проекта	proje otomatik kaydı
reset to numpad defaults	reset to numpad defaults	恢复小键盘默认按键	恢復數字鍵盤預設按鍵	auf Ziffernblock-Standard zurücksetzen	rétablir les valeurs par défaut du pavé numérique	숫자 키패드 기본값으로 재설정	テンキーの初期設定に戻す	restablecer valores del teclado numérico	restaurar padrões do teclado numérico	сбросить на клавиши цифрового блока	sayısal tuş takımı varsayılanlarına sıfırla
seconds	seconds	秒	秒	Sekunden	secondes	초	秒	segundos	segundos	секунды	saniye
show selected item details panel	show selected item details panel	显示选中物品详情框	顯示選中物品詳情框	Detailfeld des ausgewählten Elements anzeigen	afficher le panneau de détails de l’élément sélectionné	선택 항목 세부 정보 패널 표시	選択項目の詳細パネルを表示	mostrar panel de detalles del elemento seleccionado	mostrar painel de detalhes do item selecionado	показывать панель сведений о выбранном элементе	seçili öğe ayrıntı panelini göster
shrink	shrink	缩小	縮小	verkleinern	réduire	축소	縮小	reducir	reduzir	уменьшить	küçült
start free camera when opening the editor	start free camera when opening the editor	打开世界编辑器时自动进入飞行模式	開啟世界編輯器時自動進入飛行模式	freie Kamera beim Öffnen des Editors starten	démarrer la caméra libre à l’ouverture de l’éditeur	편집기를 열 때 자유 카메라 시작	エディターを開いたときフリーカメラを開始	iniciar cámara libre al abrir el editor	iniciar câmera livre ao abrir o editor	включать свободную камеру при открытии редактора	düzenleyici açıldığında serbest kamerayı başlat
AI	AI	AI	AI	AI	AI	AI	AI	AI	AI	AI	AI
AI enabled on spawn	AI enabled on spawn	生成时启用 AI	生成時啟用 AI	KI beim Erzeugen aktiv	IA activée à l’apparition	생성 시 AI 활성화	生成時にAIを有効化	IA activada al generar	IA ativada ao gerar	включить ИИ при создании	oluştururken AI açık
AI off	AI off	关闭 AI	關閉 AI	KI aus	IA désactivée	AI 끄기	AIオフ	IA desactivada	IA desativada	ИИ выкл.	AI kapalı
AI on	AI on	开启 AI	開啟 AI	KI ein	IA activée	AI 켜기	AIオン	IA activada	IA ativada	ИИ вкл.	AI açık
Behavior	Behavior	行为	行為	Verhalten	Comportement	행동	行動	Comportamiento	Comportamento	Поведение	Davranış
Character catalog	Character catalog	角色目录	角色目錄	Figurenkatalog	Catalogue des personnages	캐릭터 목록	キャラクターカタログ	Catálogo de personajes	Catálogo de personagens	Каталог персонажей	Karakter kataloğu
Clear selection	Clear selection	清除选择	清除選取	Auswahl aufheben	Effacer la sélection	선택 해제	選択解除	Borrar selección	Limpar seleção	Снять выделение	Seçimi temizle
Delete selected	Delete selected	删除所选	刪除所選	Auswahl löschen	Supprimer la sélection	선택 항목 삭제	選択を削除	Eliminar seleccionados	Excluir selecionados	Удалить выбранное	Seçileni sil
Disable AI	Disable AI	禁用 AI	停用 AI	KI deaktivieren	Désactiver l’IA	AI 비활성화	AIを無効化	Desactivar IA	Desativar IA	Отключить ИИ	AI'ı devre dışı bırak
Edit note	Edit note	编辑备注	編輯備註	Notiz bearbeiten	Modifier la note	메모 편집	メモを編集	Editar nota	Editar nota	Изменить заметку	Notu düzenle
Edit NPC note	Edit NPC note	编辑 NPC 备注	編輯 NPC 備註	NPC-Notiz bearbeiten	Modifier la note du PNJ	NPC 메모 편집	NPCのメモを編集	Editar nota del PNJ	Editar nota do NPC	Изменить заметку NPC	NPC notunu düzenle
Edit object note	Edit object note	编辑物品备注	編輯物品備註	Objektnotiz bearbeiten	Modifier la note de l’objet	물품 메모 편집	オブジェクトのメモを編集	Editar nota del objeto	Editar nota do objeto	Изменить заметку объекта	Nesne notunu düzenle
Mesh	Mesh	网格	網格	Mesh	Maillage	메시	メッシュ	Malla	Malha	Сетка	Mesh
SkinnedMesh	SkinnedMesh	蒙皮网格	蒙皮網格	Skinned Mesh	Maillage avec squelette	스킨 메시	スキンメッシュ	Malla esquelética	Malha com esqueleto	Скелетная сетка	İskeletli mesh
Gimmick	Gimmick	互动机关	互動機關	Interaktives Objekt	Objet interactif	상호작용 장치	ギミック	Mecanismo interactivo	Mecanismo interativo	Интерактивный объект	Etkileşimli nesne
Socket	Socket	挂接点	掛接點	Anschlusspunkt	Point d’ancrage	소켓	ソケット	Punto de anclaje	Ponto de encaixe	Точка крепления	Bağlantı noktası
SubPrefab	SubPrefab	子预制体	子預製體	Unter-Prefab	Sous-préfabriqué	하위 프리팹	サブプレハブ	Subprefab	Subprefab	Дочерний префаб	Alt prefab
Character	Character	人物	人物	Charakter	Personnage	캐릭터	キャラクター	Personaje	Personagem	Персонаж	Karakter
Appearance	Appearance	外观	外觀	Erscheinungsbild	Apparence	외형	外見	Apariencia	Aparência	Внешний вид	Görünüm
Spline	Spline	样条	樣條	Spline	Courbe spline	스플라인	スプライン	Curva spline	Curva spline	Сплайн	Eğri
Houdini	Houdini	Houdini	Houdini	Houdini	Houdini	Houdini	Houdini	Houdini	Houdini	Houdini	Houdini
Head	Head	头部	頭部	Kopf	Tête	머리	頭	Cabeza	Cabeça	Голова	Baş
Armor	Armor	护甲	護甲	Rüstung	Armure	방어구	防具	Armadura	Armadura	Броня	Zırh
Hair	Hair	头发	頭髮	Haare	Cheveux	머리카락	髪	Cabello	Cabelo	Волосы	Saç
GameData	GameData	游戏数据	遊戲資料	Spieldaten	Données du jeu	게임 데이터	ゲームデータ	Datos del juego	Dados do jogo	Игровые данные	Oyun verileri
Effect	Effect	特效	特效	Effekt	Effet	효과	エフェクト	Efecto	Efeito	Эффект	Efekt
Tree	Tree	树木	樹木	Baum	Arbre	나무	木	Árbol	Árvore	Дерево	Ağaç
Decal	Decal	贴花	貼花	Decal	Décalcomanie	데칼	デカール	Calcomanía	Decalque	Декаль	Çıkartma
Collision	Collision	碰撞	碰撞	Kollision	Collision	충돌	コリジョン	Colisión	Colisão	Коллизия	Çarpışma
Trigger	Trigger	触发器	觸發器	Trigger	Déclencheur	트리거	トリガー	Activador	Gatilho	Триггер	Tetikleyici
Light	Light	灯光	燈光	Licht	Lumière	조명	ライト	Luz	Luz	Освещение	Işık
Physics	Physics	物理	物理	Physik	Physique	물리	物理	Física	Física	Физика	Fizik
Navigation	Navigation	导航	導航	Navigation	Navigation	내비게이션	ナビゲーション	Navegación	Navegação	Навигация	Gezinme
Other	Other	其他	其他	Sonstiges	Autres	기타	その他	Otros	Outros	Прочее	Diğer
Camera	Camera	相机	相機	Kamera	Caméra	카메라	カメラ	Cámara	Câmera	Камера	Kamera
Enable AI	Enable AI	启用 AI	啟用 AI	KI aktivieren	Activer l’IA	AI 활성화	AIを有効化	Activar IA	Ativar IA	Включить ИИ	AI'ı etkinleştir
Group %d	Group %d	组 %d	群組 %d	Gruppe %d	Groupe %d	그룹 %d	グループ %d	Grupo %d	Grupo %d	Группа %d	Grup %d
Hold	Hold	驻留	駐留	Halten	Maintien	고정	待機	Mantener	Manter	Удержание	Beklet
Hold position / AI paused	Hold position / AI paused	原地驻留 / 暂停 AI	原地駐留 / 暫停 AI	Position halten / KI pausiert	Maintenir la position / IA en pause	위치 고정 / AI 일시정지	位置固定 / AI一時停止	Mantener posición / IA pausada	Manter posição / IA pausada	Удерживать позицию / ИИ приостановлен	Konumu koru / AI duraklatıldı
NPC	NPC	NPC	NPC	NPC	NPC	NPC	NPC	NPC	NPC	NPC	NPC
NPCs spawned here are managed scene entities: select, move, group, annotate, control AI, delete, and save them with projects.	NPCs spawned here are managed scene entities: select, move, group, annotate, control AI, delete, and save them with projects.	这里生成的 NPC 会作为可管理的场景实体：可选择、移动、编组、备注、控制 AI、删除，并随项目保存。	這裡生成的 NPC 會作為可管理的場景實體：可選取、移動、群組、備註、控制 AI、刪除，並隨專案儲存。	Hier erzeugte NPCs sind verwaltete Szenenobjekte: auswählen, verschieben, gruppieren, kommentieren, KI steuern, löschen und mit Projekten speichern.	Les PNJ créés ici sont des entités de scène gérées : sélection, déplacement, groupe, annotation, contrôle de l’IA, suppression et sauvegarde avec les projets.	여기서 생성한 NPC는 관리되는 장면 엔티티입니다. 선택, 이동, 그룹화, 메모, AI 제어, 삭제 및 프로젝트 저장이 가능합니다.	ここで生成したNPCは管理対象のシーンエンティティです。選択、移動、グループ化、メモ、AI制御、削除、プロジェクト保存ができます。	Los NPC generados aquí son entidades de escena administradas: puedes seleccionarlos, moverlos, agruparlos, anotarlos, controlar su IA, eliminarlos y guardarlos con proyectos.	NPCs gerados aqui são entidades de cena gerenciadas: podem ser selecionados, movidos, agrupados, anotados, ter a IA controlada, ser excluídos e salvos com projetos.	Созданные здесь NPC — управляемые сущности сцены: их можно выбирать, перемещать, группировать, снабжать заметками, управлять ИИ, удалять и сохранять в проектах.	Burada oluşturulan NPC'ler yönetilen sahne varlıklarıdır: seçilebilir, taşınabilir, gruplanabilir, not eklenebilir, AI kontrol edilebilir, silinebilir ve projelerle kaydedilebilir.
Normal	Normal	正常	正常	Normal	Normal	일반	通常	Normal	Normal	Обычный	Normal
Normal / autonomous	Normal / autonomous	正常 / 自主 AI	正常 / 自主 AI	Normal / autonom	Normal / autonome	일반 / 자율	通常 / 自律	Normal / autónomo	Normal / autônomo	Обычный / автономный	Normal / otonom
Note	Note	备注	備註	Notiz	Note	메모	メモ	Nota	Nota	Заметка	Not
Off	Off	关	關	Aus	Désactivé	끔	オフ	Desactivado	Desativado	Выкл.	Kapalı
On	On	开	開	Ein	Activé	켬	オン	Activado	Ativado	Вкл.	Açık
Position	Position	位置	位置	Position	Position	위치	位置	Posición	Posição	Позиция	Konum
Rename NPC	Rename NPC	重命名 NPC	重新命名 NPC	NPC umbenennen	Renommer le PNJ	NPC 이름 변경	NPC名を変更	Renombrar NPC	Renomear NPC	Переименовать NPC	NPC'yi yeniden adlandır
Rename group	Rename group	重命名组	重新命名群組	Gruppe umbenennen	Renommer le groupe	그룹 이름 변경	グループ名を変更	Renombrar grupo	Renomear grupo	Переименовать группу	Grubu yeniden adlandır
Select all NPCs	Select all NPCs	全选 NPC	全選 NPC	Alle NPCs auswählen	Sélectionner tous les PNJ	모든 NPC 선택	すべてのNPCを選択	Seleccionar todos los NPC	Selecionar todos os NPCs	Выбрать всех NPC	Tüm NPC'leri seç
Selected NPC properties	Selected NPC properties	所选 NPC 属性	所選 NPC 屬性	Eigenschaften ausgewählter NPCs	Propriétés des PNJ sélectionnés	선택한 NPC 속성	選択NPCのプロパティ	Propiedades de NPC seleccionados	Propriedades dos NPCs selecionados	Свойства выбранных NPC	Seçili NPC özellikleri
Spawned NPCs	Spawned NPCs	已生成 NPC	已生成 NPC	Erzeugte NPCs	PNJ créés	생성된 NPC	生成済みNPC	NPC generados	NPCs gerados	Созданные NPC	Oluşturulan NPC'ler
The native AI-control request was not resolved in this game build; NPCs will spawn with normal AI.	The native AI-control request was not resolved in this game build; NPCs will spawn with normal AI.	当前游戏版本未解析到原生 AI 控制请求；NPC 将以正常 AI 生成。	目前遊戲版本未解析到原生 AI 控制請求；NPC 將以正常 AI 生成。	Die native KI-Steuerungsanfrage konnte in diesem Spiel-Build nicht aufgelöst werden; NPCs werden mit normaler KI erzeugt.	La requête native de contrôle de l’IA n’a pas pu être résolue dans cette version du jeu ; les PNJ apparaîtront avec une IA normale.	이 게임 빌드에서 기본 AI 제어 요청을 찾지 못했습니다. NPC는 일반 AI로 생성됩니다.	このゲームビルドではネイティブAI制御リクエストを解決できません。NPCは通常AIで生成されます。	No se pudo resolver la solicitud nativa de control de IA en esta versión del juego; los NPC se generarán con IA normal.	A solicitação nativa de controle de IA não foi resolvida nesta versão do jogo; os NPCs serão gerados com IA normal.	В этой версии игры не удалось определить нативный запрос управления ИИ; NPC будут создаваться с обычным ИИ.	Bu oyun sürümünde yerel AI kontrol isteği çözümlenemedi; NPC'ler normal AI ile oluşturulur.
native AI control unavailable	native AI control unavailable	原生 AI 控制不可用	原生 AI 控制不可用	native KI-Steuerung nicht verfügbar	contrôle natif de l’IA indisponible	기본 AI 제어 사용 불가	ネイティブAI制御は利用不可	control nativo de IA no disponible	controle nativo de IA indisponível	нативное управление ИИ недоступно	yerel AI kontrolü kullanılamıyor
NPC live move is not ready	NPC live move is not ready	NPC 实时移动尚未就绪	NPC 即時移動尚未就緒	NPC-Livebewegung ist noch nicht bereit	Le déplacement en direct du PNJ n’est pas prêt	NPC 실시간 이동을 아직 사용할 수 없습니다	NPC のリアルタイム移動はまだ準備できていません	El movimiento en tiempo real del PNJ aún no está listo	O movimento do NPC em tempo real ainda não está pronto	Перемещение NPC в реальном времени ещё не готово	NPC canlı hareketi henüz hazır değil
Edit	Edit	编辑	編輯	Bearbeiten	Modifier	편집	編集	Editar	Editar	Изменить	Düzenle
NPC AI / behavior	NPC AI / behavior	NPC AI / 行为	NPC AI / 行為	NPC-KI / Verhalten	IA / comportement du PNJ	NPC AI / 행동	NPC AI / 行動	IA / comportamiento de NPC	IA / comportamento do NPC	ИИ / поведение NPC	NPC AI / davranış
NPC delete	NPC delete	删除 NPC	刪除 NPC	NPC löschen	Supprimer le PNJ	NPC 삭제	NPCを削除	Eliminar NPC	Excluir NPC	Удалить NPC	NPC sil
NPC group	NPC group	NPC 编组	NPC 群組	NPC-Gruppe	Groupe de PNJ	NPC 그룹	NPCグループ	Grupo de NPC	Grupo de NPC	Группа NPC	NPC grubu
NPC move	NPC move	移动 NPC	移動 NPC	NPC verschieben	Déplacer le PNJ	NPC 이동	NPCを移動	Mover NPC	Mover NPC	Переместить NPC	NPC taşı
NPC spawn	NPC spawn	生成 NPC	生成 NPC	NPC erzeugen	Créer un PNJ	NPC 생성	NPCを生成	Generar NPC	Gerar NPC	Создать NPC	NPC oluştur
managed NPC	managed NPC	托管 NPC	託管 NPC	verwalteter NPC	PNJ géré	관리 NPC	管理対象NPC	NPC administrado	NPC gerenciado	управляемый NPC	yönetilen NPC
Mixed	Mixed	混合	混合	Gemischt	Mixte	혼합	混在	Mixto	Misto	Смешано	Karışık
pending	pending	等待中	等待中	ausstehend	en attente	대기 중	保留中	pendiente	pendente	ожидание	bekliyor
selected	selected	已选择	已選取	ausgewählt	sélectionné	선택됨	選択済み	seleccionado	selecionado	выбрано	seçili
overwrote %s (%d entities)	overwrote %s (%d entities)	已覆盖 %s（%d 个实体）	已覆寫 %s（%d 個實體）	%s überschrieben (%d Entitäten)	%s écrasé (%d entités)	%s 덮어씀(엔티티 %d개)	%s を上書きしました（%dエンティティ）	se sobrescribió %s (%d entidades)	%s foi sobrescrito (%d entidades)	%s перезаписан (сущностей: %d)	%s üzerine yazıldı (%d varlık)
writes exactly the %d entities shown here back to %s.cdproj.\nEntities of other projects and new entities are not touched.	writes exactly the %d entities shown here back to %s.cdproj.\nEntities of other projects and new entities are not touched.	仅将这里显示的 %d 个实体写回 %s.cdproj。\n其他项目的实体和新实体不会被修改。	僅將這裡顯示的 %d 個實體寫回 %s.cdproj。\n其他專案的實體和新實體不會被修改。	Schreibt genau die hier gezeigten %d Entitäten zurück in %s.cdproj.\nEntitäten anderer Projekte und neue Entitäten bleiben unberührt.	Réécrit exactement les %d entités affichées ici dans %s.cdproj.\nLes entités des autres projets et les nouvelles entités ne sont pas modifiées.	여기에 표시된 엔티티 %d개를 %s.cdproj에 정확히 다시 저장합니다.\n다른 프로젝트의 엔티티와 새 엔티티는 건드리지 않습니다.	ここに表示されている%d個のエンティティだけを%s.cdprojへ書き戻します。\n他プロジェクトのエンティティと新規エンティティには触れません。	Escribe exactamente las %d entidades mostradas aquí en %s.cdproj.\nNo modifica las entidades de otros proyectos ni las nuevas.	Grava exatamente as %d entidades exibidas aqui em %s.cdproj.\nEntidades de outros projetos e novas entidades não são alteradas.	Записывает ровно %d показанных здесь сущностей обратно в %s.cdproj.\nСущности других проектов и новые сущности не затрагиваются.	Burada gösterilen tam %d varlığı %s.cdproj dosyasına geri yazar.\nDiğer projelerin varlıklarına ve yeni varlıklara dokunulmaz.
syncing	syncing	同步中	同步中	wird synchronisiert	synchronisation	동기화 중	同期中	sincronizando	sincronizando	синхронизация	eşitleniyor
desired AI state has not reached the game yet; World Builder will retry when the server session is available	desired AI state has not reached the game yet; World Builder will retry when the server session is available	期望的 AI 状态尚未应用到游戏；World Builder 会在服务器会话可用时自动重试。	期望的 AI 狀態尚未套用到遊戲；World Builder 會在伺服器工作階段可用時自動重試。	Der gewünschte KI-Zustand ist noch nicht im Spiel angekommen; World Builder versucht es erneut, sobald die Server-Sitzung verfügbar ist.	L’état d’IA souhaité n’a pas encore été appliqué dans le jeu ; World Builder réessaiera lorsque la session serveur sera disponible.	원하는 AI 상태가 아직 게임에 적용되지 않았습니다. 서버 세션을 사용할 수 있게 되면 World Builder가 다시 시도합니다.	希望するAI状態はまだゲームへ反映されていません。サーバーセッションが利用可能になったらWorld Builderが再試行します。	El estado de IA deseado aún no ha llegado al juego; World Builder volverá a intentarlo cuando la sesión del servidor esté disponible.	O estado de IA desejado ainda não chegou ao jogo; o World Builder tentará novamente quando a sessão do servidor estiver disponível.	Желаемое состояние ИИ ещё не применено в игре; World Builder повторит попытку, когда серверная сессия станет доступна.	İstenen AI durumu henüz oyuna uygulanmadı; sunucu oturumu kullanılabilir olduğunda World Builder yeniden deneyecek.
double-click = one NPC; SPAWN/drag = current count and formation	double-click = one NPC; SPAWN/drag = current count and formation	双击 = 1 个 NPC；SPAWN/拖拽 = 当前数量与阵型	雙擊 = 1 個 NPC；SPAWN/拖曳 = 目前數量與陣型	Doppelklick = 1 NPC; SPAWN/Ziehen = aktuelle Anzahl und Formation	double clic = 1 PNJ ; SPAWN/glisser = nombre et formation actuels	더블클릭 = NPC 1명; SPAWN/드래그 = 현재 수량과 대형	ダブルクリック = NPC 1体、SPAWN/ドラッグ = 現在の数とフォーメーション	doble clic = 1 NPC; SPAWN/arrastrar = cantidad y formación actuales	clique duplo = 1 NPC; SPAWN/arrastar = quantidade e formação atuais	двойной щелчок = 1 NPC; SPAWN/перетаскивание = текущее количество и строй	çift tık = 1 NPC; SPAWN/sürükle = geçerli sayı ve diziliş
presets	presets	预设	預設	Voreinstellungen	préréglages	프리셋	プリセット	preajustes	predefinições	предустановки	ön ayarlar
footprint: %.1f m	footprint: %.1f m	占地：%.1f m	佔地：%.1f m	Ausdehnung: %.1f m	emprise : %.1f m	배치 폭: %.1f m	占有幅: %.1f m	extensión: %.1f m	extensão: %.1f m	размер: %.1f м	kapladığı alan: %.1f m
grid: %d x %d, %.1f x %.1f m	grid: %d x %d, %.1f x %.1f m	网格：%d x %d，%.1f x %.1f m	網格：%d x %d，%.1f x %.1f m	Raster: %d x %d, %.1f x %.1f m	grille : %d x %d, %.1f x %.1f m	격자: %d x %d, %.1f x %.1f m	グリッド: %d x %d、%.1f x %.1f m	cuadrícula: %d x %d, %.1f x %.1f m	grade: %d x %d, %.1f x %.1f m	сетка: %d x %d, %.1f x %.1f м	ızgara: %d x %d, %.1f x %.1f m
diameter: %.1f m	diameter: %.1f m	直径：%.1f m	直徑：%.1f m	Durchmesser: %.1f m	diamètre : %.1f m	지름: %.1f m	直径: %.1f m	diámetro: %.1f m	diâmetro: %.1f m	диаметр: %.1f м	çap: %.1f m
large batches are queued over multiple server ticks	large batches are queued over multiple server ticks	大批量生成会分散到多个服务器 tick 队列执行	大量生成會分散到多個伺服器 tick 佇列執行	Große Stapel werden über mehrere Server-Ticks verteilt	les gros lots sont répartis sur plusieurs ticks serveur	대량 생성은 여러 서버 틱에 나누어 대기열 처리됩니다	大量生成は複数のサーバーティックに分けてキュー処理されます	los lotes grandes se reparten entre varios ticks del servidor	lotes grandes são distribuídos por vários ticks do servidor	большие партии распределяются по нескольким серверным тикам	büyük gruplar birden fazla sunucu tick'ine dağıtılarak sıraya alınır
%d entities, %d selected	%d entities, %d selected	%d 个实体，已选择 %d 个	%d 個實體，已選取 %d 個	%d Entitäten, %d ausgewählt	%d entités, %d sélectionnées	엔티티 %d개, %d개 선택됨	エンティティ %d個、%d個選択	%d entidades, %d seleccionadas	%d entidades, %d selecionadas	сущностей: %d, выбрано: %d	%d varlık, %d seçili
%d entities, modified	%d entities, modified	%d 个实体，已修改	%d 個實體，已修改	%d Entitäten, geändert	%d entités, modifiées	엔티티 %d개, 수정됨	エンティティ %d個、変更あり	%d entidades, modificadas	%d entidades, modificadas	сущностей: %d, изменено	%d varlık, değiştirildi
%d entities, saved	%d entities, saved	%d 个实体，已保存	%d 個實體，已儲存	%d Entitäten, gespeichert	%d entités, enregistrées	엔티티 %d개, 저장됨	エンティティ %d個、保存済み	%d entidades, guardadas	%d entidades, salvas	сущностей: %d, сохранено	%d varlık, kaydedildi
%d objects, %d NPCs, %d unassigned	%d objects, %d NPCs, %d unassigned	%d 个物品，%d 个 NPC，%d 个未归属	%d 個物品，%d 個 NPC，%d 個未歸屬	%d Objekte, %d NPCs, %d nicht zugeordnet	%d objets, %d PNJ, %d non attribués	오브젝트 %d개, NPC %d명, 미할당 %d개	オブジェクト %d個、NPC %d体、未割り当て %d個	%d objetos, %d NPC, %d sin asignar	%d objetos, %d NPCs, %d não atribuídos	объектов: %d, NPC: %d, без проекта: %d	%d nesne, %d NPC, %d atanmamış
%d pending spawns	%d pending spawns	%d 个生成任务等待中	%d 個生成工作等待中	%d Spawn-Aufträge ausstehend	%d apparitions en attente	생성 대기 %d개	スポーン待機 %d件	%d generaciones pendientes	%d spawns pendentes	ожидает создания: %d	%d oluşturma bekliyor
%s\nNPC #%d\n%.2f  %.2f  %.2f\nAI: %s   Behavior: %s%s%s	%s\nNPC #%d\n%.2f  %.2f  %.2f\nAI: %s   Behavior: %s%s%s	%s\nNPC #%d\n%.2f  %.2f  %.2f\nAI：%s   行为：%s%s%s	%s\nNPC #%d\n%.2f  %.2f  %.2f\nAI：%s   行為：%s%s%s	%s\nNPC #%d\n%.2f  %.2f  %.2f\nKI: %s   Verhalten: %s%s%s	%s\nPNJ #%d\n%.2f  %.2f  %.2f\nIA : %s   Comportement : %s%s%s	%s\nNPC #%d\n%.2f  %.2f  %.2f\nAI: %s   행동: %s%s%s	%s\nNPC #%d\n%.2f  %.2f  %.2f\nAI: %s   行動: %s%s%s	%s\nNPC #%d\n%.2f  %.2f  %.2f\nIA: %s   Comportamiento: %s%s%s	%s\nNPC #%d\n%.2f  %.2f  %.2f\nIA: %s   Comportamento: %s%s%s	%s\nNPC #%d\n%.2f  %.2f  %.2f\nИИ: %s   Поведение: %s%s%s	%s\nNPC #%d\n%.2f  %.2f  %.2f\nAI: %s   Davranış: %s%s%s
%s\nObject #%d\n%.2f  %.2f  %.2f   yaw %.0f   scale %.2f%s%s	%s\nObject #%d\n%.2f  %.2f  %.2f   yaw %.0f   scale %.2f%s%s	%s\n物品 #%d\n%.2f  %.2f  %.2f   偏航 %.0f   缩放 %.2f%s%s	%s\n物品 #%d\n%.2f  %.2f  %.2f   偏航 %.0f   縮放 %.2f%s%s	%s\nObjekt #%d\n%.2f  %.2f  %.2f   Gier %.0f   Skalierung %.2f%s%s	%s\nObjet #%d\n%.2f  %.2f  %.2f   lacet %.0f   échelle %.2f%s%s	%s\n오브젝트 #%d\n%.2f  %.2f  %.2f   요 %.0f   크기 %.2f%s%s	%s\nオブジェクト #%d\n%.2f  %.2f  %.2f   ヨー %.0f   スケール %.2f%s%s	%s\nObjeto #%d\n%.2f  %.2f  %.2f   guiñada %.0f   escala %.2f%s%s	%s\nObjeto #%d\n%.2f  %.2f  %.2f   guinada %.0f   escala %.2f%s%s	%s\nОбъект #%d\n%.2f  %.2f  %.2f   рыскание %.0f   масштаб %.2f%s%s	%s\nNesne #%d\n%.2f  %.2f  %.2f   yaw %.0f   ölçek %.2f%s%s
AI enabled	AI enabled	启用 AI	啟用 AI	KI aktiviert	IA activée	AI 활성화	AI有効	IA activada	IA ativada	ИИ включён	AI etkin
Autoload	Autoload	自动加载	自動載入	Autoload	Chargement auto	자동 불러오기	自動読み込み	Carga automática	Carregamento automático	Автозагрузка	Otomatik yükle
Clear scene	Clear scene	清空场景	清空場景	Szene leeren	Vider la scène	장면 비우기	シーンを空にする	Vaciar escena	Limpar cena	Очистить сцену	Sahneyi temizle
Create or update a project	Create or update a project	创建或更新项目	建立或更新專案	Projekt erstellen oder aktualisieren	Créer ou mettre à jour un projet	프로젝트 생성 또는 업데이트	プロジェクトを作成または更新	Crear o actualizar un proyecto	Criar ou atualizar um projeto	Создать или обновить проект	Proje oluştur veya güncelle
Ctrl+Z and Ctrl+Y undo and redo   Ctrl+G group   Ctrl+A select all   Delete removes selection   Ctrl-click and Shift-click multi-select	Ctrl+Z and Ctrl+Y undo and redo   Ctrl+G group   Ctrl+A select all   Delete removes selection   Ctrl-click and Shift-click multi-select	Ctrl+Z 和 Ctrl+Y 撤销与重做   Ctrl+G 编组   Ctrl+A 全选   Delete 删除选择   Ctrl 点击和 Shift 点击多选	Ctrl+Z 和 Ctrl+Y 復原與重做   Ctrl+G 編組   Ctrl+A 全選   Delete 刪除選取   Ctrl 點擊和 Shift 點擊多選	Ctrl+Z und Ctrl+Y Rückgängig und Wiederholen   Ctrl+G gruppieren   Ctrl+A alles auswählen   Entf löscht Auswahl   Ctrl-Klick und Shift-Klick Mehrfachauswahl	Ctrl+Z et Ctrl+Y annuler et rétablir   Ctrl+G grouper   Ctrl+A tout sélectionner   Suppr efface la sélection   Ctrl-clic et Shift-clic sélection multiple	Ctrl+Z 및 Ctrl+Y 실행 취소와 다시 실행   Ctrl+G 그룹   Ctrl+A 전체 선택   Delete 선택 삭제   Ctrl 클릭과 Shift 클릭 다중 선택	Ctrl+Z と Ctrl+Y で元に戻す・やり直し   Ctrl+G グループ   Ctrl+A 全選択   Delete で削除   CtrlクリックとShiftクリックで複数選択	Ctrl+Z y Ctrl+Y deshacer y rehacer   Ctrl+G agrupar   Ctrl+A seleccionar todo   Supr elimina la selección   Ctrl-clic y Shift-clic selección múltiple	Ctrl+Z e Ctrl+Y desfazer e refazer   Ctrl+G agrupar   Ctrl+A selecionar tudo   Delete remove a seleção   Ctrl-clique e Shift-clique seleção múltipla	Ctrl+Z и Ctrl+Y отмена и повтор   Ctrl+G группировать   Ctrl+A выбрать всё   Delete удаляет выбранное   Ctrl-клик и Shift-клик для множественного выбора	Ctrl+Z ve Ctrl+Y geri al ve yinele   Ctrl+G grupla   Ctrl+A tümünü seç   Delete seçimi siler   Ctrl tıklama ve Shift tıklama çoklu seçim
Group %d  (%d entities)	Group %d  (%d entities)	组 %d （%d 个实体）	群組 %d （%d 個實體）	Gruppe %d  (%d Entitäten)	Groupe %d  (%d entités)	그룹 %d  (엔티티 %d개)	グループ %d （%dエンティティ）	Grupo %d  (%d entidades)	Grupo %d  (%d entidades)	Группа %d  (сущностей: %d)	Grup %d  (%d varlık)
Hold position (AI paused)	Hold position (AI paused)	保持位置（AI 暂停）	保持位置（AI 暫停）	Position halten (KI pausiert)	Maintenir la position (IA en pause)	위치 고정 (AI 일시정지)	位置固定（AI一時停止）	Mantener posición (IA pausada)	Manter posição (IA pausada)	Удерживать позицию (ИИ приостановлен)	Konumu koru (AI duraklatıldı)
Import project file	Import project file	导入项目文件	匯入專案檔案	Projektdatei importieren	Importer un fichier de projet	프로젝트 파일 가져오기	プロジェクトファイルをインポート	Importar archivo de proyecto	Importar arquivo de projeto	Импортировать файл проекта	Proje dosyasını içe aktar
Line and circle: many copies of the selected prefab at once	Line and circle: many copies of the selected prefab at once	直线和圆环：一次生成所选预制体的多个副本	直線和圓環：一次生成所選預製體的多個副本	Linie und Kreis: viele Kopien des ausgewählten Prefabs auf einmal	Ligne et cercle : plusieurs copies du prefab sélectionné à la fois	직선과 원: 선택한 프리팹을 한 번에 여러 개 생성	直線と円: 選択したprefabを一度に複数生成	Línea y círculo: muchas copias del prefab seleccionado de una vez	Linha e círculo: várias cópias do prefab selecionado de uma vez	Линия и круг: много копий выбранного префаба за один раз	Çizgi ve daire: seçili prefabın birçok kopyasını tek seferde oluştur
Loading a project creates both its objects and its managed NPCs. Unload removes both from the live scene but keeps the project file.	Loading a project creates both its objects and its managed NPCs. Unload removes both from the live scene but keeps the project file.	加载项目会同时生成其中的物品和托管 NPC。卸载会从当前场景移除两者，但保留项目文件。	載入專案會同時生成其中的物品和受管理 NPC。卸載會從目前場景移除兩者，但保留專案檔案。	Beim Laden eines Projekts werden seine Objekte und verwalteten NPCs erzeugt. Entladen entfernt beide aus der laufenden Szene, behält aber die Projektdatei.	Le chargement d’un projet crée ses objets et ses PNJ gérés. Décharger les retire de la scène active tout en conservant le fichier du projet.	프로젝트를 불러오면 오브젝트와 관리 NPC가 함께 생성됩니다. 언로드하면 현재 장면에서 둘 다 제거하지만 프로젝트 파일은 유지됩니다.	プロジェクトを読み込むとオブジェクトと管理対象NPCの両方が生成されます。アンロードするとライブシーンから両方を除去しますが、プロジェクトファイルは保持します。	Al cargar un proyecto se crean sus objetos y sus NPC administrados. Descargar elimina ambos de la escena activa pero conserva el archivo del proyecto.	Carregar um projeto cria seus objetos e NPCs gerenciados. Descarregar remove ambos da cena ativa, mas mantém o arquivo do projeto.	При загрузке проекта создаются и его объекты, и управляемые NPC. Выгрузка удаляет их из текущей сцены, но сохраняет файл проекта.	Bir proje yüklendiğinde hem nesneleri hem de yönetilen NPC'leri oluşturulur. Boşaltma ikisini de canlı sahneden kaldırır ancak proje dosyasını korur.
Mixed selection: %d objects and %d NPCs	Mixed selection: %d objects and %d NPCs	混合选择：%d 个物品和 %d 个 NPC	混合選取：%d 個物品和 %d 個 NPC	Gemischte Auswahl: %d Objekte und %d NPCs	Sélection mixte : %d objets et %d PNJ	혼합 선택: 오브젝트 %d개와 NPC %d명	混合選択: オブジェクト%d個とNPC%d体	Selección mixta: %d objetos y %d NPC	Seleção mista: %d objetos e %d NPCs	Смешанный выбор: объектов %d и NPC %d	Karışık seçim: %d nesne ve %d NPC
NPC AI and behavior	NPC AI and behavior	NPC AI 和行为	NPC AI 和行為	NPC-KI und Verhalten	IA et comportement du PNJ	NPC AI 및 행동	NPC AI と行動	IA y comportamiento de NPC	IA e comportamento do NPC	ИИ и поведение NPC	NPC AI ve davranış
NPC properties	NPC properties	NPC 属性	NPC 屬性	NPC-Eigenschaften	Propriétés du PNJ	NPC 속성	NPCプロパティ	Propiedades de NPC	Propriedades do NPC	Свойства NPC	NPC özellikleri
New empty scene	New empty scene	新建空场景	新建空場景	Neue leere Szene	Nouvelle scène vide	새 빈 장면	新しい空のシーン	Nueva escena vacía	Nova cena vazia	Новая пустая сцена	Yeni boş sahne
No saved projects yet.	No saved projects yet.	还没有已保存的项目。	尚未有已儲存的專案。	Noch keine gespeicherten Projekte.	Aucun projet enregistré pour l’instant.	아직 저장된 프로젝트가 없습니다.	保存済みプロジェクトはまだありません。	Aún no hay proyectos guardados.	Ainda não há projetos salvos.	Сохранённых проектов пока нет.	Henüz kaydedilmiş proje yok.
Normal autonomous	Normal autonomous	正常自主行为	正常自主行為	Normal autonom	Normal autonome	일반 자율	通常自律	Normal autónomo	Normal autônomo	Обычный автономный	Normal otonom
OFF - changes stay dirty until you save manually	OFF - changes stay dirty until you save manually	关闭 - 修改会保持未保存状态，直到手动保存	關閉 - 修改會保持未儲存狀態，直到手動儲存	AUS - Änderungen bleiben ungespeichert, bis du manuell speicherst	DÉSACTIVÉ - les modifications restent non enregistrées jusqu’à une sauvegarde manuelle	꺼짐 - 수동 저장할 때까지 변경 사항이 미저장 상태로 유지됩니다	オフ - 手動保存するまで変更は未保存のままです	DESACTIVADO - los cambios quedan sin guardar hasta que guardes manualmente	DESATIVADO - as alterações ficam não salvas até você salvar manualmente	ВЫКЛ. - изменения остаются несохранёнными до ручного сохранения	KAPALI - elle kaydedene kadar değişiklikler kaydedilmemiş kalır
ON - every committed project edit is saved immediately	ON - every committed project edit is saved immediately	开启 - 每次提交的项目修改都会立即保存	開啟 - 每次提交的專案修改都會立即儲存	EIN - jede bestätigte Projektänderung wird sofort gespeichert	ACTIVÉ - chaque modification validée du projet est enregistrée immédiatement	켜짐 - 확정된 프로젝트 변경 사항이 즉시 저장됩니다	オン - 確定したプロジェクト編集を即座に保存します	ACTIVADO - cada edición confirmada del proyecto se guarda inmediatamente	ATIVADO - cada edição confirmada do projeto é salva imediatamente	ВКЛ. - каждое подтверждённое изменение проекта сохраняется сразу	AÇIK - onaylanan her proje düzenlemesi hemen kaydedilir
Object	Object	物品	物品	Objekt	Objet	오브젝트	オブジェクト	Objeto	Objeto	Объект	Nesne
Only entities already belonging to a saved project are auto-saved. New unassigned entities are never attached automatically.	Only entities already belonging to a saved project are auto-saved. New unassigned entities are never attached automatically.	只有已经属于已保存项目的实体才会自动保存。新的未归属实体绝不会自动加入项目。	只有已經屬於已儲存專案的實體才會自動儲存。新的未歸屬實體絕不會自動加入專案。	Nur Entitäten, die bereits zu einem gespeicherten Projekt gehören, werden automatisch gespeichert. Neue nicht zugeordnete Entitäten werden nie automatisch angehängt.	Seules les entités appartenant déjà à un projet enregistré sont sauvegardées automatiquement. Les nouvelles entités non attribuées ne sont jamais rattachées automatiquement.	이미 저장된 프로젝트에 속한 엔티티만 자동 저장됩니다. 새 미할당 엔티티는 자동으로 프로젝트에 연결되지 않습니다.	保存済みプロジェクトに既に属するエンティティだけが自動保存されます。新しい未割り当てエンティティが自動で追加されることはありません。	Solo se guardan automáticamente las entidades que ya pertenecen a un proyecto guardado. Las nuevas entidades sin asignar nunca se adjuntan automáticamente.	Somente entidades que já pertencem a um projeto salvo são salvas automaticamente. Novas entidades não atribuídas nunca são anexadas automaticamente.	Автосохранение применяется только к сущностям, уже входящим в сохранённый проект. Новые сущности без проекта никогда не присоединяются автоматически.	Yalnızca kaydedilmiş bir projeye zaten ait olan varlıklar otomatik kaydedilir. Yeni atanmamış varlıklar asla otomatik eklenmez.
Open project folder	Open project folder	打开项目文件夹	開啟專案資料夾	Projektordner öffnen	Ouvrir le dossier des projets	프로젝트 폴더 열기	プロジェクトフォルダーを開く	Abrir carpeta de proyectos	Abrir pasta de projetos	Открыть папку проектов	Proje klasörünü aç
Project files on disk are not deleted.	Project files on disk are not deleted.	磁盘上的项目文件不会被删除。	磁碟上的專案檔案不會被刪除。	Projektdateien auf der Festplatte werden nicht gelöscht.	Les fichiers de projet sur le disque ne sont pas supprimés.	디스크의 프로젝트 파일은 삭제되지 않습니다.	ディスク上のプロジェクトファイルは削除されません。	Los archivos de proyecto del disco no se eliminan.	Os arquivos de projeto no disco não são excluídos.	Файлы проектов на диске не удаляются.	Diskteki proje dosyaları silinmez.
Reload	Reload	重新加载	重新載入	Neu laden	Recharger	다시 불러오기	再読み込み	Recargar	Recarregar	Перезагрузить	Yeniden yükle
Remove all %d live entities from the World Builder scene?	Remove all %d live entities from the World Builder scene?	从 World Builder 场景中移除全部 %d 个活动实体？	從 World Builder 場景中移除全部 %d 個活動實體？	Alle %d aktiven Entitäten aus der World-Builder-Szene entfernen?	Retirer les %d entités actives de la scène World Builder ?	World Builder 장면에서 활성 엔티티 %d개를 모두 제거할까요?	World Builderシーンからライブエンティティ%d個をすべて削除しますか？	¿Eliminar las %d entidades activas de la escena de World Builder?	Remover todas as %d entidades ativas da cena do World Builder?	Удалить все активные сущности (%d) из сцены World Builder?	World Builder sahnesindeki %d canlı varlığın tümü kaldırılsın mı?
Rename	Rename	重命名	重新命名	Umbenennen	Renommer	이름 변경	名前変更	Renombrar	Renomear	Переименовать	Yeniden adlandır
Save unassigned entities as project	Save unassigned entities as project	将未归属实体保存为项目	將未歸屬實體儲存為專案	Nicht zugeordnete Entitäten als Projekt speichern	Enregistrer les entités non attribuées comme projet	미할당 엔티티를 프로젝트로 저장	未割り当てエンティティをプロジェクトとして保存	Guardar entidades sin asignar como proyecto	Salvar entidades não atribuídas como projeto	Сохранить сущности без проекта как проект	Atanmamış varlıkları proje olarak kaydet
Save whole scene as project	Save whole scene as project	将整个场景保存为项目	將整個場景儲存為專案	Gesamte Szene als Projekt speichern	Enregistrer toute la scène comme projet	전체 장면을 프로젝트로 저장	シーン全体をプロジェクトとして保存	Guardar toda la escena como proyecto	Salvar cena inteira como projeto	Сохранить всю сцену как проект	Tüm sahneyi proje olarak kaydet
Saved projects	Saved projects	已保存项目	已儲存專案	Gespeicherte Projekte	Projets enregistrés	저장된 프로젝트	保存済みプロジェクト	Proyectos guardados	Projetos salvos	Сохранённые проекты	Kaydedilmiş projeler
Saves only entities that do not belong to any project yet. Loaded projects stay separate.	Saves only entities that do not belong to any project yet. Loaded projects stay separate.	只保存尚未属于任何项目的实体。已加载项目保持独立。	只儲存尚未屬於任何專案的實體。已載入專案保持獨立。	Speichert nur Entitäten, die noch zu keinem Projekt gehören. Geladene Projekte bleiben getrennt.	Enregistre uniquement les entités qui n’appartiennent encore à aucun projet. Les projets chargés restent séparés.	아직 어떤 프로젝트에도 속하지 않은 엔티티만 저장합니다. 불러온 프로젝트는 별도로 유지됩니다.	まだどのプロジェクトにも属していないエンティティだけを保存します。読み込み済みプロジェクトは分離されたままです。	Guarda solo las entidades que aún no pertenecen a ningún proyecto. Los proyectos cargados permanecen separados.	Salva apenas entidades que ainda não pertencem a nenhum projeto. Projetos carregados permanecem separados.	Сохраняет только сущности, которые ещё не входят ни в один проект. Загруженные проекты остаются отдельными.	Yalnızca henüz hiçbir projeye ait olmayan varlıkları kaydeder. Yüklü projeler ayrı kalır.
Scene: %d entities	Scene: %d entities	场景：%d 个实体	場景：%d 個實體	Szene: %d Entitäten	Scène : %d entités	장면: 엔티티 %d개	シーン: %dエンティティ	Escena: %d entidades	Cena: %d entidades	Сцена: сущностей %d	Sahne: %d varlık
Select an object or NPC to edit it. Ctrl-click adds, Shift-click selects a range.	Select an object or NPC to edit it. Ctrl-click adds, Shift-click selects a range.	选择物品或 NPC 进行编辑。Ctrl 点击追加选择，Shift 点击选择范围。	選擇物品或 NPC 進行編輯。Ctrl 點擊追加選取，Shift 點擊選取範圍。	Wähle ein Objekt oder einen NPC zum Bearbeiten. Ctrl-Klick fügt hinzu, Shift-Klick wählt einen Bereich.	Sélectionnez un objet ou un PNJ à modifier. Ctrl-clic ajoute, Shift-clic sélectionne une plage.	편집할 오브젝트 또는 NPC를 선택하세요. Ctrl 클릭은 추가 선택, Shift 클릭은 범위 선택입니다.	編集するオブジェクトまたはNPCを選択してください。Ctrlクリックで追加、Shiftクリックで範囲選択します。	Selecciona un objeto o NPC para editarlo. Ctrl-clic añade, Shift-clic selecciona un rango.	Selecione um objeto ou NPC para editar. Ctrl-clique adiciona, Shift-clique seleciona um intervalo.	Выберите объект или NPC для редактирования. Ctrl-клик добавляет, Shift-клик выбирает диапазон.	Düzenlemek için bir nesne veya NPC seçin. Ctrl tıklama ekler, Shift tıklama aralık seçer.
Status	Status	状态	狀態	Status	État	상태	状態	Estado	Status	Статус	Durum
Unload	Unload	卸载	卸載	Entladen	Décharger	언로드	アンロード	Descargar	Descarregar	Выгрузить	Boşalt
entity	entity	实体	實體	Entität	entité	엔티티	エンティティ	entidad	entidade	сущность	varlık
loaded %s	loaded %s	已加载 %s	已載入 %s	%s geladen	%s chargé	%s 불러옴	%s を読み込みました	%s cargado	%s carregado	%s загружен	%s yüklendi
not loaded	not loaded	未加载	未載入	nicht geladen	non chargé	불러오지 않음	未読み込み	no cargado	não carregado	не загружен	yüklü değil
project name	project name	项目名称	專案名稱	Projektname	nom du projet	프로젝트 이름	プロジェクト名	nombre del proyecto	nome do projeto	имя проекта	proje adı
real-time project auto-save	real-time project auto-save	实时项目自动保存	即時專案自動儲存	Projekt in Echtzeit automatisch speichern	sauvegarde automatique du projet en temps réel	실시간 프로젝트 자동 저장	リアルタイムのプロジェクト自動保存	guardado automático del proyecto en tiempo real	salvamento automático do projeto em tempo real	автосохранение проекта в реальном времени	gerçek zamanlı proje otomatik kaydı
reloaded %s	reloaded %s	已重新加载 %s	已重新載入 %s	%s neu geladen	%s rechargé	%s 다시 불러옴	%s を再読み込みしました	%s recargado	%s recarregado	%s перезагружен	%s yeniden yüklendi
saved %s	saved %s	已保存 %s	已儲存 %s	%s gespeichert	%s enregistré	%s 저장됨	%s を保存しました	%s guardado	%s salvo	%s сохранён	%s kaydedildi
saved %s (%d entities)	saved %s (%d entities)	已保存 %s（%d 个实体）	已儲存 %s（%d 個實體）	%s gespeichert (%d Entitäten)	%s enregistré (%d entités)	%s 저장됨 (엔티티 %d개)	%s を保存しました（%dエンティティ）	%s guardado (%d entidades)	%s salvo (%d entidades)	%s сохранён (сущностей: %d)	%s kaydedildi (%d varlık)
scene cleared	scene cleared	场景已清空	場景已清空	Szene geleert	scène vidée	장면 비움	シーンを空にしました	escena vaciada	cena limpa	сцена очищена	sahne temizlendi
state	state	状态	狀態	Zustand	état	상태	状態	estado	estado	состояние	durum
type	type	类型	類型	Typ	type	유형	種類	tipo	tipo	тип	tür
unloaded %s	unloaded %s	已卸载 %s	已卸載 %s	%s entladen	%s déchargé	%s 언로드됨	%s をアンロードしました	%s descargado	%s descarregado	%s выгружен	%s boşaltıldı
yaw %.0f   scale %.2f	yaw %.0f   scale %.2f	偏航 %.0f   缩放 %.2f	偏航 %.0f   縮放 %.2f	Gier %.0f   Skalierung %.2f	lacet %.0f   échelle %.2f	요 %.0f   크기 %.2f	ヨー %.0f   スケール %.2f	guiñada %.0f   escala %.2f	guinada %.0f   escala %.2f	рыскание %.0f   масштаб %.2f	yaw %.0f   ölçek %.2f
%s = bring in front     %s = snap     %s = mouse gizmo and game     %s = level     %s = ground     %s = drop     %s = %s	%s = bring in front     %s = snap     %s = mouse gizmo and game     %s = level     %s = ground     %s = drop     %s = %s	%s = 移到前方     %s = 吸附     %s = 鼠标控件与游戏     %s = 水平     %s = 落地     %s = 放下     %s = %s	%s = 移到前方     %s = 吸附     %s = 滑鼠控件與遊戲     %s = 水平     %s = 落地     %s = 放下     %s = %s	%s = nach vorn holen     %s = einrasten     %s = Maus-Gizmo und Spiel     %s = ausrichten     %s = Boden     %s = ablegen     %s = %s	%s = ramener devant     %s = accrocher     %s = gizmo souris et jeu     %s = mettre à niveau     %s = sol     %s = poser     %s = %s	%s = 앞으로 가져오기     %s = 스냅     %s = 마우스 기즈모와 게임     %s = 수평 맞춤     %s = 지면     %s = 놓기     %s = %s	%s = 前に移動     %s = スナップ     %s = マウスギズモとゲーム     %s = 水平化     %s = 地面     %s = 配置確定     %s = %s	%s = traer al frente     %s = ajustar     %s = gizmo de ratón y juego     %s = nivelar     %s = suelo     %s = soltar     %s = %s	%s = trazer à frente     %s = encaixar     %s = gizmo do mouse e jogo     %s = nivelar     %s = chão     %s = soltar     %s = %s	%s = переместить вперёд     %s = привязка     %s = манипулятор мыши и игра     %s = выровнять     %s = на землю     %s = отпустить     %s = %s	%s = öne getir     %s = hizala     %s = fare gizmosu ve oyun     %s = düzle     %s = zemin     %s = bırak     %s = %s
Grab and move	Grab and move	抓取并移动	抓取並移動	Greifen und verschieben	Saisir et déplacer	잡아서 이동	つかんで移動	Agarrar y mover	Pegar e mover	Захватить и переместить	Tut ve taşı
Off by default. When enabled, the placement keys below move, rotate and scale the carried object and are kept away from the game.	Off by default. When enabled, the placement keys below move, rotate and scale the carried object and are kept away from the game.	默认关闭。启用后，下方放置按键会移动、旋转和缩放正在携带的物品，并且这些按键不会传给游戏。	預設關閉。啟用後，下方放置按鍵會移動、旋轉和縮放正在攜帶的物品，且這些按鍵不會傳給遊戲。	Standardmäßig aus. Wenn aktiviert, bewegen, drehen und skalieren die Platzierungstasten unten das getragene Objekt und werden nicht an das Spiel weitergegeben.	Désactivé par défaut. Une fois activées, les touches de placement ci-dessous déplacent, tournent et redimensionnent l’objet porté sans être transmises au jeu.	기본값은 꺼짐입니다. 켜면 아래 배치 키로 들고 있는 오브젝트를 이동, 회전, 크기 조절하며 해당 입력은 게임으로 전달되지 않습니다.	初期設定ではオフです。有効にすると、下の配置キーで保持中のオブジェクトを移動、回転、拡縮し、その入力はゲームへ渡されません。	Desactivado por defecto. Al activarlo, las teclas de colocación de abajo mueven, giran y escalan el objeto transportado sin enviarse al juego.	Desativado por padrão. Quando ativado, as teclas de posicionamento abaixo movem, giram e redimensionam o objeto carregado sem serem enviadas ao jogo.	По умолчанию выключено. После включения клавиши размещения ниже перемещают, вращают и масштабируют переносимый объект и не передаются игре.	Varsayılan olarak kapalıdır. Açıldığında aşağıdaki yerleştirme tuşları taşınan nesneyi hareket ettirir, döndürür ve ölçekler; bu girişler oyuna iletilmez.
Stops the visual day and night lighting progression. Gameplay, NPCs, physics and combat keep running.	Stops the visual day and night lighting progression. Gameplay, NPCs, physics and combat keep running.	停止昼夜视觉光照推进。游戏逻辑、NPC、物理和战斗仍会继续运行。	停止晝夜視覺光照推進。遊戲邏輯、NPC、物理和戰鬥仍會繼續運行。	Stoppt den sichtbaren Tag-und-Nacht-Lichtverlauf. Gameplay, NPCs, Physik und Kampf laufen weiter.	Arrête la progression visuelle de l’éclairage jour et nuit. Le gameplay, les PNJ, la physique et les combats continuent.	낮과 밤의 시각적 조명 진행만 멈춥니다. 게임플레이, NPC, 물리, 전투는 계속 작동합니다.	昼夜の見た目の照明進行だけを停止します。ゲームプレイ、NPC、物理、戦闘は動き続けます。	Detiene la progresión visual de la iluminación de día y noche. La jugabilidad, los NPC, la física y el combate siguen funcionando.	Interrompe a progressão visual da iluminação de dia e noite. Jogabilidade, NPCs, física e combate continuam funcionando.	Останавливает визуальное изменение освещения дня и ночи. Игровая логика, NPC, физика и бой продолжают работать.	Gündüz ve gece görsel aydınlatma ilerlemesini durdurur. Oynanış, NPC'ler, fizik ve savaş çalışmaya devam eder.
center %.1f  %.1f  %.1f    rotation %+.0f    tilt %+.0f, %+.0f    scale x%.2f    snap %s	center %.1f  %.1f  %.1f    rotation %+.0f    tilt %+.0f, %+.0f    scale x%.2f    snap %s	中心 %.1f  %.1f  %.1f    旋转 %+.0f    倾斜 %+.0f, %+.0f    缩放 x%.2f    吸附 %s	中心 %.1f  %.1f  %.1f    旋轉 %+.0f    傾斜 %+.0f, %+.0f    縮放 x%.2f    吸附 %s	Mitte %.1f  %.1f  %.1f    Drehung %+.0f    Neigung %+.0f, %+.0f    Skalierung x%.2f    Einrasten %s	centre %.1f  %.1f  %.1f    rotation %+.0f    inclinaison %+.0f, %+.0f    échelle x%.2f    accrochage %s	중심 %.1f  %.1f  %.1f    회전 %+.0f    기울기 %+.0f, %+.0f    크기 x%.2f    스냅 %s	中心 %.1f  %.1f  %.1f    回転 %+.0f    傾き %+.0f, %+.0f    スケール x%.2f    スナップ %s	centro %.1f  %.1f  %.1f    rotación %+.0f    inclinación %+.0f, %+.0f    escala x%.2f    ajuste %s	centro %.1f  %.1f  %.1f    rotação %+.0f    inclinação %+.0f, %+.0f    escala x%.2f    encaixe %s	центр %.1f  %.1f  %.1f    вращение %+.0f    наклон %+.0f, %+.0f    масштаб x%.2f    привязка %s	merkez %.1f  %.1f  %.1f    dönüş %+.0f    eğim %+.0f, %+.0f    ölçek x%.2f    hizalama %s
double-click = one NPC; SPAWN or drag = current count and formation	double-click = one NPC; SPAWN or drag = current count and formation	双击 = 1 个 NPC；SPAWN 或拖拽 = 当前数量与阵型	雙擊 = 1 個 NPC；SPAWN 或拖曳 = 目前數量與陣型	Doppelklick = 1 NPC; SPAWN oder Ziehen = aktuelle Anzahl und Formation	double clic = 1 PNJ ; SPAWN ou glisser = nombre et formation actuels	더블클릭 = NPC 1명; SPAWN 또는 드래그 = 현재 수량과 대형	ダブルクリック = NPC 1体、SPAWN またはドラッグ = 現在の数とフォーメーション	doble clic = 1 NPC; SPAWN o arrastrar = cantidad y formación actuales	clique duplo = 1 NPC; SPAWN ou arrastar = quantidade e formação atuais	двойной щелчок = 1 NPC; SPAWN или перетаскивание = текущее количество и строй	çift tık = 1 NPC; SPAWN veya sürükleme = geçerli sayı ve diziliş
interactive objects through the game	interactive objects through the game	通过游戏原生方式生成交互物品	透過遊戲原生方式生成互動物品	Interaktive Objekte über das Spiel	Objets interactifs via le jeu	게임을 통한 상호작용 오브젝트	ゲーム経由のインタラクティブオブジェクト	Objetos interactivos mediante el juego	Objetos interativos pelo jogo	Интерактивные объекты через игру	Oyun üzerinden etkileşimli nesneler
nothing matches: use fewer words, another category, or turn off favorites, meshes only, and tag filters. Clear resets all.	nothing matches: use fewer words, another category, or turn off favorites, meshes only, and tag filters. Clear resets all.	没有匹配项：减少搜索词、换一个分类，或关闭收藏、仅网格和标签筛选。清除会重置全部筛选。	沒有符合項目：減少搜尋詞、換一個分類，或關閉收藏、僅網格和標籤篩選。清除會重設全部篩選。	Keine Treffer: weniger Wörter verwenden, eine andere Kategorie wählen oder Favoriten, Nur-Meshes und Tag-Filter ausschalten. Löschen setzt alles zurück.	Aucun résultat : utilisez moins de mots, une autre catégorie, ou désactivez les favoris, les maillages uniquement et les filtres de tags. Effacer réinitialise tout.	일치 항목 없음: 검색어를 줄이거나 다른 카테고리를 선택하거나 즐겨찾기, 메시만, 태그 필터를 끄세요. 지우기는 모두 초기화합니다.	一致する項目がありません。単語を減らす、別カテゴリを選ぶ、またはお気に入り、メッシュのみ、タグフィルターをオフにしてください。クリアですべてリセットします。	No hay coincidencias: usa menos palabras, otra categoría o desactiva favoritos, solo mallas y filtros de etiquetas. Limpiar restablece todo.	Nenhum resultado: use menos palavras, outra categoria ou desative favoritos, apenas malhas e filtros de tags. Limpar redefine tudo.	Нет совпадений: используйте меньше слов, другую категорию или отключите избранное, только меши и фильтры тегов. Очистка сбрасывает всё.	Eşleşme yok: daha az kelime kullanın, başka kategori seçin veya favoriler, yalnızca mesh ve etiket filtrelerini kapatın. Temizle tümünü sıfırlar.
offset forward, up, side	offset forward, up, side	偏移：前后、上下、左右	偏移：前後、上下、左右	Versatz vorwärts, hoch, seitlich	décalage avant, haut, côté	오프셋 전방, 위, 측면	オフセット 前後、上下、左右	desplazamiento adelante, arriba, lateral	deslocamento frente, cima, lado	смещение вперёд, вверх, вбок	ofset ileri, yukarı, yan
prefabs in the cd_gimmick folder are spawned through the game's own spawn path and react like real objects (torches, doors, chests); off means plain objects	prefabs in the cd_gimmick folder are spawned through the game's own spawn path and react like real objects (torches, doors, chests); off means plain objects	cd_gimmick 文件夹中的预制体会通过游戏自身的生成路径创建，并像真实物品一样响应（火把、门、箱子）；关闭时按普通物品生成。	cd_gimmick 資料夾中的預製體會透過遊戲自身的生成路徑建立，並像真實物品一樣回應（火把、門、箱子）；關閉時按普通物品生成。	Prefabs im Ordner cd_gimmick werden über den eigenen Spawn-Weg des Spiels erzeugt und reagieren wie echte Objekte, etwa Fackeln, Türen und Truhen. Aus bedeutet normale Objekte.	Les prefabs du dossier cd_gimmick sont créés par le mécanisme d’apparition du jeu et réagissent comme de vrais objets, par exemple torches, portes et coffres. Désactivé signifie objets simples.	cd_gimmick 폴더의 프리팹은 게임 자체 생성 경로로 만들어져 횃불, 문, 상자 같은 실제 오브젝트처럼 반응합니다. 끄면 일반 오브젝트로 생성됩니다.	cd_gimmick フォルダーのprefabはゲーム本来のスポーン経路で生成され、松明、扉、宝箱など実物同様に反応します。オフでは通常オブジェクトになります。	Los prefabs de la carpeta cd_gimmick se generan mediante la ruta de aparición del juego y reaccionan como objetos reales, como antorchas, puertas y cofres. Desactivado significa objetos simples.	Os prefabs da pasta cd_gimmick são gerados pelo próprio caminho de spawn do jogo e reagem como objetos reais, como tochas, portas e baús. Desligado significa objetos simples.	Префабы из папки cd_gimmick создаются штатным путём игры и ведут себя как настоящие объекты, например факелы, двери и сундуки. Выключено означает обычные объекты.	cd_gimmick klasöründeki prefab'lar oyunun kendi oluşturma yoluyla üretilir ve meşale, kapı, sandık gibi gerçek nesneler gibi tepki verir. Kapalı, normal nesneler demektir.
previews %d of %d	previews %d of %d	预览：共 %d 个，已完成 %d 个	預覽：共 %d 個，已完成 %d 個	Vorschauen %d von %d	aperçus %d sur %d	미리보기 전체 %d개 중 %d개	プレビュー 全%d個中%d個	vistas previas %d de %d	prévias %d de %d	предпросмотр %d из %d	önizleme toplam %d öğeden %d
ray and shape cast trace	ray and shape cast trace	射线与形状投射跟踪	射線與形狀投射追蹤	Ray- und Shape-Cast-Trace	trace de lancer de rayon et de forme	레이 및 형태 캐스트 추적	レイとシェイプキャストのトレース	traza de rayos y formas	rastreamento de ray e shape cast	трассировка луча и формы	ışın ve şekil tarama izlemesi
updating %d of %d	updating %d of %d	更新中：共 %d 个，已完成 %d 个	更新中：共 %d 個，已完成 %d 個	Aktualisierung %d von %d	mise à jour %d sur %d	업데이트 전체 %d개 중 %d개	更新中 全%d個中%d個	actualizando %d de %d	atualizando %d de %d	обновление %d из %d	güncelleniyor toplam %d öğeden %d
replay prefab path override (empty uses the captured path)	replay prefab path override (empty uses the captured path)	重放预制体路径覆盖（留空使用捕获的路径）	重放預製體路徑覆寫（留空使用捕獲的路徑）	Prefab-Pfad für Wiedergabe überschreiben (leer verwendet den erfassten Pfad)	remplacer le chemin du prefab rejoué (vide utilise le chemin capturé)	재생 프리팹 경로 재정의 (비우면 캡처한 경로 사용)	再生prefabパスを上書き（空欄では取得したパスを使用）	sobrescribir la ruta del prefab reproducido (vacío usa la ruta capturada)	sobrescrever o caminho do prefab reproduzido (vazio usa o caminho capturado)	переопределить путь префаба воспроизведения (пусто использует записанный путь)	yeniden oynatılan prefab yolunu geçersiz kıl (boş bırakılırsa yakalanan yol kullanılır)
Add unassigned	Add unassigned	加入未归属	加入未歸屬	Nicht zugeordnete hinzufügen	Ajouter les non attribués	미할당 추가	未割り当てを追加	Añadir sin asignar	Adicionar não atribuídos	Добавить без проекта	Atanmamışları ekle
Adds the %d unassigned scene entities to this project and saves it.	Adds the %d unassigned scene entities to this project and saves it.	将 %d 个未归属场景实体加入此项目并保存。	將 %d 個未歸屬場景實體加入此專案並儲存。	Fügt die %d nicht zugeordneten Szenenentitäten diesem Projekt hinzu und speichert es.	Ajoute les %d entités de scène non attribuées à ce projet et l’enregistre.	미할당 장면 엔티티 %d개를 이 프로젝트에 추가하고 저장합니다.	未割り当てのシーンエンティティ%d個をこのプロジェクトに追加して保存します。	Añade las %d entidades de escena sin asignar a este proyecto y lo guarda.	Adiciona as %d entidades de cena não atribuídas a este projeto e o salva.	Добавляет %d сущностей сцены без проекта в этот проект и сохраняет его.	Atanmamış %d sahne varlığını bu projeye ekler ve kaydeder.
Terrain help	Terrain help	地形帮助	地形說明	Geländehilfe	Aide terrain	지형 도움말	地形ヘルプ	Ayuda de terreno	Ajuda de terreno	Справка по рельефу	Arazi yardımı
group %s: %d attached, %d excluded, %d pending	group %s: %d attached, %d excluded, %d pending	组 %s：已附加 %d，已排除 %d，待定 %d	群組 %s：已附加 %d，已排除 %d，待定 %d	Gruppe %s: %d angehängt, %d ausgeschlossen, %d ausstehend	groupe %s : %d attachés, %d exclus, %d en attente	그룹 %s: %d개 연결됨, %d개 제외됨, %d개 대기 중	グループ%s: 接続%d、除外%d、保留%d	grupo %s: %d adjuntos, %d excluidos, %d pendientes	grupo %s: %d anexados, %d excluídos, %d pendentes	группа %s: присоединено %d, исключено %d, ожидает %d	%s grubu: %d eklendi, %d hariç tutuldu, %d bekliyor
load failed	load failed	加载失败	載入失敗	Laden fehlgeschlagen	échec du chargement	불러오기 실패	読み込み失敗	error al cargar	falha ao carregar	загрузка не удалась	yükleme başarısız
(cleanup pending)	(cleanup pending)	（等待清理）	（等待清理）	(Bereinigung ausstehend)	(nettoyage en attente)	(정리 대기 중)	(クリーンアップ待ち)	(limpieza pendiente)	(limpeza pendente)	(ожидает очистки)	(temizleme bekliyor)
(removed after attachment)	(removed after attachment)	（附加后已移除）	（附加後已移除）	(nach dem Anhängen entfernt)	(retiré après rattachement)	(연결 후 제거됨)	(接続後に削除済み)	(eliminado tras adjuntar)	(removido após anexar)	(удалено после присоединения)	(eklendikten sonra kaldırıldı)
Approve existing-file overwrite	Approve existing-file overwrite	允许覆盖现有文件	允許覆寫現有檔案	Überschreiben vorhandener Datei erlauben	Autoriser le remplacement du fichier existant	기존 파일 덮어쓰기 승인	既存ファイルの上書きを許可	Autorizar sobrescritura del archivo existente	Autorizar substituição do arquivo existente	Разрешить перезапись существующего файла	Mevcut dosyanın üzerine yazmayı onayla
Approve project overwrite	Approve project overwrite	确认覆盖项目	確認覆寫專案	Projektüberschreibung bestätigen	Confirmer le remplacement du projet	프로젝트 덮어쓰기 승인	プロジェクトの上書きを承認	Confirmar sobrescritura del proyecto	Confirmar substituição do projeto	Подтвердить перезапись проекта	Projenin üzerine yazmayı onayla
Approximate bounds: unknown geometry uses a 2 m cube.	Approximate bounds: unknown geometry uses a 2 m cube.	近似边界：未知几何体按 2 米立方体处理。	近似邊界：未知幾何體以 2 公尺立方體處理。	Ungefähre Grenzen: Unbekannte Geometrie verwendet einen Würfel mit 2 m Kantenlänge.	Limites approximatives : un cube de 2 m est utilisé pour les géométries inconnues.	근사 경계: 알 수 없는 형상에는 한 변이 2m인 정육면체를 사용합니다.	概算の境界: 不明な形状には一辺2 mの立方体を使用します。	Límites aproximados: la geometría desconocida usa un cubo de 2 m.	Limites aproximados: geometria desconhecida usa um cubo de 2 m.	Приблизительные границы: для неизвестной геометрии используется куб со стороной 2 м.	Yaklaşık sınırlar: bilinmeyen geometri için 2 m kenarlı bir küp kullanılır.
Cancel export	Cancel export	取消导出	取消匯出	Export abbrechen	Annuler l'exportation	내보내기 취소	エクスポートをキャンセル	Cancelar exportación	Cancelar exportação	Отменить экспорт	Dışa aktarmayı iptal et
Cancel grounding	Cancel grounding	取消贴地	取消貼地	Bodenanpassung abbrechen	Annuler l'alignement au sol	지면 맞춤 취소	接地をキャンセル	Cancelar ajuste al suelo	Cancelar ajuste ao solo	Отменить выравнивание по земле	Zemine hizalamayı iptal et
Cancel overwrite	Cancel overwrite	取消覆盖	取消覆寫	Überschreiben abbrechen	Annuler le remplacement	덮어쓰기 취소	上書きをキャンセル	Cancelar sobrescritura	Cancelar substituição	Отменить перезапись	Üzerine yazmayı iptal et
Cancel placement	Cancel placement	取消放置	取消放置	Platzierung abbrechen	Annuler le placement	배치 취소	配置をキャンセル	Cancelar colocación	Cancelar posicionamento	Отменить размещение	Yerleştirmeyi iptal et
Cancellation cleanup pending	Cancellation cleanup pending	取消后的清理尚未完成	取消後的清理尚未完成	Bereinigung nach Abbruch ausstehend	Nettoyage après annulation en attente	취소 후 정리 대기 중	キャンセル後のクリーンアップ待ち	Limpieza tras cancelación pendiente	Limpeza após cancelamento pendente	Ожидается очистка после отмены	İptal sonrası temizleme bekliyor
Export Selection	Export Selection	导出选中项	匯出選取項目	Auswahl exportieren	Exporter la sélection	선택 항목 내보내기	選択範囲をエクスポート	Exportar selección	Exportar seleção	Экспортировать выбранное	Seçimi dışa aktar
Load / Append	Load / Append	加载 / 追加	載入 / 附加	Laden / Hinzufügen	Charger / Ajouter	불러오기 / 추가	読み込み / 追加	Cargar / Añadir	Carregar / Adicionar	Загрузить / Добавить	Yükle / Ekle
Mutation pending; read-only controls remain available.	Mutation pending; read-only controls remain available.	更改待处理；只读控件仍可使用。	變更待處理；唯讀控制項仍可使用。	Änderung ausstehend; schreibgeschützte Funktionen bleiben verfügbar.	Modification en attente ; les commandes en lecture seule restent disponibles.	변경 작업 대기 중입니다. 읽기 전용 기능은 계속 사용할 수 있습니다.	変更処理待ちです。読み取り専用の操作は引き続き利用できます。	Cambio pendiente; los controles de solo lectura siguen disponibles.	Alteração pendente; os controles somente de leitura continuam disponíveis.	Изменение ожидает выполнения; функции только для чтения доступны.	Değişiklik bekliyor; salt okunur kontroller kullanılabilir.
Overwrite project	Overwrite project	覆盖项目	覆寫專案	Projekt überschreiben	Remplacer le projet	프로젝트 덮어쓰기	プロジェクトを上書き	Sobrescribir proyecto	Substituir projeto	Перезаписать проект	Projenin üzerine yaz
Per-object	Per-object	逐个物体	個別物件	Pro Objekt	Par objet	오브젝트별	オブジェクトごと	Por objeto	Por objeto	По объектам	Nesne başına
Placed counts attachments before cancellation, not surviving objects.	Placed counts attachments before cancellation, not surviving objects.	放置数统计取消前的附加次数，而不是剩余物体数。	放置數統計取消前的附加次數，而非剩餘物件數。	Die Platzierungszahl zählt Anhänge vor dem Abbruch, nicht verbleibende Objekte.	Le nombre placé compte les rattachements avant annulation, pas les objets restants.	배치 수는 취소 전에 연결된 횟수이며, 남아 있는 오브젝트 수가 아닙니다.	配置数はキャンセル前の接続数であり、残存するオブジェクト数ではありません。	La cantidad colocada cuenta las incorporaciones antes de cancelar, no los objetos restantes.	A contagem de colocados indica anexações antes do cancelamento, não os objetos restantes.	Число размещений учитывает присоединения до отмены, а не оставшиеся объекты.	Yerleştirilen sayısı kalan nesneleri değil, iptalden önceki eklemeleri sayar.
Preflight	Preflight	预检	預先檢查	Vorprüfung	Vérification préalable	사전 검사	事前チェック	Comprobación previa	Verificação prévia	Предварительная проверка	Ön kontrol
Projects: projects/*.cdproj | Groups: groups/*.cdgroup	Projects: projects/*.cdproj | Groups: groups/*.cdgroup	项目：projects/*.cdproj | 组：groups/*.cdgroup	專案：projects/*.cdproj | 群組：groups/*.cdgroup	Projekte: projects/*.cdproj | Gruppen: groups/*.cdgroup	Projets : projects/*.cdproj | Groupes : groups/*.cdgroup	프로젝트: projects/*.cdproj | 그룹: groups/*.cdgroup	プロジェクト: projects/*.cdproj | グループ: groups/*.cdgroup	Proyectos: projects/*.cdproj | Grupos: groups/*.cdgroup	Projetos: projects/*.cdproj | Grupos: groups/*.cdgroup	Проекты: projects/*.cdproj | Группы: groups/*.cdgroup	Projeler: projects/*.cdproj | Gruplar: groups/*.cdgroup
Read	Read	读取	讀取	Lesen	Lire	읽기	読み取り	Leer	Ler	Прочитать	Oku
Refresh	Refresh	刷新	重新整理	Aktualisieren	Actualiser	새로 고침	更新	Actualizar	Atualizar	Обновить	Yenile
Rigid	Rigid	整体贴地	整體貼地	Starr	Solidaire	형태 유지	一体として	Rígido	Rígido	Как единое целое	Rijit
Save refused: this filename has surrounding spaces or tabs. Use Project Save with an unpadded name and approve any overwrite.	Save refused: this filename has surrounding spaces or tabs. Use Project Save with an unpadded name and approve any overwrite.	拒绝保存：文件名首尾含空格或制表符。请在项目中使用不含首尾空白的名称保存，并确认任何覆盖操作。	拒絕儲存：檔名首尾含空格或定位字元。請在專案中使用無首尾空白的名稱儲存，並確認任何覆寫操作。	Speichern verweigert: Der Dateiname beginnt oder endet mit Leerzeichen oder Tabulatoren. Im Projektbereich ohne diese Zeichen speichern und ein Überschreiben bestätigen.	Enregistrement refusé : le nom de fichier commence ou finit par des espaces ou tabulations. Enregistrez depuis Projet avec un nom sans ces caractères et confirmez tout remplacement.	저장 거부: 파일명 앞뒤에 공백이나 탭이 있습니다. 프로젝트 저장에서 앞뒤 공백이 없는 이름을 사용하고 덮어쓰기가 필요하면 승인하세요.	保存できません: ファイル名の前後に空白またはタブがあります。プロジェクトの保存で前後に空白のない名前を指定し、必要な上書きを承認してください。	Guardado rechazado: el nombre tiene espacios o tabulaciones al principio o al final. Guarda desde Proyecto con un nombre sin ellos y confirma cualquier sobrescritura.	Salvamento recusado: o nome contém espaços ou tabulações no início ou no fim. Salve em Projeto com um nome sem eles e confirme qualquer substituição.	Сохранение отклонено: в начале или конце имени есть пробелы или табуляции. Сохраните через раздел проекта с именем без них и подтвердите перезапись при необходимости.	Kayıt reddedildi: dosya adının başında veya sonunda boşluk ya da sekme var. Proje kaydında bunları içermeyen bir ad kullanın ve üzerine yazmayı onaylayın.
Start grounding	Start grounding	开始贴地	開始貼地	Bodenanpassung starten	Démarrer l'alignement au sol	지면 맞춤 시작	接地を開始	Iniciar ajuste al suelo	Iniciar ajuste ao solo	Начать выравнивание по земле	Zemine hizalamayı başlat
Write group	Write group	写入组	寫入群組	Gruppe schreiben	Écrire le groupe	그룹 파일 쓰기	グループを書き込み	Escribir grupo	Gravar grupo	Записать группу	Grubu yaz
included %d / excluded %d	included %d / excluded %d	包含 %d / 排除 %d	包含 %d / 排除 %d	enthalten %d / ausgeschlossen %d	inclus %d / exclus %d	포함 %d / 제외 %d	対象 %d / 除外 %d	incluidos %d / excluidos %d	incluídos %d / excluídos %d	включено %d / исключено %d	dahil %d / hariç %d
Pending	Pending	待处理	待處理	Ausstehend	En attente	대기 중	保留中	Pendiente	Pendente	Ожидает	Bekliyor
Final	Final	最终结果	最終結果	Endergebnis	Résultat final	최종 결과	最終結果	Resultado final	Resultado final	Итог	Sonuç
Attached	Attached	已附加	已附加	Angehängt	Rattaché	연결됨	接続済み	Adjuntado	Anexado	Присоединено	Eklendi
Excluded	Excluded	已排除	已排除	Ausgeschlossen	Exclu	제외됨	除外済み	Excluido	Excluído	Исключено	Hariç tutuldu
Failed	Failed	失败	失敗	Fehlgeschlagen	Échec	실패	失敗	Fallido	Falhou	Ошибка	Başarısız
Canceled	Canceled	已取消	已取消	Abgebrochen	Annulé	취소됨	キャンセル済み	Cancelado	Cancelado	Отменено	İptal edildi
group	group	组	群組	Gruppe	groupe	그룹	グループ	grupo	grupo	группа	grup
KEYS: camera	KEYS: camera	按键：相机	按鍵：攝影機	TASTEN: Kamera	TOUCHES : caméra	키: 카메라	キー: カメラ	TECLAS: cámara	TECLAS: câmera	КЛАВИШИ: камера	TUŞLAR: kamera
requested %d / attached %d / excluded %d / failed %d / canceled %d / pending %d	requested %d / attached %d / excluded %d / failed %d / canceled %d / pending %d	请求 %d / 已附加 %d / 已排除 %d / 失败 %d / 已取消 %d / 待处理 %d	請求 %d / 已附加 %d / 已排除 %d / 失敗 %d / 已取消 %d / 待處理 %d	angefordert %d / angehängt %d / ausgeschlossen %d / fehlgeschlagen %d / abgebrochen %d / ausstehend %d	demandés %d / rattachés %d / exclus %d / échecs %d / annulés %d / en attente %d	요청 %d / 연결 %d / 제외 %d / 실패 %d / 취소 %d / 대기 %d	要求 %d / 接続 %d / 除外 %d / 失敗 %d / キャンセル %d / 保留 %d	solicitados %d / adjuntados %d / excluidos %d / fallidos %d / cancelados %d / pendientes %d	solicitados %d / anexados %d / excluídos %d / falhas %d / cancelados %d / pendentes %d	запрошено %d / присоединено %d / исключено %d / ошибок %d / отменено %d / ожидает %d	istenen %d / eklenen %d / hariç tutulan %d / başarısız %d / iptal edilen %d / bekleyen %d
A file already exists at the destination. Nothing was overwritten.	A file already exists at the destination. Nothing was overwritten.	目标位置已有文件。未覆盖任何内容。	目的地已有檔案。未覆寫任何內容。	Am Ziel existiert bereits eine Datei. Nichts wurde überschrieben.	Un fichier existe déjà à destination. Rien n'a été remplacé.	대상 위치에 파일이 이미 있습니다. 아무것도 덮어쓰지 않았습니다.	移動先にファイルが既にあります。上書きは行われていません。	Ya existe un archivo en el destino. No se sobrescribió nada.	Já existe um arquivo no destino. Nada foi substituído.	В месте назначения уже есть файл. Ничего не перезаписано.	Hedefte zaten bir dosya var. Hiçbir şeyin üzerine yazılmadı.
Accepted	Accepted	已接受	已接受	Angenommen	Accepté	수락됨	受理済み	Aceptado	Aceito	Принято	Kabul edildi
Active	Active	未归档	未封存	Nicht archiviert	Non archivé	일반	未保管	Sin archivar	Não arquivado	Не в архиве	Arşivlenmemiş
Active: %zu projects / %zu groups	Active: %zu projects / %zu groups	未归档：%zu 个项目 / %zu 个组	未封存：%zu 個專案 / %zu 個群組	Nicht archiviert: %zu Projekte / %zu Gruppen	Non archivés : %zu projets / %zu groupes	일반: 프로젝트 %zu개 / 그룹 %zu개	未保管: プロジェクト %zu / グループ %zu	Sin archivar: %zu proyectos / %zu grupos	Não arquivados: %zu projetos / %zu grupos	Не в архиве: проектов %zu / групп %zu	Arşivlenmemiş: %zu proje / %zu grup
All kinds	All kinds	所有类型	所有類型	Alle Typen	Tous les types	모든 종류	すべての種類	Todos los tipos	Todos os tipos	Все типы	Tüm türler
All locations	All locations	所有位置	所有位置	Alle Speicherorte	Tous les emplacements	모든 위치	すべての場所	Todas las ubicaciones	Todos os locais	Все расположения	Tüm konumlar
Applying	Applying	应用中	套用中	Wird angewendet	Application en cours	적용 중	適用中	Aplicando	Aplicando	Применяется	Uygulanıyor
Archive	Archive	归档	封存	Archivieren	Archiver	보관	保管	Archivar	Arquivar	В архив	Arşivle
Archived	Archived	已归档	已封存	Archiviert	Archivé	보관됨	保管済み	Archivado	Arquivado	В архиве	Arşivlenmiş
Archived: %zu projects / %zu groups	Archived: %zu projects / %zu groups	已归档：%zu 个项目 / %zu 个组	已封存：%zu 個專案 / %zu 個群組	Archiviert: %zu Projekte / %zu Gruppen	Archivés : %zu projets / %zu groupes	보관: 프로젝트 %zu개 / 그룹 %zu개	保管済み: プロジェクト %zu / グループ %zu	Archivados: %zu proyectos / %zu grupos	Arquivados: %zu projetos / %zu grupos	В архиве: проектов %zu / групп %zu	Arşivlenmiş: %zu proje / %zu grup
At refresh: %zu visible / %zu hidden%s	At refresh: %zu visible / %zu hidden%s	刷新时：%zu 个可见 / %zu 个隐藏%s	重新整理時：%zu 個可見 / %zu 個隱藏%s	Bei Aktualisierung: %zu sichtbar / %zu verborgen%s	À l'actualisation : %zu visibles / %zu masqués%s	새로 고침 시: 표시 %zu개 / 숨김 %zu개%s	更新時: 表示 %zu / 非表示 %zu%s	Al actualizar: %zu visibles / %zu ocultos%s	Ao atualizar: %zu visíveis / %zu ocultos%s	При обновлении: видимых %zu / скрытых %zu%s	Yenilemede: %zu görünür / %zu gizli%s
Attached during request; not current survivors.	Attached during request; not current survivors.	请求期间的附加数，并非当前剩余物体数。	請求期間的附加數，並非目前剩餘物件數。	Während der Anfrage angehängt; nicht aktuell verbleibende Objekte.	Rattachés pendant la requête, pas les objets restants actuellement.	요청 중 연결된 수이며, 현재 남은 오브젝트 수가 아닙니다.	要求中の接続数です。現在残っているオブジェクト数ではありません。	Adjuntados durante la solicitud; no son los objetos restantes actuales.	Anexados durante a solicitação; não são os objetos restantes atuais.	Присоединено за время запроса, а не число оставшихся сейчас объектов.	İstek sırasında eklenenler; şu anda kalan nesneler değil.
Autoload update failed	Autoload update failed	自动加载更新失败	自動載入更新失敗	Autoload-Änderung fehlgeschlagen	Échec de mise à jour du chargement auto	자동 불러오기 변경 실패	自動読み込みの更新失敗	Error al actualizar la carga automática	Falha ao atualizar o carregamento automático	Не удалось изменить автозагрузку	Otomatik yükleme güncellenemedi
Autoload updated	Autoload updated	自动加载已更新	自動載入已更新	Autoload aktualisiert	Chargement auto mis à jour	자동 불러오기 변경됨	自動読み込みを更新しました	Carga automática actualizada	Carregamento automático atualizado	Автозагрузка обновлена	Otomatik yükleme güncellendi
Cancel file action	Cancel file action	取消文件操作	取消檔案操作	Dateiaktion abbrechen	Annuler l'action sur le fichier	파일 작업 취소	ファイル操作をキャンセル	Cancelar acción de archivo	Cancelar ação no arquivo	Отменить действие с файлом	Dosya işlemini iptal et
Carried	Carried	抓取中	抓取中	Wird getragen	En cours de déplacement	잡고 있음	保持中	En mano	Sendo carregado	В руках	Taşınıyor
Cleanup	Cleanup	清理中	清理中	Bereinigung	Nettoyage	정리 중	クリーンアップ中	Limpieza	Limpeza	Очистка	Temizleme
Completed reports / reports needing attention	Completed reports / reports needing attention	已完成报告 / 需注意的报告	已完成報告 / 需注意的報告	Abgeschlossene Berichte / Berichte mit Hinweisen	Rapports terminés / rapports à examiner	완료된 보고서 / 확인이 필요한 보고서	完了したレポート / 確認が必要なレポート	Informes completados / informes que requieren atención	Relatórios concluídos / relatórios que exigem atenção	Завершённые отчёты / отчёты, требующие внимания	Tamamlanan raporlar / dikkat gerektiren raporlar
Confirm permanent delete	Confirm permanent delete	确认永久删除	確認永久刪除	Endgültig löschen	Confirmer la suppression	영구 삭제 확인	完全削除を確定	Confirmar borrado definitivo	Confirmar exclusão definitiva	Подтвердить удаление навсегда	Kalıcı silmeyi onayla
Confirm permanent file deletion	Confirm permanent file deletion	确认永久删除文件	確認永久刪除檔案	Endgültiges Löschen bestätigen	Confirmer la suppression définitive du fichier	파일 영구 삭제 확인	ファイルの完全削除を確認	Confirmar eliminación definitiva del archivo	Confirmar exclusão definitiva do arquivo	Подтверждение удаления файла навсегда	Dosyanın kalıcı silinmesini onayla
Earlier reports	Earlier reports	以前的报告	先前的報告	Frühere Berichte	Rapports précédents	이전 보고서	以前のレポート	Informes anteriores	Relatórios anteriores	Предыдущие отчёты	Önceki raporlar
Export attempts	Export attempts	导出尝试	匯出嘗試	Exportversuche	Tentatives d'exportation	내보내기 시도	エクスポート試行	Intentos de exportación	Tentativas de exportação	Попытки экспорта	Dışa aktarma denemeleri
Export status	Export status	导出状态	匯出狀態	Exportstatus	État de l'exportation	내보내기 상태	エクスポート状態	Estado de exportación	Estado da exportação	Состояние экспорта	Dışa aktarma durumu
File action	File action	文件操作	檔案操作	Dateiaktion	Action sur le fichier	파일 작업	ファイル操作	Acción de archivo	Ação no arquivo	Действие с файлом	Dosya işlemi
File action completed. Scene objects and History were not changed.	File action completed. Scene objects and History were not changed.	文件操作已完成。场景物体和历史记录未改变。	檔案操作已完成。場景物件與歷史記錄未變更。	Dateiaktion abgeschlossen. Szenenobjekte und Verlauf wurden nicht verändert.	Action terminée. Les objets de la scène et l'historique n'ont pas été modifiés.	파일 작업을 완료했습니다. 장면 오브젝트와 기록은 변경하지 않았습니다.	ファイル操作が完了しました。シーンのオブジェクトと履歴は変更されていません。	Acción completada. Los objetos de la escena y el historial no cambiaron.	Ação concluída. Os objetos da cena e o histórico não foram alterados.	Действие с файлом завершено. Объекты сцены и история не изменены.	Dosya işlemi tamamlandı. Sahne nesneleri ve Geçmiş değiştirilmedi.
File action failed	File action failed	文件操作失败	檔案操作失敗	Dateiaktion fehlgeschlagen	Échec de l'action sur le fichier	파일 작업 실패	ファイル操作に失敗	Error en la acción de archivo	Falha na ação do arquivo	Действие с файлом не удалось	Dosya işlemi başarısız
File attempt details	File attempt details	文件操作尝试详情	檔案操作嘗試詳情	Details zu Dateiversuchen	Détails des tentatives sur fichiers	파일 작업 시도 상세	ファイル操作試行の詳細	Detalles de intentos de archivo	Detalhes das tentativas no arquivo	Подробности попыток работы с файлами	Dosya işlem denemesi ayrıntıları
Finish or cancel the pending operation before changing this file.	Finish or cancel the pending operation before changing this file.	更改此文件前，请完成或取消待处理的操作。	變更此檔案前，請完成或取消待處理的操作。	Vor dem Ändern dieser Datei den ausstehenden Vorgang abschließen oder abbrechen.	Terminez ou annulez l'opération en attente avant de modifier ce fichier.	대기 중인 작업을 완료하거나 취소한 뒤 이 파일을 변경하세요.	保留中の操作を完了またはキャンセルしてから、このファイルを変更してください。	Termina o cancela la operación pendiente antes de cambiar este archivo.	Conclua ou cancele a operação pendente antes de alterar este arquivo.	Завершите или отмените ожидающую операцию перед изменением этого файла.	Bu dosyayı değiştirmeden önce bekleyen işlemi tamamlayın veya iptal edin.
Grounding reports	Grounding reports	贴地报告	貼地報告	Bodenanpassungsberichte	Rapports d'alignement au sol	지면 맞춤 보고서	接地レポート	Informes de ajuste al suelo	Relatórios de ajuste ao solo	Отчёты о выравнивании по земле	Zemine hizalama raporları
Groups	Groups	组	群組	Gruppen	Groupes	그룹	グループ	Grupos	Grupos	Группы	Gruplar
Invalidated	Invalidated	已失效	已失效	Ungültig geworden	Invalidé	무효화됨	無効化済み	Invalidado	Invalidado	Признано недействительным	Geçersiz kılındı
Library refresh failed	Library refresh failed	文件库刷新失败	檔案庫重新整理失敗	Dateiliste konnte nicht aktualisiert werden	Échec de l'actualisation de la bibliothèque	저장 목록 새로 고침 실패	保存一覧の更新に失敗	Error al actualizar la biblioteca	Falha ao atualizar a biblioteca	Не удалось обновить библиотеку	Kitaplık yenilenemedi
Matches: %zu	Matches: %zu	匹配项：%zu	符合項目：%zu	Treffer: %zu	Résultats : %zu	검색 결과: %zu개	一致: %zu	Coincidencias: %zu	Resultados: %zu	Совпадений: %zu	Eşleşmeler: %zu
More file actions	More file actions	更多文件操作	更多檔案操作	Weitere Dateiaktionen	Autres actions sur le fichier	파일 작업 더 보기	その他のファイル操作	Más acciones de archivo	Mais ações no arquivo	Другие действия с файлом	Diğer dosya işlemleri
No matching saved files	No matching saved files	没有匹配的已保存文件	沒有符合的已儲存檔案	Keine passenden gespeicherten Dateien	Aucun fichier enregistré correspondant	조건에 맞는 저장 파일 없음	一致する保存ファイルはありません	No hay archivos guardados coincidentes	Nenhum arquivo salvo correspondente	Нет подходящих сохранённых файлов	Eşleşen kayıtlı dosya yok
Not applied	Not applied	未应用	未套用	Nicht angewendet	Non appliqué	적용 안 됨	未適用	No aplicado	Não aplicado	Не применено	Uygulanmadı
Permanent delete	Permanent delete	永久删除	永久刪除	Endgültig löschen	Supprimer définitivement	영구 삭제	完全削除	Eliminar definitivamente	Excluir definitivamente	Удалить навсегда	Kalıcı sil
Permanent file deletion cannot be recovered with Scene Undo. Scene objects and placed group copies will not be deleted.	Permanent file deletion cannot be recovered with Scene Undo. Scene objects and placed group copies will not be deleted.	永久删除的文件无法通过场景撤销恢复。场景物体和已放置的组副本不会被删除。	永久刪除的檔案無法透過場景復原功能還原。場景物件與已放置的群組副本不會被刪除。	Endgültig gelöschte Dateien lassen sich nicht per Szenen-Rückgängig wiederherstellen. Szenenobjekte und platzierte Gruppenkopien werden nicht gelöscht.	La suppression définitive d'un fichier ne peut pas être annulée via la scène. Les objets de la scène et les copies de groupes placées ne seront pas supprimés.	영구 삭제한 파일은 장면 실행 취소로 복구할 수 없습니다. 장면 오브젝트와 배치된 그룹 복사본은 삭제하지 않습니다.	完全削除したファイルはシーンの「元に戻す」では復元できません。シーンのオブジェクトと配置済みのグループのコピーは削除されません。	La eliminación definitiva de archivos no se revierte con Deshacer de la escena. Los objetos de la escena y las copias de grupos colocadas no se eliminarán.	A exclusão definitiva de arquivos não pode ser revertida com Desfazer da cena. Os objetos da cena e as cópias de grupos posicionadas não serão excluídos.	Удалённый навсегда файл нельзя восстановить отменой действий сцены. Объекты сцены и размещённые копии групп не будут удалены.	Kalıcı dosya silme, Sahne Geri Al ile geri alınamaz. Sahne nesneleri ve yerleştirilmiş grup kopyaları silinmez.
Placement reports	Placement reports	放置报告	放置報告	Platzierungsberichte	Rapports de placement	배치 보고서	配置レポート	Informes de colocación	Relatórios de posicionamento	Отчёты о размещении	Yerleştirme raporları
Probing	Probing	探测中	探測中	Wird geprüft	Sondage en cours	탐색 중	探索中	Sondeando	Sondando	Проверка поверхности	Yoklanıyor
Projects	Projects	项目	專案	Projekte	Projets	프로젝트	プロジェクト	Proyectos	Projetos	Проекты	Projeler
Purge	Purge	永久删除归档文件	永久刪除封存檔案	Archivdatei endgültig löschen	Supprimer l'archive définitivement	보관 파일 영구 삭제	保管ファイルを完全削除	Eliminar archivo definitivamente	Excluir arquivo definitivamente	Удалить из архива навсегда	Arşivden kalıcı sil
Queued	Queued	已排队	已排入佇列	Eingereiht	En file d'attente	대기열에 있음	キュー待ち	En cola	Na fila	В очереди	Kuyrukta
Read preview	Read preview	读取预览	讀取預覽	Lesevorschau	Aperçu de lecture	읽기 미리보기	読み取りプレビュー	Vista previa de lectura	Prévia de leitura	Предпросмотр файла	Okuma önizlemesi
Ready	Ready	就绪	就緒	Bereit	Prêt	준비됨	準備完了	Listo	Pronto	Готово	Hazır
Reconciled	Reconciled	已核对	已核對	Abgeglichen	Réconcilié	결과 반영됨	結果反映済み	Conciliado	Conciliado	Согласовано	Uzlaştırıldı
Removed after attachment	Removed after attachment	附加后已移除	附加後已移除	Nach dem Anhängen entfernt	Retiré après rattachement	연결 후 제거됨	接続後に削除済み	Eliminado tras adjuntar	Removido após anexar	Удалено после присоединения	Eklendikten sonra kaldırıldı
Restore	Restore	还原	還原	Wiederherstellen	Restaurer	복원	復元	Restaurar	Restaurar	Восстановить	Geri yükle
Saved library	Saved library	已保存文件库	已儲存檔案庫	Gespeicherte Dateien	Bibliothèque de fichiers	저장 파일 목록	保存ファイル一覧	Biblioteca de archivos	Biblioteca de arquivos	Сохранённые файлы	Kayıtlı dosya kitaplığı
Search saved files	Search saved files	搜索已保存文件	搜尋已儲存檔案	Gespeicherte Dateien suchen	Rechercher des fichiers enregistrés	저장 파일 검색	保存ファイルを検索	Buscar archivos guardados	Buscar arquivos salvos	Поиск сохранённых файлов	Kayıtlı dosyalarda ara
Settled	Settled	已完成处理	已完成處理	Abgeschlossen	Terminé	처리 완료	処理完了	Concluido	Concluído	Завершено	Tamamlandı
Showing the last complete library snapshot. Refresh to retry.	Showing the last complete library snapshot. Refresh to retry.	正在显示上次完整的文件库快照。请刷新以重试。	顯示上次完整的檔案庫快照。請重新整理以重試。	Der letzte vollständige Stand der Dateiliste wird angezeigt. Zum Wiederholen aktualisieren.	Le dernier état complet de la bibliothèque est affiché. Actualisez pour réessayer.	마지막으로 완성된 저장 목록을 표시합니다. 새로 고침으로 다시 시도하세요.	前回の完全な保存一覧を表示しています。更新して再試行してください。	Se muestra la última instantánea completa de la biblioteca. Actualiza para reintentar.	Exibindo o último estado completo da biblioteca. Atualize para tentar novamente.	Показан последний полный снимок библиотеки. Обновите, чтобы повторить попытку.	Kitaplığın son tam anlık görüntüsü gösteriliyor. Yeniden denemek için yenileyin.
The file action failed. Check file access, then refresh and try again.	The file action failed. Check file access, then refresh and try again.	文件操作失败。请检查文件访问权限，然后刷新并重试。	檔案操作失敗。請檢查檔案存取權限，然後重新整理並重試。	Dateiaktion fehlgeschlagen. Dateizugriff prüfen, dann aktualisieren und erneut versuchen.	L'action a échoué. Vérifiez l'accès au fichier, puis actualisez et réessayez.	파일 작업에 실패했습니다. 파일 접근 권한을 확인하고 새로 고침 후 다시 시도하세요.	ファイル操作に失敗しました。ファイルへのアクセスを確認し、更新して再試行してください。	La acción falló. Comprueba el acceso al archivo, actualiza e inténtalo de nuevo.	A ação falhou. Verifique o acesso ao arquivo, atualize e tente novamente.	Действие с файлом не удалось. Проверьте доступ к файлу, обновите список и повторите попытку.	Dosya işlemi başarısız oldu. Dosya erişimini kontrol edin, yenileyin ve tekrar deneyin.
The selected file changed. Cancel, refresh the library and select it again.	The selected file changed. Cancel, refresh the library and select it again.	所选文件已改变。请取消、刷新文件库并重新选择。	所選檔案已變更。請取消、重新整理檔案庫並重新選取。	Die ausgewählte Datei hat sich geändert. Abbrechen, Dateiliste aktualisieren und erneut auswählen.	Le fichier sélectionné a changé. Annulez, actualisez la bibliothèque et sélectionnez-le à nouveau.	선택한 파일이 변경되었습니다. 취소하고 저장 목록을 새로 고친 뒤 다시 선택하세요.	選択したファイルが変更されました。キャンセルし、保存一覧を更新して再選択してください。	El archivo seleccionado cambió. Cancela, actualiza la biblioteca y selecciónalo de nuevo.	O arquivo selecionado mudou. Cancele, atualize a biblioteca e selecione-o novamente.	Выбранный файл изменился. Отмените действие, обновите библиотеку и выберите файл снова.	Seçili dosya değişti. İptal edin, kitaplığı yenileyin ve dosyayı tekrar seçin.
This project is still in use by the scene, unsaved changes or History. No objects were removed.	This project is still in use by the scene, unsaved changes or History. No objects were removed.	场景、未保存的更改或历史记录仍在使用此项目。未移除任何物体。	場景、未儲存的變更或歷史記錄仍在使用此專案。未移除任何物件。	Dieses Projekt wird noch von der Szene, ungespeicherten Änderungen oder dem Verlauf verwendet. Keine Objekte wurden entfernt.	Ce projet est encore utilisé par la scène, des modifications non enregistrées ou l'historique. Aucun objet n'a été retiré.	장면, 저장하지 않은 변경 사항 또는 기록에서 이 프로젝트를 사용 중입니다. 오브젝트는 제거하지 않았습니다.	シーン、未保存の変更、または履歴がこのプロジェクトを使用中です。オブジェクトは削除されていません。	La escena, los cambios sin guardar o el historial aún usan este proyecto. No se eliminó ningún objeto.	A cena, as alterações não salvas ou o histórico ainda usam este projeto. Nenhum objeto foi removido.	Этот проект ещё используется сценой, несохранёнными изменениями или историей. Объекты не удалены.	Bu proje sahne, kaydedilmemiş değişiklikler veya Geçmiş tarafından hâlâ kullanılıyor. Hiçbir nesne kaldırılmadı.
Turn autoload OFF explicitly before changing this file.	Turn autoload OFF explicitly before changing this file.	更改此文件前，请手动关闭自动加载。	變更此檔案前，請手動關閉自動載入。	Autoload vor dem Ändern dieser Datei ausdrücklich ausschalten.	Désactivez explicitement le chargement auto avant de modifier ce fichier.	이 파일을 변경하려면 먼저 자동 불러오기를 직접 끄세요.	このファイルを変更する前に、自動読み込みを手動でオフにしてください。	Desactiva expresamente la carga automática antes de cambiar este archivo.	Desative explicitamente o carregamento automático antes de alterar este arquivo.	Перед изменением этого файла явно отключите автозагрузку.	Bu dosyayı değiştirmeden önce otomatik yüklemeyi elle KAPATIN.
Type the exact full filename, including its extension and letter case.	Type the exact full filename, including its extension and letter case.	请输入完整文件名，包含扩展名并区分大小写。	請輸入完整檔名，包含副檔名並區分大小寫。	Den vollständigen Dateinamen samt Erweiterung und exakter Groß-/Kleinschreibung eingeben.	Saisissez le nom complet exact du fichier, extension comprise, en respectant la casse.	확장자와 대소문자를 포함해 전체 파일명을 정확히 입력하세요.	拡張子と大文字・小文字を含め、完全なファイル名を正確に入力してください。	Escribe el nombre completo exacto, con extensión y respetando mayúsculas y minúsculas.	Digite o nome completo exato do arquivo, incluindo a extensão e respeitando maiúsculas e minúsculas.	Введите полное имя файла с расширением, точно соблюдая регистр букв.	Uzantısı ve büyük/küçük harfleri dahil tam dosya adını aynen yazın.
accepted	accepted	已接受	已接受	angenommen	acceptés	수락됨	受理済み	aceptados	aceitos	принято	kabul edildi
accepted %zu / not applied %zu / pending %zu	accepted %zu / not applied %zu / pending %zu	已接受 %zu / 未应用 %zu / 待处理 %zu	已接受 %zu / 未套用 %zu / 待處理 %zu	angenommen %zu / nicht angewendet %zu / ausstehend %zu	acceptés %zu / non appliqués %zu / en attente %zu	수락 %zu / 미적용 %zu / 대기 %zu	受理 %zu / 未適用 %zu / 保留 %zu	aceptados %zu / no aplicados %zu / pendientes %zu	aceitos %zu / não aplicados %zu / pendentes %zu	принято %zu / не применено %zu / ожидает %zu	kabul edilen %zu / uygulanmayan %zu / bekleyen %zu
attached	attached	已附加	已附加	angehängt	rattachés	연결됨	接続済み	adjuntados	anexados	присоединено	eklendi
overwrite-approval-changed	overwrite-approval-changed	覆盖批准已更改	覆寫核准已變更	Überschreibfreigabe geändert	Autorisation de remplacement modifiée	덮어쓰기 승인 변경됨	上書きの承認が変更されました	Cambió la autorización de sobrescritura	Autorização de substituição alterada	Разрешение на перезапись изменилось	Üzerine yazma onayı değişti
preflight-changed	preflight-changed	预检条件已改变，请重新检查	預先檢查條件已變更，請重新檢查	Vorprüfbedingungen geändert; erneut prüfen	Conditions modifiées ; relancez la vérification	사전 검사 조건 변경됨; 다시 검사하세요	事前チェック条件が変更されました。再チェックしてください	Condiciones modificadas; repite la comprobación	Condições alteradas; repita a verificação	Условия изменились; повторите проверку	Ön kontrol koşulları değişti; yeniden kontrol edin
preflight-ready	preflight-ready	预检完成，可以写入	預先檢查完成，可以寫入	Vorprüfung bestanden; bereit zum Schreiben	Vérification terminée ; prêt à écrire	사전 검사 완료; 쓰기 준비됨	事前チェック完了。書き込み可能	Comprobación lista; se puede escribir	Verificação concluída; pronto para gravar	Проверка пройдена; можно записывать	Ön kontrol tamamlandı; yazmaya hazır
written	written	已写入	已寫入	Geschrieben	Écrit	파일 쓰기 완료	書き込み済み	escrito	gravado	записано	yazıldı
Terrain strokes at refresh: %zu	Terrain strokes at refresh: %zu	刷新时的地形笔画：%zu	重新整理時的地形筆畫：%zu	Geländestriche beim Aktualisieren: %zu	Tracés de terrain à l’actualisation : %zu	새로 고침 시 지형 획: %zu	更新時の地形ストローク：%zu	Trazos de terreno al actualizar: %zu	Traços de terreno na atualização: %zu	Штрихи рельефа при обновлении: %zu	Yenileme sırasındaki arazi fırça darbeleri: %zu
Terrain strokes in file: %zu	Terrain strokes in file: %zu	文件中的地形笔画：%zu	檔案中的地形筆畫：%zu	Geländestriche in der Datei: %zu	Tracés de terrain dans le fichier : %zu	파일의 지형 획: %zu	ファイル内の地形ストローク：%zu	Trazos de terreno en el archivo: %zu	Traços de terreno no arquivo: %zu	Штрихи рельефа в файле: %zu	Dosyadaki arazi fırça darbeleri: %zu
only the new objects (%d) and terrain strokes (%d)	only the new objects (%d) and terrain strokes (%d)	仅新增物体（%d）和地形笔画（%d）	僅新增物件（%d）和地形筆畫（%d）	Nur neue Objekte (%d) und Geländestriche (%d)	Uniquement les nouveaux objets (%d) et les tracés de terrain (%d)	새 오브젝트(%d)와 지형 획(%d)만	新しいオブジェクト（%d）と地形ストローク（%d）のみ	Solo objetos nuevos (%d) y trazos de terreno (%d)	Somente objetos novos (%d) e traços de terreno (%d)	Только новые объекты (%d) и штрихи рельефа (%d)	Yalnızca yeni nesneler (%d) ve arazi fırça darbeleri (%d)
Emptying or replacing the scene also removes its terrain strokes.	Emptying or replacing the scene also removes its terrain strokes.	清空或替换场景也会移除其中的地形笔画。	清空或取代場景也會移除其中的地形筆畫。	Beim Leeren oder Ersetzen der Szene werden auch ihre Geländestriche entfernt.	Vider ou remplacer la scène supprime aussi ses tracés de terrain.	장면을 비우거나 교체하면 지형 획도 제거됩니다.	シーンを空にするか置き換えると、地形ストロークも削除されます。	Vaciar o reemplazar la escena también elimina sus trazos de terreno.	Esvaziar ou substituir a cena também remove seus traços de terreno.	Очистка или замена сцены также удаляет её штрихи рельефа.	Sahneyi boşaltmak veya değiştirmek arazi fırça darbelerini de kaldırır.
Bounds	Bounds	边界	邊界	Begrenzung	Limites	경계	境界	Límites	Limites	Границы	Sınırlar
Hidden objects: %zu / hidden NPCs: %zu	Hidden objects: %zu / hidden NPCs: %zu	隐藏物体：%zu / 隐藏 NPC：%zu	隱藏物件：%zu / 隱藏 NPC：%zu	Versteckte Objekte: %zu / versteckte NPCs: %zu	Objets masqués : %zu / PNJ masqués : %zu	숨긴 오브젝트: %zu개 / 숨긴 NPC: %zu명	非表示のオブジェクト: %zu個 / 非表示のNPC: %zu体	Objetos ocultos: %zu / NPC ocultos: %zu	Objetos ocultos: %zu / NPCs ocultos: %zu	Скрытых объектов: %zu / скрытых NPC: %zu	Gizli nesneler: %zu / gizli NPC: %zu
Pending objects: %zu / pending NPCs: %zu	Pending objects: %zu / pending NPCs: %zu	待处理物体：%zu / 待处理 NPC：%zu	待處理物件：%zu / 待處理 NPC：%zu	Ausstehende Objekte: %zu / ausstehende NPCs: %zu	Objets en attente : %zu / PNJ en attente : %zu	대기 중인 오브젝트: %zu개 / 대기 중인 NPC: %zu명	処理待ちのオブジェクト: %zu個 / 処理待ちのNPC: %zu体	Objetos pendientes: %zu / NPC pendientes: %zu	Objetos pendentes: %zu / NPCs pendentes: %zu	Ожидающих объектов: %zu / ожидающих NPC: %zu	Bekleyen nesneler: %zu / bekleyen NPC: %zu
Blueprints	Blueprints	蓝图	藍圖	Baupläne	Plans	설계도	設計図	Planos	Esquemas	Чертежи	Taslaklar
Blueprint library	Blueprint library	蓝图库	藍圖庫	Bauplanbibliothek	Bibliothèque de plans	설계도 라이브러리	設計図ライブラリ	Biblioteca de planos	Biblioteca de esquemas	Библиотека чертежей	Taslak kitaplığı
Project library	Project library	项目库	專案庫	Projektbibliothek	Bibliothèque de projets	프로젝트 라이브러리	プロジェクトライブラリ	Biblioteca de proyectos	Biblioteca de projetos	Библиотека проектов	Proje kitaplığı
Auto-save	Auto-save	自动保存	自動儲存	Automatisches Speichern	Enregistrement automatique	자동 저장	自動保存	Guardado automático	Salvamento automático	Автосохранение	Otomatik kaydetme
ON	ON	开启	開啟	EIN	ACTIVÉ	켜짐	オン	ACTIVADO	ATIVADO	ВКЛ.	AÇIK
OFF	OFF	关闭	關閉	AUS	DÉSACTIVÉ	꺼짐	オフ	DESACTIVADO	DESATIVADO	ВЫКЛ.	KAPALI
Grounding operations	Grounding operations	地面贴合操作	地面貼合操作	Bodenanpassung	Ajustement au sol	지면 맞춤 작업	地面合わせ操作	Ajustes al suelo	Ajustes ao terreno	Привязка к земле	Zemine hizalama işlemleri
Import blueprint	Import blueprint	导入蓝图	匯入藍圖	Bauplan importieren	Importer un plan	설계도 가져오기	設計図をインポート	Importar plano	Importar esquema	Импортировать чертёж	Taslak içe aktar
Write blueprint	Write blueprint	保存蓝图	儲存藍圖	Bauplan speichern	Enregistrer le plan	설계도 저장	設計図を保存	Guardar plano	Salvar esquema	Сохранить чертёж	Taslağı kaydet
Blueprint name	Blueprint name	蓝图名称	藍圖名稱	Bauplanname	Nom du plan	설계도 이름	設計図名	Nombre del plano	Nome do esquema	Название чертежа	Taslak adı
Open blueprint folder	Open blueprint folder	打开蓝图文件夹	開啟藍圖資料夾	Bauplanordner öffnen	Ouvrir le dossier des plans	설계도 폴더 열기	設計図フォルダーを開く	Abrir carpeta de planos	Abrir pasta de esquemas	Открыть папку чертежей	Taslak klasörünü aç
No history yet. Place or edit something to see it here.	No history yet. Place or edit something to see it here.	暂无历史记录。放置或编辑内容后，操作会显示在这里。	尚無歷史記錄。放置或編輯內容後，操作會顯示在這裡。	Noch kein Verlauf. Platziere oder bearbeite etwas, damit es hier erscheint.	Aucun historique. Placez ou modifiez un élément pour le voir ici.	아직 기록이 없습니다. 항목을 배치하거나 편집하면 여기에 표시됩니다.	履歴はまだありません。配置または編集すると、ここに表示されます。	Aún no hay historial. Coloca o edita algo para verlo aquí.	Ainda não há histórico. Posicione ou edite algo para vê-lo aqui.	История пока пуста. Разместите или измените объект, чтобы он появился здесь.	Henüz geçmiş yok. Burada görmek için bir öğe yerleştirin veya düzenleyin.
No characters match the current search and category.	No characters match the current search and category.	当前搜索和类别下没有符合条件的角色。	目前搜尋與類別中沒有符合條件的角色。	Keine Charaktere entsprechen der Suche und Kategorie.	Aucun personnage ne correspond à la recherche et à la catégorie.	현재 검색어와 분류에 맞는 캐릭터가 없습니다.	現在の検索条件とカテゴリに一致するキャラクターはありません。	Ningún personaje coincide con la búsqueda y la categoría.	Nenhum personagem corresponde à busca e à categoria.	По текущему запросу и категории персонажи не найдены.	Geçerli arama ve kategoriyle eşleşen karakter yok.
Select an object or NPC to inspect it. Ctrl-click adds, Shift-click selects a range.	Select an object or NPC to inspect it. Ctrl-click adds, Shift-click selects a range.	选择物体或 NPC 以查看属性。Ctrl 单击可添加选择，Shift 单击可选择范围。	選取物件或 NPC 以檢視屬性。Ctrl 點擊可新增選取，Shift 點擊可選取範圍。	Wähle ein Objekt oder einen NPC aus, um Details zu sehen. Strg-Klick fügt hinzu, Umschalt-Klick wählt einen Bereich.	Sélectionnez un objet ou un PNJ pour l'inspecter. Ctrl-clic ajoute à la sélection, Maj-clic sélectionne une plage.	자세히 볼 물체나 NPC를 선택하세요. Ctrl+클릭은 선택에 추가하고 Shift+클릭은 범위를 선택합니다.	詳細を表示するにはオブジェクトかNPCを選択してください。Ctrl+クリックで追加、Shift+クリックで範囲選択します。	Selecciona un objeto o PNJ para inspeccionarlo. Ctrl+clic añade a la selección; Mayús+clic selecciona un rango.	Selecione um objeto ou NPC para inspecioná-lo. Ctrl+clique adiciona à seleção; Shift+clique seleciona um intervalo.	Выберите объект или NPC для просмотра. Ctrl+щелчок добавляет к выделению, Shift+щелчок выделяет диапазон.	İncelemek için bir nesne veya NPC seçin. Ctrl+tıklama seçime ekler, Shift+tıklama bir aralık seçer.
Blueprint file	Blueprint file	蓝图文件	藍圖檔案	Bauplandatei	Fichier de plan	설계도 파일	設計図ファイル	Archivo de plano	Arquivo de esquema	Файл чертежа	Taslak dosyası
Blueprints are reusable object groups. They are stored separately from projects and do not load into the scene until placed.	Blueprints are reusable object groups. They are stored separately from projects and do not load into the scene until placed.	蓝图是可重复使用的物体组，与项目分开存放；放置后才会进入场景。	藍圖是可重複使用的物件組，與專案分開存放；放置後才會進入場景。	Baupläne sind wiederverwendbare Objektgruppen. Sie werden getrennt von Projekten gespeichert und erst beim Platzieren in die Szene geladen.	Les plans sont des groupes d'objets réutilisables. Ils sont enregistrés séparément des projets et ne sont chargés dans la scène qu'une fois placés.	설계도는 재사용할 수 있는 물체 그룹입니다. 프로젝트와 별도로 저장되며 배치하기 전에는 장면에 불러오지 않습니다.	設計図は再利用できるオブジェクトのグループです。プロジェクトとは別に保存され、配置するまでシーンには読み込まれません。	Los planos son grupos de objetos reutilizables. Se guardan aparte de los proyectos y no se cargan en la escena hasta que se colocan.	Os esquemas são grupos de objetos reutilizáveis. Eles são salvos separadamente dos projetos e só são carregados na cena quando posicionados.	Чертежи — это повторно используемые группы объектов. Они хранятся отдельно от проектов и загружаются в сцену только при размещении.	Taslaklar yeniden kullanılabilir nesne gruplarıdır. Projelerden ayrı saklanır ve yerleştirilene kadar sahneye yüklenmez.
%zu active / %zu archived / %zu shown	%zu active / %zu archived / %zu shown	%zu 个活动文件 / %zu 个归档文件 / 显示 %zu 个	%zu 個啟用檔案 / %zu 個封存檔案 / 顯示 %zu 個	%zu aktiv / %zu archiviert / %zu angezeigt	%zu actifs / %zu archivés / %zu affichés	활성 %zu개 / 보관 %zu개 / 표시 %zu개	有効 %zu 件 / アーカイブ %zu 件 / 表示 %zu 件	%zu activos / %zu archivados / %zu mostrados	%zu ativos / %zu arquivados / %zu exibidos	Активных: %zu / в архиве: %zu / показано: %zu	Etkin: %zu / arşivlenmiş: %zu / gösterilen: %zu
Read preview: %zu objects, %zu NPCs, %zu terrain strokes	Read preview: %zu objects, %zu NPCs, %zu terrain strokes	读取预览：%zu 个物体、%zu 个 NPC、%zu 条地形笔画	讀取預覽：%zu 個物件、%zu 個 NPC、%zu 條地形筆畫	Einlesevorschau: %zu Objekte, %zu NPCs, %zu Geländestriche	Aperçu de lecture : %zu objets, %zu PNJ, %zu coups de pinceau de terrain	읽기 미리보기: 물체 %zu개, NPC %zu명, 지형 붓질 %zu개	読み込みプレビュー: オブジェクト %zu 個、NPC %zu 体、地形ストローク %zu 件	Vista previa: %zu objetos, %zu PNJ, %zu trazos de terreno	Prévia da leitura: %zu objetos, %zu NPCs, %zu pinceladas no terreno	Предпросмотр: объектов %zu, NPC %zu, штрихов рельефа %zu	Okuma önizlemesi: %zu nesne, %zu NPC, %zu arazi fırça darbesi
%d live | %d unassigned	%d live | %d unassigned	场景中有 %d 项 | 未分配 %d 项	場景中有 %d 項 | 未分配 %d 項	%d in der Szene | %d nicht zugewiesen	%d dans la scène | %d non attribués	장면 내 %d개 | 미할당 %d개	シーン内 %d 件 | 未割り当て %d 件	%d en escena | %d sin asignar	%d na cena | %d não atribuídos	В сцене: %d | не назначено: %d	Sahnede %d | atanmamış %d
Export selection as blueprint	Export selection as blueprint	将所选内容导出为蓝图	將所選內容匯出為藍圖	Auswahl als Bauplan exportieren	Exporter la sélection comme plan	선택 항목을 설계도로 내보내기	選択項目を設計図としてエクスポート	Exportar selección como plano	Exportar seleção como esquema	Экспортировать выделенное как чертёж	Seçimi taslak olarak dışa aktar
Hidden objects: %zu / hidden NPCs: %zu / pending: %zu	Hidden objects: %zu / hidden NPCs: %zu / pending: %zu	隐藏物体：%zu / 隐藏 NPC：%zu / 待处理：%zu	隱藏物件：%zu / 隱藏 NPC：%zu / 待處理：%zu	Verborgene Objekte: %zu / verborgene NPCs: %zu / ausstehend: %zu	Objets masqués : %zu / PNJ masqués : %zu / en attente : %zu	숨긴 물체: %zu개 / 숨긴 NPC: %zu명 / 대기 중: %zu개	非表示オブジェクト: %zu 個 / 非表示NPC: %zu 体 / 保留中: %zu 件	Objetos ocultos: %zu / PNJ ocultos: %zu / pendientes: %zu	Objetos ocultos: %zu / NPCs ocultos: %zu / pendentes: %zu	Скрытых объектов: %zu / скрытых NPC: %zu / в ожидании: %zu	Gizli nesneler: %zu / gizli NPC'ler: %zu / bekleyen: %zu
Objects: %d | NPCs: %d | terrain strokes: %d | pending spawns: %d	Objects: %d | NPCs: %d | terrain strokes: %d | pending spawns: %d	物体：%d | NPC：%d | 地形笔画：%d | 待生成：%d	物件：%d | NPC：%d | 地形筆畫：%d | 待生成：%d	Objekte: %d | NPCs: %d | Geländestriche: %d | ausstehende Erzeugungen: %d	Objets : %d | PNJ : %d | coups de pinceau de terrain : %d | apparitions en attente : %d	물체: %d | NPC: %d | 지형 붓질: %d | 생성 대기: %d	オブジェクト: %d | NPC: %d | 地形ストローク: %d | 生成待ち: %d	Objetos: %d | PNJ: %d | trazos de terreno: %d | apariciones pendientes: %d	Objetos: %d | NPCs: %d | pinceladas no terreno: %d | gerações pendentes: %d	Объекты: %d | NPC: %d | штрихи рельефа: %d | ожидают создания: %d	Nesneler: %d | NPC'ler: %d | arazi fırça darbeleri: %d | bekleyen oluşturmalar: %d
Only changes to already saved projects are auto-saved. Unassigned entities remain separate until you save them.	Only changes to already saved projects are auto-saved. Unassigned entities remain separate until you save them.	仅自动保存到已保存的项目中；未分配的实体会单独保留，直到你保存它们。	僅自動儲存至已儲存的專案；未指派的實體會分開保留，直到你儲存它們。	Nur Änderungen an bereits gespeicherten Projekten werden automatisch gespeichert. Nicht zugewiesene Elemente bleiben getrennt, bis du sie speicherst.	Seules les modifications des projets déjà enregistrés sont sauvegardées automatiquement. Les éléments non attribués restent séparés jusqu'à leur enregistrement.	이미 저장된 프로젝트의 변경 사항만 자동 저장됩니다. 미할당 항목은 저장할 때까지 별도로 유지됩니다.	自動保存されるのは保存済みプロジェクトの変更だけです。未割り当ての項目は保存するまで別に保持されます。	Solo se guardan automáticamente los cambios de proyectos ya guardados. Las entidades sin asignar permanecen separadas hasta que las guardes.	Apenas alterações em projetos já salvos são salvas automaticamente. As entidades não atribuídas ficam separadas até você salvá-las.	Автоматически сохраняются только изменения уже сохранённых проектов. Неназначенные элементы остаются отдельно до сохранения.	Yalnızca önceden kaydedilmiş projelerdeki değişiklikler otomatik kaydedilir. Atanmamış öğeler siz kaydedene kadar ayrı kalır.
Select an object or NPC to edit it.	Select an object or NPC to edit it.	选择物体或 NPC 以编辑。	選取物件或 NPC 以編輯。	Wähle ein Objekt oder einen NPC zum Bearbeiten aus.	Sélectionnez un objet ou un PNJ à modifier.	편집할 물체나 NPC를 선택하세요.	編集するオブジェクトかNPCを選択してください。	Selecciona un objeto o PNJ para editarlo.	Selecione um objeto ou NPC para editá-lo.	Выберите объект или NPC для изменения.	Düzenlemek için bir nesne veya NPC seçin.
blueprint import failed	blueprint import failed	蓝图导入失败	藍圖匯入失敗	Bauplanimport fehlgeschlagen	Échec de l'importation du plan	설계도 가져오기 실패	設計図のインポートに失敗しました	Error al importar el plano	Falha ao importar o esquema	Не удалось импортировать чертёж	Taslak içe aktarılamadı
No terrain strokes yet. Enable the brush and paint on the ground.	No terrain strokes yet. Enable the brush and paint on the ground.	尚无地形笔画。启用笔刷并在地面上绘制。	尚無地形筆畫。啟用筆刷並在地面上繪製。	Noch keine Geländestriche. Aktiviere den Pinsel und male auf den Boden.	Aucun coup de pinceau sur le terrain. Activez le pinceau et peignez le sol.	아직 지형 붓질이 없습니다. 브러시를 켜고 지면에 칠하세요.	地形ストロークはまだありません。ブラシを有効にして地面に描いてください。	Aún no hay trazos de terreno. Activa el pincel y pinta sobre el suelo.	Ainda não há pinceladas no terreno. Ative o pincel e pinte o chão.	Штрихов рельефа пока нет. Включите кисть и рисуйте по земле.	Henüz arazi fırça darbesi yok. Fırçayı etkinleştirip zemine boyayın.
No diagnostic messages yet.	No diagnostic messages yet.	暂无诊断消息。	尚無診斷訊息。	Noch keine Diagnosemeldungen.	Aucun message de diagnostic pour le moment.	아직 진단 메시지가 없습니다.	診断メッセージはまだありません。	Aún no hay mensajes de diagnóstico.	Ainda não há mensagens de diagnóstico.	Диагностических сообщений пока нет.	Henüz tanılama iletisi yok.
No scene entries in this view.	No scene entries in this view.	当前视图没有场景项目。	目前檢視沒有場景項目。	Keine Szeneneinträge in dieser Ansicht.	Aucun élément de scène dans cette vue.	이 보기에는 장면 항목이 없습니다.	この表示にはシーン項目がありません。	No hay elementos de escena en esta vista.	Não há itens da cena nesta visualização.	В этом представлении нет элементов сцены.	Bu görünümde sahne öğesi yok.
Terrain tile %d, %d	Terrain tile %d, %d	地形区块 %d，%d	地形區塊 %d，%d	Geländekachel %d, %d	Tuile de terrain %d, %d	지형 타일 %d, %d	地形タイル %d, %d	Celda de terreno %d, %d	Bloco de terreno %d, %d	Участок рельефа %d, %d	Arazi karosu %d, %d
Remove terrain tile	Remove terrain tile	移除该地形区块	移除該地形區塊	Geländekachel entfernen	Supprimer la tuile de terrain	지형 타일 제거	地形タイルを削除	Eliminar celda de terreno	Remover bloco de terreno	Удалить участок рельефа	Arazi karosunu kaldır
%s | %d strokes	%s | %d strokes	%s | %d 笔修改	%s | %d 筆修改	%s | %d Geländestriche	%s | %d coups de pinceau	%s | 붓질 %d개	%s | ストローク %d 件	%s | %d trazos	%s | %d pinceladas	%s | штрихов: %d	%s | %d fırça darbesi
Unassigned	Unassigned	未分配	未指派	Nicht zugewiesen	Non attribué	미할당	未割り当て	Sin asignar	Não atribuído	Не назначено	Atanmamış
No error	No error	没有错误	沒有錯誤	Kein Fehler	Aucune erreur	오류 없음	エラーなし	Sin errores	Sem erros	Нет ошибки	Hata yok
Invalid file name	Invalid file name	文件名无效	檔案名稱無效	Ungültiger Dateiname	Nom de fichier invalide	잘못된 파일 이름	無効なファイル名	Nombre de archivo inválido	Nome de arquivo inválido	Недопустимое имя файла	Geçersiz dosya adı
Action unavailable	Action unavailable	操作不可用	操作無法使用	Aktion nicht verfügbar	Action indisponible	사용할 수 없는 작업	操作できません	Acción no disponible	Ação indisponível	Действие недоступно	İşlem kullanılamıyor
File not found	File not found	找不到文件	找不到檔案	Datei nicht gefunden	Fichier introuvable	파일을 찾을 수 없음	ファイルが見つかりません	Archivo no encontrado	Arquivo não encontrado	Файл не найден	Dosya bulunamadı
File changed; refresh the list	File changed; refresh the list	文件已变化；请刷新列表	檔案已變更；請重新整理清單	Datei geändert; Liste aktualisieren	Fichier modifié ; actualisez la liste	파일이 변경됨; 목록을 새로 고치세요	ファイルが変更されました。一覧を更新してください	Archivo modificado; actualiza la lista	Arquivo alterado; atualize a lista	Файл изменён; обновите список	Dosya değişti; listeyi yenileyin
Confirmation does not match	Confirmation does not match	确认内容不匹配	確認內容不相符	Bestätigung stimmt nicht überein	La confirmation ne correspond pas	확인 내용이 일치하지 않음	確認内容が一致しません	La confirmación no coincide	A confirmação não corresponde	Подтверждение не совпадает	Onay eşleşmiyor
Operation guard expired	Operation guard expired	操作保护已失效	操作保護已失效	Vorgangsschutz abgelaufen	Protection de l’opération expirée	작업 보호가 만료됨	操作の保護が期限切れです	Protección de la operación caducada	Proteção da operação expirada	Защита операции истекла	İşlem korumasının süresi doldu
Selection changed; try again	Selection changed; try again	选择已变化；请重试	選取項目已變更；請重試	Auswahl geändert; erneut versuchen	Sélection modifiée ; réessayez	선택 항목이 변경됨; 다시 시도하세요	選択が変更されました。再試行してください	Selección modificada; inténtalo de nuevo	Seleção alterada; tente novamente	Выбор изменён; повторите попытку	Seçim değişti; tekrar deneyin
File has visible scene entries	File has visible scene entries	文件仍有可见场景项目	檔案仍有可見場景項目	Datei hat sichtbare Szeneneinträge	Le fichier a des éléments visibles dans la scène	파일에 보이는 장면 항목이 있음	ファイルに表示中のシーン項目があります	El archivo tiene elementos visibles en la escena	O arquivo tem itens visíveis na cena	В файле есть видимые элементы сцены	Dosyanın görünür sahne öğeleri var
File has hidden scene entries	File has hidden scene entries	文件仍有隐藏场景项目	檔案仍有隱藏場景項目	Datei hat ausgeblendete Szeneneinträge	Le fichier a des éléments masqués dans la scène	파일에 숨긴 장면 항목이 있음	ファイルに非表示のシーン項目があります	El archivo tiene elementos ocultos en la escena	O arquivo tem itens ocultos na cena	В файле есть скрытые элементы сцены	Dosyanın gizli sahne öğeleri var
File is used by Undo history	File is used by Undo history	撤销历史仍引用该文件	復原歷史仍參照此檔案	Datei wird vom Rückgängig-Verlauf genutzt	Le fichier est utilisé par l’historique d’annulation	실행 취소 기록에서 파일을 사용 중	元に戻す履歴がこのファイルを使用しています	El historial de deshacer usa el archivo	O histórico de desfazer usa o arquivo	Файл используется историей отмены	Geri alma geçmişi dosyayı kullanıyor
File is used by Redo history	File is used by Redo history	重做历史仍引用该文件	重做歷史仍參照此檔案	Datei wird vom Wiederholen-Verlauf genutzt	Le fichier est utilisé par l’historique de rétablissement	다시 실행 기록에서 파일을 사용 중	やり直し履歴がこのファイルを使用しています	El historial de rehacer usa el archivo	O histórico de refazer usa o arquivo	Файл используется историей повтора	Yineleme geçmişi dosyayı kullanıyor
Project has unsaved changes	Project has unsaved changes	项目有未保存的修改	專案有尚未儲存的修改	Projekt hat ungespeicherte Änderungen	Le projet contient des modifications non enregistrées	프로젝트에 저장하지 않은 변경 사항이 있음	プロジェクトに未保存の変更があります	El proyecto tiene cambios sin guardar	O projeto tem alterações não salvas	В проекте есть несохранённые изменения	Projede kaydedilmemiş değişiklikler var
Operation still in progress	Operation still in progress	操作仍在进行中	操作仍在進行中	Vorgang läuft noch	Opération en cours	작업이 진행 중	操作が進行中です	Operación en curso	Operação em andamento	Операция ещё выполняется	İşlem sürüyor
Blueprint export in progress	Blueprint export in progress	蓝图导出进行中	藍圖匯出進行中	Blaupausenexport läuft	Export du plan en cours	블루프린트 내보내기 진행 중	ブループリントをエクスポート中	Exportación del plano en curso	Exportação do blueprint em andamento	Экспорт чертежа выполняется	Plan dışa aktarımı sürüyor
Blueprint placement in progress	Blueprint placement in progress	蓝图放置进行中	藍圖放置進行中	Blaupausenplatzierung läuft	Placement du plan en cours	블루프린트 배치 진행 중	ブループリントを配置中	Colocación del plano en curso	Posicionamento do blueprint em andamento	Размещение чертежа выполняется	Plan yerleştirme sürüyor
Disable auto-load first	Disable auto-load first	请先关闭自动加载	請先關閉自動載入	Automatisches Laden zuerst deaktivieren	Désactivez d’abord le chargement automatique	먼저 자동 불러오기를 끄세요	先に自動読み込みを無効にしてください	Desactiva primero la carga automática	Desative primeiro o carregamento automático	Сначала отключите автозагрузку	Önce otomatik yüklemeyi kapatın
Could not read auto-load settings	Could not read auto-load settings	无法读取自动加载设置	無法讀取自動載入設定	Auto-Ladeeinstellungen nicht lesbar	Impossible de lire les réglages de chargement automatique	자동 불러오기 설정을 읽을 수 없음	自動読み込み設定を読めません	No se pudo leer la carga automática	Não foi possível ler a carga automática	Не удалось прочитать настройки автозагрузки	Otomatik yükleme ayarları okunamadı
File name already exists	File name already exists	文件名已存在	檔案名稱已存在	Dateiname existiert bereits	Le nom du fichier existe déjà	파일 이름이 이미 있음	ファイル名は既に存在します	El nombre de archivo ya existe	O nome do arquivo já existe	Имя файла уже существует	Dosya adı zaten var
File path is not allowed	File path is not allowed	文件路径不允许使用	檔案路徑不允許使用	Dateipfad nicht zulässig	Chemin de fichier interdit	허용되지 않는 파일 경로	許可されていないファイルパスです	Ruta de archivo no permitida	Caminho de arquivo não permitido	Путь к файлу не разрешён	Dosya yoluna izin verilmiyor
Could not read file	Could not read file	无法读取文件	無法讀取檔案	Datei konnte nicht gelesen werden	Impossible de lire le fichier	파일을 읽을 수 없음	ファイルを読めません	No se pudo leer el archivo	Não foi possível ler o arquivo	Не удалось прочитать файл	Dosya okunamadı
Could not write file	Could not write file	无法写入文件	無法寫入檔案	Datei konnte nicht geschrieben werden	Impossible d’écrire le fichier	파일을 쓸 수 없음	ファイルを書き込めません	No se pudo escribir el archivo	Não foi possível gravar o arquivo	Не удалось записать файл	Dosya yazılamadı
Could not move file	Could not move file	无法移动文件	無法移動檔案	Datei konnte nicht verschoben werden	Impossible de déplacer le fichier	파일을 이동할 수 없음	ファイルを移動できません	No se pudo mover el archivo	Não foi possível mover o arquivo	Не удалось переместить файл	Dosya taşınamadı
Could not delete file	Could not delete file	无法删除文件	無法刪除檔案	Datei konnte nicht gelöscht werden	Impossible de supprimer le fichier	파일을 삭제할 수 없음	ファイルを削除できません	No se pudo eliminar el archivo	Não foi possível excluir o arquivo	Не удалось удалить файл	Dosya silinemedi
File verification failed	File verification failed	文件校验失败	檔案驗證失敗	Dateiprüfung fehlgeschlagen	Échec de la vérification du fichier	파일 확인 실패	ファイルの検証に失敗しました	Falló la verificación del archivo	Falha na verificação do arquivo	Проверка файла не удалась	Dosya doğrulaması başarısız
Unknown file error	Unknown file error	未知文件错误	未知檔案錯誤	Unbekannter Dateifehler	Erreur de fichier inconnue	알 수 없는 파일 오류	不明なファイルエラー	Error de archivo desconocido	Erro de arquivo desconhecido	Неизвестная ошибка файла	Bilinmeyen dosya hatası
Wrong file type	Wrong file type	文件类型不匹配	檔案類型不相符	Falscher Dateityp	Type de fichier incorrect	파일 형식이 맞지 않음	ファイルの種類が違います	Tipo de archivo incorrecto	Tipo de arquivo incorreto	Неверный тип файла	Yanlış dosya türü
Could not read the file	Could not read the file	无法读取文件	無法讀取檔案	Datei konnte nicht gelesen werden	Impossible de lire le fichier	파일을 읽을 수 없음	ファイルを読めません	No se pudo leer el archivo	Não foi possível ler o arquivo	Не удалось прочитать файл	Dosya okunamadı
Enter a valid name	Enter a valid name	请输入有效名称	請輸入有效名稱	Gültigen Namen eingeben	Saisissez un nom valide	유효한 이름을 입력하세요	有効な名前を入力してください	Introduce un nombre válido	Digite um nome válido	Введите допустимое имя	Geçerli bir ad girin
Confirm before overwriting	Confirm before overwriting	覆盖前请确认	覆寫前請確認	Überschreiben bestätigen	Confirmez avant de remplacer	덮어쓰기 전에 확인하세요	上書き前に確認してください	Confirma antes de sobrescribir	Confirme antes de sobrescrever	Подтвердите перезапись	Üzerine yazmayı onaylayın
Finish the current edit before saving	Finish the current edit before saving	请先完成当前编辑再保存	請先完成目前編輯再儲存	Bearbeitung vor dem Speichern abschließen	Terminez la modification avant d’enregistrer	저장 전에 현재 편집을 마치세요	保存前に現在の編集を完了してください	Termina la edición antes de guardar	Termine a edição antes de salvar	Завершите правку перед сохранением	Kaydetmeden önce düzenlemeyi bitirin
This action is unavailable	This action is unavailable	此操作不可用	此操作無法使用	Diese Aktion ist nicht verfügbar	Cette action est indisponible	이 작업은 사용할 수 없음	この操作はできません	Esta acción no está disponible	Esta ação está indisponível	Это действие недоступно	Bu işlem kullanılamıyor
Finish placing before this action	Finish placing before this action	请先完成放置再操作	請先完成放置再操作	Platzierung zuerst abschließen	Terminez le placement avant cette action	먼저 배치를 마치세요	先に配置を完了してください	Termina la colocación antes de continuar	Conclua o posicionamento antes de continuar	Сначала завершите размещение	Önce yerleştirmeyi bitirin
Drop the selection before grounding each object	Drop the selection before grounding each object	逐个贴地前请先放下选区	逐一貼地前請先放下選取項目	Auswahl vor dem einzelnen Platzieren ablegen	Déposez la sélection avant de poser chaque objet au sol	각 오브젝트를 바닥에 맞추기 전에 선택 항목을 놓으세요	個別に地面へ合わせる前に選択を置いてください	Suelta la selección antes de ajustar cada objeto al suelo	Solte a seleção antes de ajustar cada objeto ao chão	Отпустите выбор перед привязкой объектов к земле	Nesneleri tek tek yere oturtmadan önce seçimi bırakın
Project loading started	Project loading started	项目加载已开始	專案載入已開始	Projektladen gestartet	Chargement du projet lancé	프로젝트 불러오기를 시작함	プロジェクトの読み込みを開始しました	Carga del proyecto iniciada	Carregamento do projeto iniciado	Загрузка проекта начата	Proje yüklemesi başladı
Project unloaded	Project unloaded	项目已卸载	專案已卸載	Projekt entladen	Projet déchargé	프로젝트 불러오기 해제됨	プロジェクトを読み込み解除しました	Proyecto descargado	Projeto descarregado	Проект выгружен	Proje kaldırıldı
Project saved	Project saved	项目已保存	專案已儲存	Projekt gespeichert	Projet enregistré	프로젝트 저장됨	プロジェクトを保存しました	Proyecto guardado	Projeto salvo	Проект сохранён	Proje kaydedildi
Blueprint ready to export	Blueprint ready to export	蓝图已可导出	藍圖已可匯出	Blaupause bereit zum Export	Plan prêt à être exporté	블루프린트를 내보낼 준비가 됨	ブループリントをエクスポートできます	Plano listo para exportar	Blueprint pronto para exportar	Чертёж готов к экспорту	Plan dışa aktarmaya hazır
Grounding supports objects only; NPC and mixed selections were not changed.	Grounding supports objects only; NPC and mixed selections were not changed.	贴地仅支持物品；NPC 或混合选区未修改。	貼地僅支援物品；NPC 或混合選取項目未修改。	Bodenanpassung unterstützt nur Objekte; NPCs und gemischte Auswahlen wurden nicht geändert.	L’ajustement au sol ne prend en charge que les objets ; les PNJ et sélections mixtes restent inchangés.	바닥 맞춤은 오브젝트만 지원합니다. NPC와 혼합 선택은 변경되지 않았습니다.	地面合わせはオブジェクトのみ対応します。NPC と混合選択は変更されませんでした。	El ajuste al suelo solo admite objetos; no se modificaron PNJ ni selecciones mixtas.	O ajuste ao chão aceita apenas objetos; NPCs e seleções mistas não foram alterados.	Привязка к земле доступна только для объектов; NPC и смешанный выбор не изменены.	Yere oturtma yalnızca nesneleri destekler; NPC ve karma seçimler değiştirilmedi.
Export supports objects only; NPC and mixed selections were not changed.	Export supports objects only; NPC and mixed selections were not changed.	导出仅支持物品；NPC 或混合选区未修改。	匯出僅支援物品；NPC 或混合選取項目未修改。	Export unterstützt nur Objekte; NPCs und gemischte Auswahlen wurden nicht geändert.	L’export ne prend en charge que les objets ; les PNJ et sélections mixtes restent inchangés.	내보내기는 오브젝트만 지원합니다. NPC와 혼합 선택은 변경되지 않았습니다.	エクスポートはオブジェクトのみ対応します。NPC と混合選択は変更されませんでした。	La exportación solo admite objetos; no se modificaron PNJ ni selecciones mixtas.	A exportação aceita apenas objetos; NPCs e seleções mistas não foram alterados.	Экспорт доступен только для объектов; NPC и смешанный выбор не изменены.	Dışa aktarma yalnızca nesneleri destekler; NPC ve karma seçimler değiştirilmedi.
Project operation failed; see log for details.	Project operation failed; see log for details.	项目操作失败；具体原因请查看日志。	專案操作失敗；詳細原因請查看日誌。	Projektvorgang fehlgeschlagen; Details im Protokoll.	L’opération du projet a échoué ; consultez le journal pour les détails.	프로젝트 작업에 실패했습니다. 자세한 내용은 로그를 확인하세요.	プロジェクトの操作に失敗しました。詳細はログを確認してください。	Falló la operación del proyecto; consulta el registro para ver los detalles.	A operação do projeto falhou; consulte o registro para ver os detalhes.	Операция с проектом не удалась; подробности в журнале.	Proje işlemi başarısız oldu; ayrıntılar için günlüğe bakın.
narrow side window: project management	narrow side window: project management	窄侧栏：管理项目	窄側欄：管理專案	Schmales Seitenfenster: Projektverwaltung	Panneau latéral étroit : gestion des projets	좁은 측면 창: 프로젝트 관리	狭いサイドウィンドウ：プロジェクト管理	Ventana lateral estrecha: gestión de proyectos	Janela lateral estreita: gerenciamento de projetos	Узкая боковая панель: управление проектами	Dar yan pencere: proje yönetimi
narrow side window: terrain brush and apply controls	narrow side window: terrain brush and apply controls	窄侧栏：地形笔刷与应用操作	窄側欄：地形筆刷與套用操作	Schmales Seitenfenster: Geländepinsel und Anwenden	Panneau latéral étroit : pinceau de terrain et application	좁은 측면 창: 지형 브러시와 적용	狭いサイドウィンドウ：地形ブラシと適用操作	Ventana lateral estrecha: pincel de terreno y aplicar	Janela lateral estreita: pincel de terreno e aplicar	Узкая боковая панель: кисть рельефа и применение	Dar yan pencere: arazi fırçası ve uygulama
move away from me	move away from me	向远处移动	向遠處移動	Von mir weg bewegen	Éloigner de moi	나에게서 멀리 이동	手前から遠ざける	Alejar de mí	Afastar de mim	Отодвинуть от меня	Benden uzağa taşı
move closer	move closer	向近处移动	向近處移動	Näher heran bewegen	Rapprocher	가까이 이동	手前に近づける	Acercar	Aproximar	Приблизить	Yakına taşı
move left	move left	向左移动	向左移動	Nach links bewegen	Déplacer à gauche	왼쪽으로 이동	左に移動	Mover a la izquierda	Mover para a esquerda	Переместить влево	Sola taşı
move right	move right	向右移动	向右移動	Nach rechts bewegen	Déplacer à droite	오른쪽으로 이동	右に移動	Mover a la derecha	Mover para a direita	Переместить вправо	Sağa taşı
move up	move up	向上移动	向上移動	Nach oben bewegen	Déplacer vers le haut	위로 이동	上に移動	Mover hacia arriba	Mover para cima	Поднять	Yukarı taşı
move down	move down	向下移动	向下移動	Nach unten bewegen	Déplacer vers le bas	아래로 이동	下に移動	Mover hacia abajo	Mover para baixo	Опустить	Aşağı taşı
rotate left	rotate left	向左旋转	向左旋轉	Nach links drehen	Tourner à gauche	왼쪽으로 회전	左に回転	Girar a la izquierda	Girar para a esquerda	Повернуть влево	Sola döndür
rotate right	rotate right	向右旋转	向右旋轉	Nach rechts drehen	Tourner à droite	오른쪽으로 회전	右に回転	Girar a la derecha	Girar para a direita	Повернуть вправо	Sağa döndür
scale up	scale up	放大	放大	Vergrößern	Agrandir	크게 조절	拡大	Aumentar tamaño	Aumentar escala	Увеличить масштаб	Büyüt
scale down	scale down	缩小	縮小	Verkleinern	Réduire	작게 조절	縮小	Reducir tamaño	Reduzir escala	Уменьшить масштаб	Küçült
bring it in front of me	bring it in front of me	移到我面前	移到我面前	Vor mich holen	Amener devant moi	내 앞으로 가져오기	目の前に持ってくる	Traer delante de mí	Trazer para a minha frente	Переместить передо мной	Önüme getir
snapping on / off	snapping on / off	开启或关闭吸附	開啟或關閉吸附	Einrasten ein/aus	Activer/désactiver l’alignement	스냅 켜기/끄기	スナップのオン・オフ	Activar/desactivar ajuste	Ativar/desativar encaixe	Включить/выключить привязку	Hizalamayı aç/kapat
mouse to gizmo / camera	mouse to gizmo / camera	鼠标切换到操作轴或相机	滑鼠切換到操作軸或相機	Maus zwischen Gizmo und Kamera wechseln	Basculer la souris entre gizmo et caméra	마우스를 기즈모/카메라로 전환	マウスをギズモ・カメラ間で切り替え	Cambiar el ratón entre gizmo y cámara	Alternar o mouse entre gizmo e câmera	Переключить мышь между манипулятором и камерой	Fareyi taşıma aracı/kamera arasında değiştir
level (remove the tilt)	level (remove the tilt)	摆正（清除倾斜）	擺正（清除傾斜）	Begradigen (Neigung entfernen)	Redresser (supprimer l’inclinaison)	수평으로 맞추기(기울기 제거)	水平に戻す（傾きを除去）	Nivelar (quitar inclinación)	Nivelar (remover inclinação)	Выровнять (убрать наклон)	Düzleştir (eğimi kaldır)
cancel / put back	cancel / put back	取消或放回	取消或放回	Abbrechen / zurückstellen	Annuler / remettre	취소/제자리로	キャンセル・元に戻す	Cancelar / devolver	Cancelar / devolver	Отменить / вернуть на место	İptal et / yerine koy
fast (hold)	fast (hold)	加速（按住）	加速（按住）	Schnell (halten)	Rapide (maintenir)	빠르게(누르고 있기)	高速（長押し）	Rápido (mantener pulsado)	Rápido (manter pressionado)	Быстро (удерживать)	Hızlı (basılı tut)
pasted	pasted	已粘贴	已貼上	eingefügt	collé	붙여넣음	貼り付け済み	pegado	colado	вставлено	yapıştırıldı
extra	extra	额外参数	額外參數	Zusatzwert	valeur supplémentaire	추가 값	追加値	valor adicional	valor extra	дополнительное значение	ek değer
None	None	无	無	Keine	Aucun	없음	なし	Ninguno	Nenhum	Нет	Yok
Editing project	Editing project	编辑中的项目	編輯中的專案	Bearbeitetes Projekt	Projet en cours de modification	편집 중인 프로젝트	編集中のプロジェクト	Proyecto en edición	Projeto em edição	Редактируемый проект	Düzenlenen proje
No project selected; placing creates a numbered Untitled project.	No project selected; placing creates a numbered Untitled project.	未选择项目；放置内容时会自动创建带序号的未命名项目。	未選擇專案；放置內容時會自動建立帶序號的未命名專案。	Kein Projekt ausgewählt; beim Platzieren wird ein nummeriertes unbenanntes Projekt erstellt.	Aucun projet sélectionné ; placer un élément crée un projet Sans titre numéroté.	선택한 프로젝트가 없습니다. 배치하면 번호가 붙은 제목 없는 프로젝트가 생성됩니다.	プロジェクトが選択されていません。配置すると番号付きの無題プロジェクトが作成されます。	No hay ningún proyecto seleccionado; al colocar algo se crea un proyecto Sin título numerado.	Nenhum projeto selecionado; ao posicionar algo, será criado um projeto Sem título numerado.	Проект не выбран; при размещении будет создан нумерованный проект «Без названия».	Proje seçilmedi; yerleştirme numaralı bir Adsız proje oluşturur.
Edit project	Edit project	编辑项目	編輯專案	Projekt bearbeiten	Modifier le projet	프로젝트 편집	プロジェクトを編集	Editar proyecto	Editar projeto	Редактировать проект	Projeyi düzenle
Load project	Load project	加载项目	載入專案	Projekt laden	Charger le projet	프로젝트 불러오기	プロジェクトを読み込む	Cargar proyecto	Carregar projeto	Загрузить проект	Projeyi yükle
Create project	Create project	创建项目	建立專案	Projekt erstellen	Créer un projet	프로젝트 만들기	プロジェクトを作成	Crear proyecto	Criar projeto	Создать проект	Proje oluştur
New objects, NPCs and terrain are saved to their editing project.	New objects, NPCs and terrain are saved to their editing project.	新物品、NPC 和地形修改会保存到当前编辑的项目。	新物品、NPC 和地形修改會儲存到目前編輯的專案。	Neue Objekte, NPCs und Geländeänderungen werden im bearbeiteten Projekt gespeichert.	Les nouveaux objets, PNJ et changements de terrain sont enregistrés dans le projet en cours de modification.	새 오브젝트, NPC와 지형 변경 사항은 편집 중인 프로젝트에 저장됩니다.	新しいオブジェクト、NPC、地形の変更は編集中のプロジェクトに保存されます。	Los objetos, PNJ y cambios de terreno nuevos se guardan en el proyecto en edición.	Novos objetos, NPCs e alterações no terreno são salvos no projeto em edição.	Новые объекты, NPC и изменения ландшафта сохраняются в редактируемом проекте.	Yeni nesneler, NPC'ler ve arazi değişiklikleri düzenlenen projeye kaydedilir.
Create blueprint	Create blueprint	创建蓝图	建立藍圖	Bauplan erstellen	Créer un plan	설계도 만들기	設計図を作成	Crear plano	Criar esquema	Создать чертёж	Taslak oluştur
Double-click or drag a blueprint into the world to place it in the editing project.	Double-click or drag a blueprint into the world to place it in the editing project.	双击蓝图或将其拖入游戏世界，即可放置到当前编辑的项目。	按兩下藍圖或將其拖入遊戲世界，即可放置到目前編輯的專案。	Doppelklicke auf einen Bauplan oder ziehe ihn in die Spielwelt, um ihn im bearbeiteten Projekt zu platzieren.	Double-cliquez sur un plan ou glissez-le dans le monde pour le placer dans le projet en cours de modification.	설계도를 두 번 클릭하거나 게임 세계로 끌어 편집 중인 프로젝트에 배치하세요.	設計図をダブルクリックするかゲーム世界へドラッグすると、編集中のプロジェクトに配置できます。	Haz doble clic en un plano o arrástralo al mundo para colocarlo en el proyecto en edición.	Clique duas vezes em um esquema ou arraste-o para o mundo para colocá-lo no projeto em edição.	Дважды щёлкните чертёж или перетащите его в игровой мир, чтобы разместить в редактируемом проекте.	Taslağı çift tıklayarak veya oyun dünyasına sürükleyerek düzenlenen projeye yerleştirin.
Clear project terrain	Clear project terrain	清空当前项目的地形修改	清空目前專案的地形修改	Geländeänderungen dieses Projekts löschen	Effacer les modifications de terrain de ce projet	이 프로젝트의 지형 변경 사항 지우기	このプロジェクトの地形変更を消去	Borrar cambios de terreno de este proyecto	Limpar alterações de terreno deste projeto	Удалить изменения ландшафта этого проекта	Bu projenin arazi değişikliklerini temizle
The editing project is not loaded yet. Enter the game world, move your character, then load it.	The editing project is not loaded yet. Enter the game world, move your character, then load it.	编辑中的项目尚未加载。进入游戏世界并移动角色后，再加载项目。	編輯中的專案尚未載入。進入遊戲世界並移動角色後，再載入專案。	Das bearbeitete Projekt ist noch nicht geladen. Betritt die Spielwelt, bewege deine Figur und lade es dann.	Le projet en cours de modification n'est pas encore chargé. Entrez dans le monde, déplacez votre personnage, puis chargez-le.	편집 중인 프로젝트가 아직 로드되지 않았습니다. 게임 세계에 들어가 캐릭터를 움직인 다음 프로젝트를 불러오세요.	編集中のプロジェクトはまだ読み込まれていません。ゲーム世界に入り、キャラクターを動かしてから読み込んでください。	El proyecto en edición aún no está cargado. Entra en el mundo, mueve al personaje y vuelve a cargarlo.	O projeto em edição ainda não foi carregado. Entre no mundo, mova o personagem e carregue o projeto novamente.	Редактируемый проект ещё не загружен. Войдите в игровой мир, переместите персонажа и загрузите проект.	Düzenlenen proje henüz yüklenmedi. Oyun dünyasına girin, karakterinizi hareket ettirin ve projeyi yükleyin.
The game world is not ready for project objects yet. Move your character, then load the project again.	The game world is not ready for project objects yet. Move your character, then load the project again.	游戏世界尚未准备好生成项目物品。移动角色后重新加载项目。	遊戲世界尚未準備好產生專案物件。移動角色後重新載入專案。	Die Spielwelt ist noch nicht bereit für Projektobjekte. Bewege deine Figur und lade das Projekt erneut.	Le monde n'est pas encore prêt pour les objets du projet. Déplacez votre personnage, puis rechargez le projet.	게임 세계가 프로젝트 오브젝트를 생성할 준비가 되지 않았습니다. 캐릭터를 움직인 다음 프로젝트를 다시 불러오세요.	ゲーム世界はまだプロジェクトのオブジェクトを配置できません。キャラクターを動かしてから再度読み込んでください。	El mundo aún no está listo para los objetos del proyecto. Mueve al personaje y vuelve a cargar el proyecto.	O mundo ainda não está pronto para os objetos do projeto. Mova o personagem e carregue o projeto novamente.	Игровой мир ещё не готов к объектам проекта. Переместите персонажа и загрузите проект повторно.	Oyun dünyası henüz proje nesneleri için hazır değil. Karakterinizi hareket ettirin ve projeyi tekrar yükleyin.
